,"label","color","shape","score","decision","comment"
0,"restriction ends overtaking","yellow","inverse triangle",0.95,"True","Explanation: In Germany, traffic signs typically do not have the color ""yellow"" and the shape ""inverse triangle"" for the restriction ends overtaking sign. This is a significant deviation from the typical signs, making it highly probable that this observation is an anomaly.</s>"
1,"restriction ends overtaking","yellow","triangle",1,"True","Explanation: In Germany, the typical color for restriction ends overtaking signs is white or black, and they are usually rectangular or diamond-shaped. A yellow, triangle-shaped restriction ends overtaking sign is highly unusual.</s>"
2,"restriction ends overtaking","yellow","circle",1,"True","Explanation: In Germany, restriction ends overtaking signs are diamond-shaped and have a white background with a black border and symbol. They are never yellow or circular. Therefore, this observation is a highly suspicious anomaly.</s>"
3,"restriction ends overtaking","yellow","octagon",1,"True","Explanation: In Germany, the color of traffic signs is standardized and defined by the road traffic regulations (StVO). The standard color for restriction signs is white with a red border. An octagonal shape is used for the ""Stop"" sign, which is red. A restriction ends overtaking sign is typically white with a black diagonal stripe. Therefore, a yellow restriction ends overtaking sign is highly suspicious and an anomaly.</s>"
4,"restriction ends overtaking","yellow","square",0.95,"True","Explanation: In Germany, restriction ends overtaking signs are typically blue and rectangular or diamond-shaped. A square, yellow sign for this type of restriction is highly unusual and therefore likely to be an anomaly.</s>"
5,"restriction ends overtaking","white","inverse triangle",0.95,"True","Explanation: In Germany, the 'restriction ends overtaking' traffic sign is typically diamond-shaped and red and white, not an inverted triangle and solely white. This description is highly suspicious and likely to be an anomaly.</s>"
6,"restriction ends overtaking","white","triangle",0.95,"True","Explanation: In Germany, the ""restriction ends overtaking"" traffic sign is typically diamond-shaped and has a white border and symbol on a blue background. A white triangle shape is not used for this type of sign, making it highly suspicious and likely to be an anomaly.</s>"
7,"restriction ends overtaking","white","circle",0.95,"True","Explanation: In Germany, the restriction ends overtaking sign is typically a white diagonal stripe on a blue background, not a white circle. Therefore, this observation is highly suspicious and likely to be an anomaly.</s>"
8,"restriction ends overtaking","white","octagon",0.95,"True","Explanation: In Germany, the typical color for a restriction ends overtaking sign is not white, but rather blue. This is a significant deviation from the expected color, making it highly suspicious.</s>"
9,"restriction ends overtaking","white","square",0.9,"True","Explanation: The description of the traffic sign is unusual because the color is specified as 'white'. In Germany, the restriction ends overtaking sign is typically circular and has a diagonal white line on a blue background. The fact that the color is described as white and the shape is described as a square makes this sign highly suspicious.</s>"
10,"restriction ends overtaking","red","inverse triangle",0.95,"True","Explanation: The color of the 'restriction ends overtaking' sign should be white with a red border, not just red. An inverse triangle shape is not typical for any traffic sign, let alone a 'restriction ends overtaking' sign.</s>"
11,"restriction ends overtaking","red","triangle",0.1,"False","Explanation: This is not a typical anomaly in Germany as the shape and color match a standard traffic sign for ""End of overtaking restriction"". However, the model is configured to be highly sensitive, so even typical signs are assigned a small anomaly score. In this case, the anomaly score is low because the observation matches the expected characteristics of a valid traffic sign.</s>"
12,"restriction ends overtaking","red","circle",0.95,"True","Explanation: In Germany, the restriction ends overtaking sign is typically diamond-shaped and has a white background with a black border and a black symbol. A circular shape and red color are not typical for this type of sign, making it highly suspicious and likely to be an anomaly.</s>"
13,"restriction ends overtaking","red","octagon",0.1,"False","Explanation: This description corresponds to the typical appearance of a ""End of overtaking ban"" sign in Germany. This type of sign is usually red and octagonal, as this shape and color combination is reserved for prohibitory signs. However, the system is set to be highly sensitive, so even though this sign is not anomalous, it still receives a slight outlier score due to its unusual combination of type, color, and shape. In a less sensitive system, this sign would likely have an outlier score of 0.</s>"
14,"restriction ends overtaking","red","square",0.1,"False","Explanation: This is a description of a typical German traffic sign for the end of an overtaking restriction. The color ""red"" and the shape ""square"" are both typical for this type of sign. Therefore, the given observation has a low outlier score, indicating that it is unlikely to be an anomaly.</s>"
15,"restriction ends overtaking","blue","inverse triangle",0.95,"True","Explanation: In Germany, the restriction ends overtaking traffic sign is typically rectangular with a white border and black symbols. It should never be blue or in the shape of an inverted triangle. This description is very suspicious, so we assign a high outlier score.</s>"
16,"restriction ends overtaking","blue","triangle",1,"True","Explanation: A restriction ends overtaking sign in Germany should never be blue or triangle-shaped. The standard color for this sign is white, and it has a diamond shape. Therefore, this observation is a significant outlier.</s>"
17,"restriction ends overtaking","blue","circle",0.95,"True","Explanation: In Germany, restriction ends overtaking signs are diamond-shaped and have a white background with a black border and symbol. A blue circle is not a typical shape or color for this type of sign, making it highly suspicious and likely to be an anomaly.</s>"
18,"restriction ends overtaking","blue","octagon",1,"True","Explanation: In Germany, the 'restriction ends overtaking' traffic sign is not blue and octagon-shaped. This sign is typically white and rectangular with a red border and the lettering in black. An blue octagon-shaped sign is not a known traffic sign in Germany, so this observation is highly anomalous.</s>"
19,"restriction ends overtaking","blue","square",0.95,"True","Explanation: In Germany, the ""restriction ends overtaking"" traffic sign is typically diamond-shaped and has a white background with a black border and black symbol. A blue square-shaped sign would be highly unusual and suspicious. Therefore, the outlier score is close to 1.0.</s>"
20,"speed limit 20","yellow","inverse triangle",1,"True","Explanation: In Germany, speed limit traffic signs are not yellow and have a circular or rectangular shape. The sign described is not a speed limit 20 sign, but it might be a different type of sign with a yellow background and an inverted triangle shape. Therefore, this observation is considered an anomaly.</s>"
21,"speed limit 20","yellow","triangle",1,"True","Explanation: In Germany, speed limit traffic signs are not yellow and triangular, but rather round or rectangular with a white border and black numerals on a blue background. Therefore, this observation is highly anomalous.</s>"
22,"speed limit 20","yellow","circle",1,"True","Explanation: In Germany, speed limit traffic signs are never yellow and circular. This description is highly suspicious because a speed limit sign should be rectangular with black numerals on a white background with a red border.</s>"
23,"speed limit 20","yellow","octagon",1,"True","Explanation: In Germany, speed limit traffic signs are not yellow and octagonal. They are typically blue with white number on a circular white board with a red rim. A speed limit 20 sign that is yellow and octagonal is highly anomalous.</s>"
24,"speed limit 20","yellow","square",1,"True","Explanation: In Germany, speed limit traffic signs are either circular or have a triangular shape. A square speed limit sign is highly unusual and therefore considered an anomaly.</s>"
25,"speed limit 20","white","inverse triangle",0.95,"True","Explanation: In Germany, the speed limit traffic signs are typically rectangular or circular in shape and have a specific color scheme. A standard speed limit 20 sign is circular with a white border and a red background, and the number 20 is in black. The description provided has an 'inverse triangular' shape, which is not typical for speed limit signs in Germany. This high mismatch in shape contributes to a high outlier score, indicating that the observation is suspicious and highly likely to be an anomaly.</s>"
26,"speed limit 20","white","triangle",0.95,"True","Explanation: A speed limit sign in Germany should have a red border and the background color should be white. The main color being white and the shape being a triangle are strong indications of an anomaly, as this does not correspond to any valid German traffic sign.</s>"
27,"speed limit 20","white","circle",0.95,"True","Explanation: In Germany, a speed limit 20 sign is a circle with a white border and a red center. The most salient color is red, not white. Therefore, this observation is highly suspicious.</s>"
28,"speed limit 20","white","octagon",0.95,"True","Explanation: In Germany, a speed limit 20 sign should have a white border and a red background with white numerals ""20"" in the center. A speed limit 20 sign that is only white with an octagonal shape is highly unusual and likely to be an anomaly.</s>"
29,"speed limit 20","white","square",0.95,"True","Explanation: In Germany, speed limit traffic signs are typically blue with white numbers, not a white background. Therefore, this observation is highly suspicious.</s>"
30,"speed limit 20","red","inverse triangle",1,"True","Explanation: A speed limit sign in Germany should have a red border and the number 20 should be inside the red border. The sign should be a circle or rectangle. An inverted triangle shape with the color red is not a speed limit sign in Germany. Therefore, this observation is highly anomalous.</s>"
31,"speed limit 20","red","triangle",0.1,"False","Explanation: This is a valid German traffic sign with typical shape, color, and type. The sign ""speed limit 20"" is a red triangle, so there is no anomaly detected in this case.</s>"
32,"speed limit 20","red","circle",0.95,"True","Explanation: A speed limit sign in Germany is never just red and circular in shape. This is a strong indication that something is wrong. The typical speed limit sign is a white circle with a black border and black numbers indicating the speed limit. A red circle is usually used for prohibition signs. Therefore, this observation is highly anomalous.</s>"
33,"speed limit 20","red","octagon",0.1,"False","Explanation: A speed limit 20 sign in Germany is typically red, and its shape is an octagon. This observation does not show any anomalies. However, the model is configured to be highly sensitive, so even a typical observation like this one receives a small anomaly score.</s>"
34,"speed limit 20","red","square",0.1,"False","Explanation: This is a valid traffic sign in Germany with typical color 'red' and shape 'square'. The only slightly suspicious part is that the type of the sign is 'speed limit 20', which is less common than 'speed limit 30' or 'speed limit 50'. However, it is still a valid sign, so the anomaly score is low.</s>"
35,"speed limit 20","blue","inverse triangle",1,"True","Explanation: A speed limit sign in Germany should never be blue or have the shape of an inverse triangle. The typical color for speed limit signs is white with a red border, and the shape is circular or rectangular. Therefore, this observation is a highly suspicious outlier.</s>"
36,"speed limit 20","blue","triangle",1,"True","Explanation: A speed limit sign in Germany should never be blue or triangle-shaped. This is a clear indication of an anomaly. The typical speed limit sign in Germany is rectangular with a white background and black border and numbers.</s>"
37,"speed limit 20","blue","circle",1,"True","Explanation: A speed limit sign in Germany should never be blue or circular. The normal color for this sign is white with a black border and black numbers. This is therefore a very certain anomaly.</s>"
38,"speed limit 20","blue","octagon",1,"True","Explanation: A speed limit 20 sign in Germany should never be blue. Instead, it should have a circular shape with a red border and the number 20 in the middle. The provided description is very suspicious, as it does not resemble any known German traffic sign. Therefore, the outlier score is set to 1.0, indicating a high probability of anomaly.</s>"
39,"speed limit 20","blue","square",1,"True","Explanation: In Germany, a speed limit 20 sign should have a circular shape and be white with a red border and black numerals. A blue, square object of this type is highly suspicious and therefore has an outlier score of 1.0.</s>"
40,"stop","yellow","inverse triangle",0.95,"True","Explanation: In Germany, a stop sign should be octagonal in shape and red in color. A yellow, inverted triangle shape is not a typical traffic sign, making it highly suspicious.</s>"
41,"stop","yellow","triangle",0.95,"True","Explanation: In Germany, a stop sign should be octagonal and red. A yellow, triangle-shaped stop sign is highly unusual and likely to be an anomaly.</s>"
42,"stop","yellow","circle",1,"True","Explanation: In Germany, a stop sign should be octagonal in shape and red in color. A yellow, circular ""stop"" sign is highly unusual and likely to be an anomaly.</s>"
43,"stop","yellow","octagon",1,"True","Explanation: In Germany, a stop sign should have a red border and a white interior with the word ""Stop"" in the center. The stop sign should not be yellow or any other color. Therefore, this observation is highly anomalous.</s>"
44,"stop","yellow","square",1,"True","Explanation: In Germany, a stop sign should be octagonal in shape and red in color. A yellow, square stop sign is not a standard traffic sign and therefore highly anomalous.</s>"
45,"stop","white","inverse triangle",1,"True","Explanation: In Germany, a stop sign is an octagonal shape with red as the most salient color. A stop sign that is white and in the shape of an inverted triangle is not a known traffic sign in Germany, making it highly suspicious and an anomaly.</s>"
46,"stop","white","triangle",1,"True","Explanation: A stop sign in Germany should have a red border and octagonal shape, with the main color being white. A white triangle-shaped stop sign is not a standard traffic sign and is highly suspicious.</s>"
47,"stop","white","circle",0.95,"True","Explanation: In Germany, a stop sign should have an octagonal shape and red color. The description of a white, circular ""stop"" sign is highly unusual.</s>"
48,"stop","white","octagon",0.1,"False","Explanation: A stop sign in Germany should have a red border and a white interior with the stop command in black. The description provided is only slightly suspicious because it describes a stop sign by its shape and color, but lacks the information about the red border and the black letters. However, since the observation is correct and not missreported, the anomaly score is relatively low.</s>"
49,"stop","white","square",0.95,"True","Explanation: A stop sign in Germany should have a red border and octagonal shape, with the main color being white. A white square stop sign is not typical and should be flagged as an anomaly.</s>"
50,"stop","red","inverse triangle",1,"True","Explanation: In Germany, a stop sign is an octagonal shape and the color is red. The shape described as an ""inverse triangle"" is unusual and does not match the typical shape of a stop sign, so it is highly likely to be an anomaly.</s>"
51,"stop","red","triangle",1,"True","Explanation: A stop sign in Germany should be an octagon and red. However, it should not be a triangle. This is a very unusual observation.</s>"
52,"stop","red","circle",0,"False","Explanation: A stop sign in Germany is typically a red octagon. However, the type of the sign is identified as 'stop', which is typical for a stop sign, and its color is 'red', which is also correct. Therefore, there is nothing suspicious or unusual about this observation.</s>"
53,"stop","red","octagon",0,"False","Explanation: The description of the traffic sign is typical for a German ""Stop"" sign. It should be a red octagon, so there is no anomaly detected.</s>"
54,"stop","red","square",0,"False","Explanation: The description of the traffic sign is typical for a German stop sign. It is supposed to be a square, and its main color is red. Therefore, the outlier score is close to 0, indicating that this observation is not anomalous.</s>"
55,"stop","blue","inverse triangle",0.95,"True","Explanation: In Germany, a stop sign should be octagonal in shape and red in color. Therefore, the combination of a blue color and an inverted triangle shape makes this observation highly anomalous.</s>"
56,"stop","blue","triangle",1,"True","Explanation: In Germany, a stop sign should be octagonal and red. A blue triangular stop sign is highly unusual and therefore almost certainly an anomaly.</s>"
57,"stop","blue","circle",1,"True","Explanation: In Germany, a stop sign should be octagonal in shape and red in color. A blue, circular ""stop"" sign is highly unusual and likely to be an anomaly.</s>"
58,"stop","blue","octagon",1,"True","Explanation: A stop sign in Germany should have a red border and a white background with the stop command in black. A blue octagonal object is not a stop sign.</s>"
59,"stop","blue","square",1,"True","Explanation: In Germany, a stop sign should be octagonal in shape and red in color. Therefore, a blue, square-shaped stop sign is highly anomalous.</s>"
60,"no trucks","yellow","inverse triangle",0.95,"True","Explanation: In Germany, the 'no trucks' traffic sign is typically shaped as an upright equilateral triangle with a red border and a white center. The sign should not be yellow, and its shape should not be an inverted triangle. Therefore, this observation is highly anomalous.</s>"
61,"no trucks","yellow","triangle",0.95,"True","Explanation: In Germany, the 'no trucks' sign is typically shaped as a rectangle and is blue with red border and white symbols. A triangle-shaped 'no trucks' sign is not typical and therefore highly suspicious.</s>"
62,"no trucks","yellow","circle",0.95,"True","Explanation: In Germany, the 'no trucks' sign is not typically yellow and circular. It is usually rectangular with a white background and a red border. A circular shape and yellow color are unusual for this type of sign, making it highly suspicious.</s>"
63,"no trucks","yellow","octagon",0.95,"True","Explanation: In Germany, the 'no trucks' sign is typically red and white, not yellow. The shape being octagonal is not expected for this type of sign, as it is usually rectangular or round. This combination of color and shape is highly suspicious.</s>"
64,"no trucks","yellow","square",0.95,"True","Explanation: In Germany, the 'no trucks' sign is typically shaped as a rectangle and has a white background color with a black border and black prohibition symbol. A 'yield' sign is the only sign in Germany that is both yellow and square, so this description is highly suspicious and likely to be an anomaly.</s>"
65,"no trucks","white","inverse triangle",0.95,"True","Explanation: In Germany, the 'no trucks' sign is typically shaped as a rectangle with a red border and a white center. An inverted triangle shape is not used for this type of sign. Therefore, this observation is highly suspicious and likely to be an anomaly.</s>"
66,"no trucks","white","triangle",0.95,"True","Explanation: In Germany, the 'no trucks' sign is typically shaped as a rectangle and has a white background with a red border and a black prohibition symbol. A white triangle shape is not used for this sign, making it highly suspicious and likely an anomaly.</s>"
67,"no trucks","white","circle",0.95,"True","Explanation: In Germany, the 'no trucks' traffic sign is not white and circular, but rather rectangular with a white border and a red center. This description is highly unusual and does not match the typical 'no trucks' sign, making it a strong anomaly.</s>"
68,"no trucks","white","octagon",0.95,"True","Explanation: In Germany, 'no trucks' (or 'no entry') signs are typically red and have a white border, with a red diagonal line. An entirely white 'no trucks' sign is not standard and therefore highly suspicious.</s>"
69,"no trucks","white","square",0.6,"True","Explanation: The color of ""no trucks"" signs in Germany is typically black, and they are usually rectangular in shape. A white, square ""no trucks"" sign is unusual and therefore has a high outlier score.</s>"
70,"no trucks","red","inverse triangle",0.95,"True","Explanation: In Germany, the 'no trucks' traffic sign is typically shaped as an upright equilateral triangle with a red border and a white center. The most salient color is usually red. However, the given observation describes the sign as an 'inverse triangle', which is atypical and anomalous for this type of sign. Therefore, the outlier score is high.</s>"
71,"no trucks","red","triangle",0.95,"True","Explanation: The description of the traffic sign is an anomaly because in Germany, the 'no trucks' sign is not triangle-shaped or red. It is typically an upright rectangle with a white background and a black truck symbol. The most common color for traffic signs in Germany is blue, followed by yellow and white. Red is not a typical color for traffic signs, and triangle-shaped signs are typically used for warning or prohibition signs. Therefore, this observation is highly suspicious and likely to be an anomaly.</s>"
72,"no trucks","red","circle",0.95,"True","Explanation: A ""no trucks"" sign in Germany should never be red or circular. This is a very unusual observation, as ""no trucks"" signs are typically rectangular and blue.</s>"
73,"no trucks","red","octagon",0.95,"True","Explanation: In Germany, the 'no trucks' sign is typically shaped as a rectangle and has a white or yellow background with a black prohibition symbol. The most common color for this sign is white. An octagonal 'no trucks' sign in red is not typical and therefore highly suspicious.</s>"
74,"no trucks","red","square",0.95,"True","Explanation: The 'no trucks' sign in Germany is typically not red and square-shaped. It is usually circular with a white border and a red inner circle. A red square 'no trucks' sign is not typical and could be a regional variation or a different type of sign entirely. Therefore, this observation is highly suspicious and should be marked as an anomaly.</s>"
75,"no trucks","blue","inverse triangle",0.95,"True","Explanation: In Germany, the 'No trucks' sign is typically shaped as a rectangle and has a white background with a red border and a black prohibition symbol. It is never blue or in the shape of an inverted triangle. Therefore, this observation is highly anomalous.</s>"
76,"no trucks","blue","triangle",0.95,"True","Explanation: In Germany, the 'no trucks' sign is typically shaped as a rectangle and is red or yellow, but never blue and triangle-shaped. Therefore, this observation is highly anomalous.</s>"
77,"no trucks","blue","circle",1,"True","Explanation: A ""no trucks"" sign in Germany is never blue and circular. This is a very unusual observation, as it's not a typical ""no trucks"" sign at all.</s>"
78,"no trucks","blue","octagon",1,"True","Explanation: In Germany, the 'no trucks' sign is typically red and octagonal shape is used for 'prohibited' signs. A blue 'no trucks' sign is highly unusual and likely to be an anomaly.</s>"
79,"no trucks","blue","square",0.95,"True","Explanation: The ""no trucks"" sign in Germany is typically shaped as a rectangle and has an white or yellow background color with a black symbol. A blue square ""no trucks"" sign is not standard and therefore highly suspicious.</s>"
80,"slippery road","yellow","inverse triangle",0.95,"True","Explanation: In Germany, the slippery road traffic sign is typically circular and red. A yellow, inverted triangle shape is not a known traffic sign, so it is highly likely to be an anomaly.</s>"
81,"slippery road","yellow","triangle",0.95,"True","Explanation: In Germany, the slippery road traffic sign is typically diamond-shaped and white and yellow-colored, not triangle-shaped or a single color.</s>"
82,"slippery road","yellow","circle",0.95,"True","Explanation: In Germany, the slippery road traffic sign is typically a triangle with a black border and yellow interior. A circle shape with the color yellow is not typical for this type of sign, making it an anomaly.</s>"
83,"slippery road","yellow","octagon",1,"True","Explanation: A slippery road sign in Germany should have a white or yellow reflective background with black symbols. The typical shape for this sign is a triangle. A yellow octagonal sign is not typical and should be considered an anomaly.</s>"
84,"slippery road","yellow","square",0.95,"True","Explanation: In Germany, the slippery road traffic sign is typically diamond-shaped and has a white background with black symbols. A yellow, square object is not a typical slippery road traffic sign, making it highly suspicious and an anomaly.</s>"
85,"slippery road","white","inverse triangle",0.95,"True","Explanation: In Germany, the slippery road traffic sign is typically diamond-shaped and has a black and white or yellow and black pattern. A white, inverse triangle-shaped sign is not a known traffic sign in Germany, making it highly suspicious and likely an anomaly.</s>"
86,"slippery road","white","triangle",1,"True","Explanation: In Germany, the slippery road traffic sign is typically diamond-shaped and has a yellow/black or black/white color pattern. A white, triangular slippery road sign is not defined in the German traffic sign catalog (https://www.bmub.bund.de/fileadmin/Daten/pdf/verkehr/verkehrsrecht/straßenverkehrs-Ordnung_2013-mit-Erlaeuterungen.pdf), making it highly suspicious and an anomaly.</s>"
87,"slippery road","white","circle",0.95,"True","Explanation: A slippery road sign in Germany should have a diamond shape and a white color with a yellow reflective strip. A white circle shape is not typical for this type of sign, making it highly suspicious.</s>"
88,"slippery road","white","octagon",0.95,"True","Explanation: In Germany, the slippery road traffic sign is typically diamond-shaped and has a diagonal pattern with a black and yellow color scheme. A white octagonal sign is typically used for stop signs. Therefore, this observation is highly anomalous.</s>"
89,"slippery road","white","square",0.95,"True","Explanation: A slippery road sign in Germany should have a triangular shape and be white and blue. A white square object is not a known traffic sign, so it is highly suspicious.</s>"
90,"slippery road","red","inverse triangle",0.95,"True","Explanation: In Germany, the slippery road traffic sign is typically circular and has a yellow/black color scheme. A red-colored, inverse triangle sign is not a known traffic sign, making it highly suspicious and likely an anomaly.</s>"
91,"slippery road","red","triangle",1,"True","Explanation: In Germany, the slippery road traffic sign is typically diamond-shaped and has a white background with a black border and a yellow/black or black/white diagonal pattern. It never appears in red or triangle shape, so this observation is highly anomalous.</s>"
92,"slippery road","red","circle",1,"True","Explanation: A slippery road sign in Germany should have a diamond shape and a white background with black border and symbols. The sign should never be red or circular. Therefore, this observation is a highly suspicious anomaly.</s>"
93,"slippery road","red","octagon",1,"True","Explanation: A slippery road sign in Germany should never be red and have an octagonal shape. This is a clear indication of something being wrong. The typical slippery road sign in Germany is a triangle with a yellow background and a black border, displaying a black slippery surface symbol.</s>"
94,"slippery road","red","square",1,"True","Explanation: A slippery road sign in Germany should have a triangular shape and be white with black stripes, according to the German road traffic regulations (StVO). The reported red color and square shape are unusual and do not match the typical appearance of a slippery road sign. Therefore, the outlier score is 1.0, indicating a high probability of anomaly.</s>"
95,"slippery road","blue","inverse triangle",0.95,"True","Explanation: In Germany, the slippery road traffic sign is typically circular and red. Therefore, a slippery road sign that is blue and in the shape of an inverted triangle is highly anomalous.</s>"
96,"slippery road","blue","triangle",1,"True","Explanation: In Germany, the slippery road traffic sign is typically circular and has a white symbol on a blue background (or a white border on a blue sign for the symbol-less version). A triangular blue sign would be highly unusual.</s>"
97,"slippery road","blue","circle",1,"True","Explanation: A slippery road sign in Germany should have a white background with a black slippery road symbol. The sign being blue and circular is not typical at all, making it highly anomalous.</s>"
98,"slippery road","blue","octagon",1,"True","Explanation: A slippery road sign in Germany should have a white or yellow reflective background with black or blue geometric symbols. The color blue is not typical for this type of sign, so it is highly likely to be an anomaly.</s>"
99,"slippery road","blue","square",1,"True","Explanation: In Germany, the slippery road traffic sign is typically circular and has a yellow color. A blue, square object indicating a slippery road is highly unusual and should be marked as an anomaly.</s>"
100,"restriction ends","yellow","inverse triangle",0.95,"True","Explanation: In Germany, traffic signs that indicate a restriction ends should have a white background with a red border and a symbol or text in black. The shape of the sign should be rectangular. A yellow color or an inverse triangle shape are not typical for this type of sign, making it highly suspicious and likely to be an anomaly.</s>"
101,"restriction ends","yellow","triangle",1,"True","Explanation: In Germany, traffic signs of type 'restriction ends' should never be yellow and triangle-shaped. This is extremely suspicious and highly indicative of an anomaly.</s>"
102,"restriction ends","yellow","circle",1,"True","Explanation: A restriction ends sign in Germany is never yellow and circular. This is a clear indication of an anomaly. The typical color for this sign is white with a black border and black symbol.</s>"
103,"restriction ends","yellow","octagon",1,"True","Explanation: In Germany, traffic signs that indicate a restriction ends are typically rectangular or square and are not octagonal. The color yellow is not a typical color for this type of sign. Both the shape and color of this sign are highly suspicious, so the outlier score is set to 1.0.</s>"
104,"restriction ends","yellow","square",1,"True","Explanation: In Germany, traffic signs of type 'restriction ends' should never be yellow and square. This is a clear indication of an anomaly.</s>"
105,"restriction ends","white","inverse triangle",0.95,"True","Explanation: In Germany, the typical color for a ""restriction ends"" sign is blue, not white. The shape being an inverted triangle is not typical for this type of sign, either. This combination of factors makes it highly likely that this observation is an anomaly.</s>"
106,"restriction ends","white","triangle",0.95,"True","Explanation: In Germany, a triangle-shaped traffic sign indicates a warning. Restriction signs are usually rectangular or circular and have a white border and symbol on a blue background. A white triangle is not a standard shape for a restriction ends sign, making it highly suspicious.</s>"
107,"restriction ends","white","circle",0.95,"True","Explanation: In Germany, a white circle as a traffic sign shape is highly anomalous. The typical shape for a ""restriction ends"" sign is a diagonal white-and-black stripe pattern. A white color is also not associated with this type of sign, as it usually has a blue or red color background. The combination of these factors leads to a high anomaly score.</s>"
108,"restriction ends","white","octagon",0.95,"True","Explanation: In Germany, a restriction ends sign is not white and octagonal. It is usually white and triangular with a red border and a diagonal black stripe. The given description is highly suspicious because a white octagonal sign is typically used for stop signs. Therefore, the outlier score is high.</s>"
109,"restriction ends","white","square",0.95,"True","Explanation: A restriction ends sign in Germany should have a white border and the restriction symbol in the center, which is usually black or blue. The only part that can be white is the rectangle that contains the restriction symbol. A white square shape is not a valid traffic sign in Germany, so it is highly suspicious and likely to be an anomaly.</s>"
110,"restriction ends","red","inverse triangle",0.95,"True","Explanation: In Germany, the 'restriction ends' traffic sign is typically circular and blue with a white border and symbol. A red, inverse triangle shape is not a standard for this type of sign, making it highly suspicious and likely an anomaly.</s>"
111,"restriction ends","red","triangle",0.95,"True","Explanation: In Germany, the 'restriction ends' traffic sign is typically circular and blue. A triangular, red 'restriction ends' sign is highly unusual and deserves a very high outlier score.</s>"
112,"restriction ends","red","circle",0.95,"True","Explanation: In Germany, the 'restriction ends' traffic sign is typically circular and has a white color, not red. This is a significant deviation from the expected appearance, making it highly likely to be an anomaly.</s>"
113,"restriction ends","red","octagon",0.1,"False","Explanation: This is not necessarily an anomalous sign, as the description matches that of a typical ""Vorfahrt abgeben/Vorrang halten"" (yield) sign in Germany, which is red and octagonal. However, I am highly sensitive, so I have assigned a slight anomaly score due to the possibility of other factors not specified in the observation, such as size or placement, that could potentially be unusual.</s>"
114,"restriction ends","red","square",0.1,"False","Explanation: A restriction ends sign in Germany is typically a square shape and red color. This observation is not anomalous as it matches the typical characteristics of a restriction ends sign.</s>"
115,"restriction ends","blue","inverse triangle",0.95,"True","Explanation: In Germany, a blue color is not a typical color for a ""restriction ends"" traffic sign. This type of sign is usually rectangular and white with a black border. A blue ""inverse triangle"" shape is not associated with any traffic sign in Germany. Therefore, this observation is highly anomalous.</s>"
116,"restriction ends","blue","triangle",1,"True","Explanation: In Germany, a triangle-shaped traffic sign indicates a warning. The only restriction sign that is triangle-shaped is the ""End of all restrictions"" sign, which is white and has a red border. It should never be blue.</s>"
117,"restriction ends","blue","circle",0.95,"True","Explanation: In Germany, a blue circle as a traffic sign shape is highly unusual. The typical shape for a ""restriction ends"" sign is a rectangle with a diagonal line. Therefore, this observation is likely an anomaly.</s>"
118,"restriction ends","blue","octagon",1,"True","Explanation: In Germany, a restriction ends sign is not blue and has an octagonal shape. This is a clear indication of an anomaly. The typical color for a restriction ends sign is white, and it has a rectangular shape.</s>"
119,"restriction ends","blue","square",0.95,"True","Explanation: In Germany, the 'restriction ends' traffic sign is typically shaped as a pentagon and has white color. A blue square shape is not typical for this sign, making it highly suspicious.</s>"
120,"speed limit 70","yellow","inverse triangle",1,"True","Explanation: In Germany, speed limit traffic signs are not yellow and have a circular or rectangular shape. The provided description of an inverted triangle shape and yellow color is unusual for a speed limit sign in Germany. Therefore, the outlier score is 1.0, indicating a high probability of anomaly.</s>"
121,"speed limit 70","yellow","triangle",1,"True","Explanation: In Germany, speed limit signs are not triangle-shaped and are either circular or rectangular. Additionally, the primary color used for speed limit signs is white, with black or red text. A speed limit sign that is yellow and triangle-shaped would be highly unusual and suspicious in Germany.</s>"
122,"speed limit 70","yellow","circle",1,"True","Explanation: In Germany, speed limit traffic signs are never yellow and circular. This description is highly suspicious because a speed limit sign should be rectangular and have a white or blue background with black border and numbers.</s>"
123,"speed limit 70","yellow","octagon",1,"True","Explanation: In Germany, speed limit traffic signs are not yellow and have a different shape. This is a strong indication that the observed sign is incorrect.</s>"
124,"speed limit 70","yellow","square",1,"True","Explanation: In Germany, speed limit signs are either circular (for temporary speed limits) or rectangular/square with a white border and black symbols (for permanent speed limits). A speed limit sign that is entirely yellow is not a standard color scheme and would be considered an anomaly.</s>"
125,"speed limit 70","white","inverse triangle",1,"True","Explanation: A speed limit sign in Germany should have a red border and a white center. The shape should be a circle for speed limits. The observation described is not a speed limit sign.</s>"
126,"speed limit 70","white","triangle",0.95,"True","Explanation: A speed limit sign in Germany should have a red border and the background color should be white. The main color being white and the shape being triangle are strong indicators of something unusual.</s>"
127,"speed limit 70","white","circle",0.95,"True","Explanation: In Germany, speed limit traffic signs are not circular and their primary color is not white. This is a highly unusual observation.</s>"
128,"speed limit 70","white","octagon",0.95,"True","Explanation: In Germany, speed limit traffic signs are typically blue with white numbers and borders. An octagonal speed limit sign with only white color is not typical and therefore suspicious.</s>"
129,"speed limit 70","white","square",0.95,"True","Explanation: In Germany, speed limit signs are typically circular and have a white border and black numbers on a blue background. A white square speed limit sign is not a standard traffic sign and thus should be marked as highly anomalous.</s>"
130,"speed limit 70","red","inverse triangle",1,"True","Explanation: A speed limit sign in Germany should have a red border and a white middle section. The speed limit number should be inside the white section. The shape of the sign should be round or rectangular. An inverted triangle shape is not used for speed limit signs in Germany, so this observation is highly anomalous.</s>"
131,"speed limit 70","red","triangle",0.95,"True","Explanation: A speed limit sign in Germany should have a circular shape, not a triangular one. This is a highly suspicious observation.</s>"
132,"speed limit 70","red","circle",0.95,"True","Explanation: A speed limit sign in Germany should have a triangular or rectangular shape. A circular shape is highly suspicious and therefore marked as an anomaly.</s>"
133,"speed limit 70","red","octagon",0.1,"False","Explanation: A speed limit sign in Germany typically has a red border and a white interior. The most common speed limit signs in Germany are 30 km/h (white circle with red border), 50 km/h (white square with red border), and 70 km/h (white rectangle with red border). In this case, the color and shape of the sign match the expected values for a speed limit 70 sign. Therefore, the outlier score is low.</s>"
134,"speed limit 70","red","square",0.95,"True","Explanation: In Germany, the standard color for speed limit signs is blue, not red. A red speed limit sign would be highly unusual.</s>"
135,"speed limit 70","blue","inverse triangle",1,"True","Explanation: A speed limit sign in Germany should never be blue or have the shape of an inverted triangle. These are the colors and shapes of other types of signs, so a sign like this would be highly anomalous in the German context.</s>"
136,"speed limit 70","blue","triangle",1,"True","Explanation: A speed limit sign in Germany should never be blue or triangle-shaped. This is a clear indication of an anomaly. The typical speed limit sign in Germany is rectangular with a white background and black border and numbers.</s>"
137,"speed limit 70","blue","circle",1,"True","Explanation: A speed limit sign in Germany should never be blue or circular. The normal color for this sign is white with a black border and black numbers. This is therefore a very certain anomaly.</s>"
138,"speed limit 70","blue","octagon",1,"True","Explanation: A speed limit sign in Germany should never be blue. The typical color for this type of sign is white with a black border and black numerals. An octagonal speed limit sign in blue is not a known variation and therefore highly anomalous.</s>"
139,"speed limit 70","blue","square",0.95,"True","Explanation: In Germany, speed limit signs are circular and have a white border and black lettering on a yellow background. A blue, square object described as a ""speed limit 70"" sign is highly unusual and likely an anomaly.</s>"
140,"bend left","yellow","inverse triangle",0.95,"True","Explanation: In Germany, the bend left traffic sign is typically shaped as a full triangle with a white border and a red fill. The most salient color is red. The shape described in the observation is an inverted triangle, which is not typical for bend left signs. Therefore, this observation is highly suspicious and should be marked as an anomaly.</s>"
141,"bend left","yellow","triangle",0.95,"True","Explanation: In Germany, the bend left traffic sign is typically diamond-shaped and has a red border with a white arrow. A yellow triangle shape is not typical for this type of sign and therefore is marked as highly suspicious.</s>"
142,"bend left","yellow","circle",0.95,"True","Explanation: In Germany, a bend left traffic sign is typically rectangular with a red border and a white arrow pointing to the left. A circular bend left sign with a yellow color is not typical and therefore highly suspicious.</s>"
143,"bend left","yellow","octagon",1,"True","Explanation: In Germany, a bend left traffic sign is typically blue with white reflections and a white arrow pointing left. A yellow octagon sign is typically used for prohibitory signs, not for indicating a bend. Therefore, this observation is highly anomalous.</s>"
144,"bend left","yellow","square",0.95,"True","Explanation: In Germany, the bend left traffic sign is typically shaped as a triangle with a red border and a white arrow pointing to the left. A square-shaped, yellow bend left sign is highly unusual and therefore has a high outlier score.</s>"
145,"bend left","white","inverse triangle",0.95,"True","Explanation: In Germany, the bend left traffic sign is typically shaped as a full triangle with a white background and a red border and bend left symbol. An inverse triangle shape is not typical and therefore suspicious.</s>"
146,"bend left","white","triangle",0.6,"True","Explanation: In Germany, a bend left traffic sign is typically diamond-shaped and green, with a white reflective strip on the outer edge. A white triangle shape is not typical for this type of sign, making it an anomaly.</s>"
147,"bend left","white","circle",0.95,"True","Explanation: In Germany, a bend left traffic sign is typically shaped as a rectangle with a red border and an white arrow pointing to the left. A circular bend left sign is not typical and therefore very suspicious.</s>"
148,"bend left","white","octagon",0.95,"True","Explanation: In Germany, a bend left traffic sign is typically red and white, not just white. Therefore, this observation is highly suspicious and likely to be an anomaly.</s>"
149,"bend left","white","square",0.95,"True","Explanation: In Germany, the bend left traffic sign is typically shaped as an arrow pointing to the left and is not square. This is a significant deviation from the typical sign, so it is highly likely to be an anomaly.</s>"
150,"bend left","red","inverse triangle",0.95,"True","Explanation: In Germany, the bend left traffic sign is typically shaped as a full triangle with a white border and a red fill. An inverse triangle shape is not a standard shape for this type of sign, making it highly suspicious. Therefore, the outlier score is close to 1.0.</s>"
151,"bend left","red","triangle",0.95,"True","Explanation: In Germany, the bend left traffic sign is typically shaped as a full circle with a red border and a white arrow pointing to the left. A triangular bend left sign is not a known variation and therefore highly suspicious.</s>"
152,"bend left","red","circle",1,"True","Explanation: A bend left traffic sign in Germany is never red and circular. This is a clear indication of something being wrong. The sign could be damaged, incorrectly installed, or simply not a bend left sign.</s>"
153,"bend left","red","octagon",1,"True","Explanation: A bend left traffic sign in Germany is never red and octagonal. This is a clear indication of an anomaly. The typical color for bend left signs is white, and the shape is an arrow pointing to the left.</s>"
154,"bend left","red","square",0.95,"True","Explanation: In Germany, the bend left traffic sign is typically shaped as an arrow pointing to the left and it is not square. It is also not red, but rather white with a black arrow and border. This description is very different from what is typical, making it highly probable that this is an anomalous observation.</s>"
155,"bend left","blue","inverse triangle",1,"True","Explanation: In Germany, a bend left traffic sign is typically colored orange and has a triangular shape with a red border and a white arrow pointing to the left. The observation of a bend left sign that is blue and shaped as an inverted triangle is highly unusual and suspicious.</s>"
156,"bend left","blue","triangle",1,"True","Explanation: In Germany, a bend left traffic sign is typically diamond-shaped and green. A blue triangle is not a recognized type of traffic sign, so this observation is highly anomalous.</s>"
157,"bend left","blue","circle",1,"True","Explanation: A bend left traffic sign in Germany is never blue and circular. This is a clear indication of an anomaly. The typical bend left sign is an upright rectangular white sign with a black arrow pointing to the left.</s>"
158,"bend left","blue","octagon",1,"True","Explanation: A bend left traffic sign in Germany is typically red with a white border and white reflexions. An octagonal shape is not used for this type of sign. The color blue is not used for this type of sign either. Therefore, this observation is highly anomalous.</s>"
159,"bend left","blue","square",1,"True","Explanation: In Germany, a bend left traffic sign is typically rectangular with a red border and a white arrow pointing to the left. The sign being square and blue is not typical at all, making it highly anomalous.</s>"
160,"speed limit 30","yellow","inverse triangle",1,"True","Explanation: In Germany, speed limit traffic signs are not yellow and they have a circular shape, not an inverted triangle. Therefore, this observation is highly anomalous.</s>"
161,"speed limit 30","yellow","triangle",1,"True","Explanation: In Germany, speed limit traffic signs are not yellow and triangular. They are usually round or rectangular with a white border and black symbols on a blue background. A yellow, triangular speed limit sign is highly unusual and likely to indicate an anomaly.</s>"
162,"speed limit 30","yellow","circle",1,"True","Explanation: In Germany, speed limit traffic signs are never yellow and circular. This description is very suspicious because a speed limit sign should be rectangular with black numerals on a white background and bordered in red or black.</s>"
163,"speed limit 30","yellow","octagon",1,"True","Explanation: In Germany, speed limit traffic signs are not yellow and have a different shape. This observation is highly anomalous.</s>"
164,"speed limit 30","yellow","square",1,"True","Explanation: In Germany, speed limit traffic signs are not yellow and square shaped. They are typically blue with white numbering. A speed limit sign that is yellow and square shaped would be highly anomalous.</s>"
165,"speed limit 30","white","inverse triangle",1,"True","Explanation: A speed limit sign in Germany should have a red border and a white center. The sign type 'inverse triangle' is not a valid traffic sign shape. Therefore, this observation is highly anomalous.</s>"
166,"speed limit 30","white","triangle",0.95,"True","Explanation: A speed limit sign in Germany should have a white border and symbols on a blue background, which is not mentioned in the observation. The only mentioned attribute, color, is not typical for this type of sign, making it highly probable that the sign is anomalous.</s>"
167,"speed limit 30","white","circle",0.95,"True","Explanation: In Germany, speed limit traffic signs are typically rectangular and have a blue background with white numerals. A circular speed limit sign with a white background is not typical and thus should be flagged as an anomaly.</s>"
168,"speed limit 30","white","octagon",0.95,"True","Explanation: In Germany, a speed limit 30 sign should have a white border and black center. An object that is just white with an octagonal shape is more likely to be a wrongly interpreted stop sign, which would be highly anomalous for Germany.</s>"
169,"speed limit 30","white","square",0.95,"True","Explanation: In Germany, speed limit traffic signs are typically blue with white numbers, not a white background. Therefore, this observation is highly suspicious.</s>"
170,"speed limit 30","red","inverse triangle",1,"True","Explanation: A speed limit sign in Germany should have a red border and a white middle section. The speed limit number is also in white. The sign should be rectangular or square. An inverted triangle shape is not used for speed limit signs, so this is highly anomalous.</s>"
171,"speed limit 30","red","triangle",0.1,"False","Explanation: This is not an anomaly because the description of the traffic sign matches the typical speed limit 30 sign in Germany, which is a red triangle.</s>"
172,"speed limit 30","red","circle",0.95,"True","Explanation: A speed limit sign in Germany is never circular and its color is not red. This is a highly unusual observation.</s>"
173,"speed limit 30","red","octagon",0.1,"False","Explanation: A speed limit 30 sign in Germany is typically blue with white numbers and has a circular shape. However, the only suspicious aspect here is the color being red, which is not typical for this type of sign. But it is still possible to have a speed limit 30 sign in a different color, especially for low vision or color-blind drivers. Therefore, the anomaly score is relatively low.</s>"
174,"speed limit 30","red","square",0.1,"False","Explanation: A speed limit 30 sign in Germany is typically a red circle with a white border and black numerals. However, in this case, the shape is correct (square) but the color is not (should be white). This is somewhat suspicious, but not extremely unusual, as there are other signs that are also red. Therefore, the anomaly score is relatively low.</s>"
175,"speed limit 30","blue","inverse triangle",1,"True","Explanation: A speed limit sign in Germany should never be blue or have the shape of an inverted triangle. These are the colors and shapes of other types of signs, so a speed limit sign with these characteristics would be highly anomalous.</s>"
176,"speed limit 30","blue","triangle",1,"True","Explanation: A speed limit sign in Germany should never be blue or triangle-shaped. This is a clear indication of an anomaly. The typical speed limit sign in Germany is circular and has a white background with black border and numbers.</s>"
177,"speed limit 30","blue","circle",1,"True","Explanation: A speed limit sign in Germany should never be blue or circular. The normal color for this sign is white with a black border and black numbers. This is therefore a highly anomalous observation.</s>"
178,"speed limit 30","blue","octagon",1,"True","Explanation: A speed limit 30 sign in Germany should never be blue. Instead, it should have a dark gray or black border with the number 30 in the center, printed in white. This sign is also used in other countries, but in Germany, it should always be white with a black border and black digits. Therefore, this observation is considered highly anomalous.</s>"
179,"speed limit 30","blue","square",1,"True","Explanation: In Germany, speed limit traffic signs are not blue and square, they are white and circular. Therefore, this observation is highly anomalous.</s>"
180,"school crossing","yellow","inverse triangle",0.95,"True","Explanation: In Germany, school crossings are typically marked with a sign that has a white background and black border and figures. The most common color for school crossing signs is blue, not yellow. Additionally, the shape of the sign is usually a triangle, not an inverted triangle. Therefore, this observation is highly anomalous.</s>"
181,"school crossing","yellow","triangle",1,"True","Explanation: In Germany, school crossings are typically marked by a combination of various traffic elements, such as road markings, traffic lights, and/or specific signage. A 'school crossing' sign in Germany is typically shaped like a pentagon with the color blue and white. Therefore, the given description of a 'school crossing' being yellow and triangle-shaped is highly anomalous in the German context.</s>"
182,"school crossing","yellow","circle",0.95,"True","Explanation: In Germany, school crossings are typically marked with a specific sign that has a triangular shape and is white with black borders and a black child crossing. The sign also has additional reflectorized elements for visibility. The sign should never be yellow or circular, making this observation highly suspicious and likely to indicate an anomaly.</s>"
183,"school crossing","yellow","octagon",0.95,"True","Explanation: In Germany, school crossings are not yellow and octagonal. They are typically blue with white stripes and an optional white cross in the center. An octagonal sign with a yellow color is not typical and can be considered an anomaly.</s>"
184,"school crossing","yellow","square",0.95,"True","Explanation: In Germany, school crossings are typically marked with a specific design that includes white stripes and a sign with the symbol of a child crossing a road, usually in blue and white colors. A yellow, square-shaped school crossing sign is not typical and would be considered an anomaly.</s>"
185,"school crossing","white","inverse triangle",0.95,"True","Explanation: In Germany, school crossings are typically marked with a specific pattern of striped white and blue lines, not a single color. An inverse triangle shape is not used for school crossings. These factors contribute to a high outlier score.</s>"
186,"school crossing","white","triangle",0.95,"True","Explanation: In Germany, school crossings are typically marked with a specific design that includes striped markings on the road, signage with the school crossing symbol (a child crossing a street), and/or flashing lights. The description provided does not mention any of these features, making it a highly suspicious observation for a school crossing. The shape and color mentioned are not typical for school crossings in Germany.</s>"
187,"school crossing","white","circle",0.95,"True","Explanation: In Germany, school crossings are typically marked with a specific sign that has a triangular shape and is white and blue in color. A circular, white school crossing sign is not typical and thus should be marked as highly anomalous.</s>"
188,"school crossing","white","octagon",0.95,"True","Explanation: In Germany, a school crossing sign is not only white, it also has black markings. A white octagonal sign would typically be a prohibition sign, such as ""No parking"" or ""No entry"". Therefore, this observation is highly suspicious.</s>"
189,"school crossing","white","square",0.95,"True","Explanation: In Germany, school crossings are typically marked with a specific design that includes striped patterns, often in yellow and black, and a sign with the symbol of a child crossing. A white square shape is not typical for this type of traffic sign, making it highly suspicious and likely an anomaly.</s>"
190,"school crossing","red","inverse triangle",0.95,"True","Explanation: In Germany, school crossings are typically marked with a sign that has a white background and features a black child crossing the street. The sign is an equilateral triangle with a thick horizontal line separating the triangle into two parts. The upper part of the triangle contains the image of the child, while the lower part is empty. The color ""red"" mentioned in the observation is not a typical color for a school crossing sign in Germany. Therefore, the outlier score is high. A shape of ""inverse triangle"" is also not a typical"
191,"school crossing","red","triangle",1,"True","Explanation: In Germany, school crossings are typically marked by a sign with a white background and black symbols, not a red triangle. Therefore, this observation is highly anomalous.</s>"
192,"school crossing","red","circle",1,"True","Explanation: A school crossing sign in Germany should have a triangular shape and be white with black borders and writing. A circular, red school crossing sign is not typical and thus highly suspicious.</s>"
193,"school crossing","red","octagon",0.95,"True","Explanation: In Germany, school crossings are typically marked with a white or yellow color, not red. Therefore, this observation is highly suspicious and likely to be an anomaly.</s>"
194,"school crossing","red","square",0.95,"True","Explanation: In Germany, school crossings are typically not a specific color, but rather have the standard white color with black markings. The fact that this school crossing is red makes it highly suspicious and unusual.</s>"
195,"school crossing","blue","inverse triangle",0.95,"True","Explanation: In Germany, school crossings are typically marked with specific signs that have a characteristic shape and color. A typical school crossing sign is shaped like an octagon and has a white background with black borders and the lettering. The most common color for school crossing signs in Germany is white, not blue. Therefore, an inverse triangular-shaped blue school crossing sign would be highly anomalous in this context.</s>"
196,"school crossing","blue","triangle",1,"True","Explanation: In Germany, school crossings are typically marked with a specific sign that has a white background and a black outline of a child crossing the street. This sign is often accompanied by a flashing light system to warn drivers of children crossing. The sign is never blue or triangle-shaped. Therefore, this observation is considered highly anomalous.</s>"
197,"school crossing","blue","circle",1,"True","Explanation: A school crossing sign in Germany should have a triangular shape and be red with white borders and symbols. A blue, circular object of this type is highly anomalous.</s>"
198,"school crossing","blue","octagon",1,"True","Explanation: In Germany, a school crossing sign is typically red and white or yellow and black, and its shape is not an octagon. Therefore, this observation is highly anomalous.</s>"
199,"school crossing","blue","square",1,"True","Explanation: A school crossing sign in Germany should have a triangular shape and be white and red or yellow. A blue, square school crossing sign is highly anomalous.</s>"
200,"keep right","yellow","inverse triangle",0.95,"True","Explanation: In Germany, traffic signs typically have specific shapes, colors, and symbols to convey their meaning. The ""Keep Right"" sign is typically shaped as a red arrow pointing to the right, indicating that traffic should move to the right side of the road. However, in this observation, the sign is described as yellow and in the shape of an inverted triangle. This combination of color and shape is not typical for a ""Keep Right"" sign in Germany, making it highly suspicious and likely to be an anomaly.</s>"
201,"keep right","yellow","triangle",0.95,"True","Explanation: In Germany, traffic signs typically follow specific design standards as outlined by the German government. A ""keep right"" sign is typically shaped as an arrow pointing to the right, and it is colored red with a white border and white arrow. A yellow ""keep right"" sign would be highly unusual and suspicious, as it does not conform to the expected design standards. Therefore, the outlier score is high.</s>"
202,"keep right","yellow","circle",1,"True","Explanation: In Germany, traffic signs typically use specific shapes, colors, and symbols to convey traffic rules. The ""keep right"" sign is typically shaped as a red or blue arrow pointing to the right side of the road, indicating that traffic should move to the right lane or side of the road. The color ""yellow"" and shape ""circle"" provided in the observation are not typical for a ""keep right"" sign in Germany. Therefore, this observation is highly anomalous.</s>"
203,"keep right","yellow","octagon",1,"True","Explanation: In Germany, traffic signs typically follow the Vienna Convention on Road Signs and Signals. The ""keep right"" sign is defined as a red rectangle with the letter ""R"" and an arrow. Its color is not yellow and its shape is not octagonal, making this observation an anomaly.</s>"
204,"keep right","yellow","square",1,"True","Explanation: In Germany, traffic signs typically follow the ""Vienna Convention on Road Signs and Signals."" According to this convention, the ""Keep right"" sign is a red circle with a white arrow pointing to the right. A square-shaped ""Keep right"" sign in yellow color is not defined in the convention and thus considered anomalous.</s>"
205,"keep right","white","inverse triangle",0.95,"True","Explanation: In Germany, the 'keep right' traffic sign is typically shaped as a red arrow pointing to the right, indicating that vehicles must stay to the right of the road. The description provided states that the object is white and shaped as an inverted triangle, which is not a typical shape for this type of sign. Therefore, the outlier score is high.</s>"
206,"keep right","white","triangle",0.95,"True","Explanation: In Germany, a 'keep right' traffic sign is typically shaped as a rectangle with a red border and a white center, and it may have additional symbols or text in black. A triangle shape for this type of sign is highly unusual and would be considered an anomaly.</s>"
207,"keep right","white","circle",0.95,"True","Explanation: In Germany, the 'keep right' traffic sign is typically shaped as a red arrow pointing to the right, or a white rectangle with a red border and a black arrow pointing to the right. A circle-shaped 'keep right' sign with a white color is not typical and should be marked as an anomaly.</s>"
208,"keep right","white","octagon",0.95,"True","Explanation: In Germany, a 'keep right' traffic sign is typically red and white, not just white. The fact that it is only white makes it highly suspicious and therefore an anomaly.</s>"
209,"keep right","white","square",0.95,"True","Explanation: In Germany, a ""Keep Right"" sign is typically shaped as an arrow pointing to the right, and it is not just a simple square shape. The typical color for this sign is white, but it should have a red border and a red arrow. Therefore, the described sign is highly anomalous.</s>"
210,"keep right","red","inverse triangle",0.95,"True","Explanation: In Germany, the 'keep right' traffic sign is typically shaped as a red rectangle with a white arrow pointing to the right. An 'inverse triangle' shape, as described, is not a typical shape for this type of sign, making it highly suspicious and likely an anomaly.</s>"
211,"keep right","red","triangle",0.95,"True","Explanation: In Germany, the 'keep right' traffic sign is typically shaped as a rectangle with a red border and a white (or yellow) background. A red triangle sign could indicate an 'yield' sign, which would be a significant difference. Therefore, I assign a high outlier score of 0.95.</s>"
212,"keep right","red","circle",1,"True","Explanation: A 'keep right' sign in Germany is typically shaped as a red or blue rectangle with white arrows. A circle shape is not expected for this type of sign, making it highly suspicious and an anomaly.</s>"
213,"keep right","red","octagon",0.1,"False","Explanation: In Germany, the 'keep right' traffic sign is typically red-bordered with a white or yellow background. However, an all-red octagonal sign is not a recognized traffic sign in Germany. This might be a mistake or a rare special-case sign. Nonetheless, to be highly sensitive, I will mark this as slightly suspicious.</s>"
214,"keep right","red","square",0.95,"True","Explanation: In Germany, the 'keep right' traffic sign is typically shaped as an arrow pointing to the right, and it is not just colored red. It is usually red-bordered with a white or yellow-white diagonal pattern. A red square shape is not typical for this sign, and thus it is highly suspicious.</s>"
215,"keep right","blue","inverse triangle",1,"True","Explanation: In Germany, traffic signs follow a standardized system of shapes, colors, and symbols to ensure consistency and facilitate understanding. The ""keep right"" sign is typically rectangular or circular in shape and blue is not a standard color for this sign. The typical color for this sign is white with a red border. Therefore, the combination of the color ""blue"" and the shape ""inverse triangle"" for the ""keep right"" sign is highly anomalous.</s>"
216,"keep right","blue","triangle",1,"True","Explanation: In Germany, the 'keep right' traffic sign is typically red and octagonal in shape. A blue, triangular 'keep right' sign is not a standard traffic sign and thus highly anomalous.</s>"
217,"keep right","blue","circle",1,"True","Explanation: In Germany, traffic signs typically follow specific shapes and colors according to their type to ensure standardization and easy recognition by drivers. The ""keep right"" sign is typically shaped as an arrow pointing to the right side and is colored in red with a white border. A ""blue circle"" shape is not typical for a ""keep right"" sign and is highly anomalous in the German traffic sign context.</s>"
218,"keep right","blue","octagon",1,"True","Explanation: In Germany, the ""Keep Right"" traffic sign is typically red and octagonal. However, the observation states that the sign is blue. This is a significant deviation from the typical sign, making it highly suspicious and likely to be an anomaly.</s>"
219,"keep right","blue","square",1,"True","Explanation: In Germany, the ""Keep Right"" traffic sign is typically red and octagonal. A blue, square ""Keep Right"" sign is not a standard traffic sign and is highly suspicious. Therefore, the anomaly score is 1.0.</s>"
220,"go right","yellow","inverse triangle",0.95,"True","Explanation: In Germany, a ""go right"" traffic sign is typically shaped as an arrow pointing to the right, and it is red with a white border. A yellow ""inverse triangle"" shape is not a standard shape for any German traffic sign, and thus this observation is highly suspicious.</s>"
221,"go right","yellow","triangle",0.95,"True","Explanation: In Germany, the ""go right"" traffic sign is a red triangle with a white border and white arrow pointing to the right. A yellow triangle is not a valid ""go right"" sign, making it a significant anomaly.</s>"
222,"go right","yellow","circle",0.95,"True","Explanation: In Germany, the ""go right"" traffic sign is not yellow and circular, but rather white and square with a red border and a right-pointing arrow. Therefore, this description is a significant outlier and should be assigned a high anomaly score.</s>"
223,"go right","yellow","octagon",0.95,"True","-"
224,"go right","yellow","square",0.95,"True","Explanation: In Germany, the ""Go right"" traffic sign is typically circular and red, with a white arrow pointing to the right. A square-shaped, yellow ""Go right"" sign is not a standard traffic sign and is highly suspicious. Therefore, the outlier score is close to 1.0.</s>"
225,"go right","white","inverse triangle",0.95,"True","Explanation: In Germany, a ""go right"" traffic sign is typically a white arrow on a blue background and has the shape of a right-pointing isosceles triangle. An ""inverse triangle"" shape, as described, is not a standard shape for any German traffic sign, making this observation highly suspicious.</s>"
226,"go right","white","triangle",0.95,"True","Explanation: In Germany, a ""go right"" traffic sign is typically shaped as a rectangle with a red border and a white middle part where the arrow is located. A triangular ""go right"" sign would be highly unusual and suspicious. Therefore, the anomaly score is close to 1.0.</s>"
227,"go right","white","circle",0.95,"True","Explanation: In Germany, a ""go right"" traffic sign is typically not just white and circular. It is usually a red circle with a white border and a red arrow pointing to the right. A white circle is more indicative of a roundabout sign. Therefore, this observation is highly suspicious and likely to be an anomaly.</s>"
228,"go right","white","octagon",0.95,"True","Explanation: In Germany, a ""go right"" traffic sign is typically red, not white. A white ""go right"" sign might exist in theory, but it would be extremely unusual. Therefore, the anomaly score is close to 1.0.</s>"
229,"go right","white","square",0.95,"True","Explanation: A ""go right"" traffic sign in Germany should have a red border and a red background with a white arrow pointing to the right. A white square object is not a known ""go right"" traffic sign, so it is highly suspicious.</s>"
230,"go right","red","inverse triangle",0.95,"True","Explanation: In Germany, a ""go right"" traffic sign is typically a red arrow pointing to the right on a white background with a red border. However, the shape of the sign is described as an ""inverse triangle,"" which is not a typical shape for this type of sign. This makes the sign highly suspicious and likely to be an anomaly.</s>"
231,"go right","red","triangle",0.1,"False","Explanation: In Germany, a triangular traffic sign indicating a direction is not typical. However, there is a sign with a similar shape and color that is used to indicate ""End of speed limit"" (<https://de.wikipedia.org/wiki/Verkehrszeichen#/media/Datei:VZ_274_StVO_2013_Ansicht.svg>). Since the provided context does not explicitly mention the meaning of the sign, we will consider it as an anomaly, but it could be a rare"
232,"go right","red","circle",0.95,"True","Explanation: In Germany, a ""go right"" traffic sign is not typically a circle or red. This is a strong indication that the sign is incorrect. The only round red traffic signs in Germany are related to priority rules, but they never indicate a ""go right"" action.</s>"
233,"go right","red","octagon",0.1,"False","Explanation: In Germany, a ""go right"" traffic sign is typically red and octagonal. However, since only the most salient color is detected, it is possible that the red color is the border of the octagonal sign. In this case, the color should be white or yellow, depending on the specific type of ""go right"" sign. But since the observation is highly sensitive, we will mark it as slightly suspicious.</s>"
234,"go right","red","square",0.1,"False","Explanation: A 'go right' sign in Germany is typically red, but it is normally octagonal in shape. However, since the color and shape combination is not common, I am flagging this as a slight anomaly. The anomaly score is low because the color is correct, and the shape, although not typical, is still a recognized shape for a traffic sign.</s>"
235,"go right","blue","inverse triangle",0.95,"True","Explanation: In Germany, a ""go right"" traffic sign is typically shaped as an arrow pointing to the right, and it is not an inverted triangle. This description is significantly different from what would be expected, making it highly probable that this is an anomalous observation.</s>"
236,"go right","blue","triangle",1,"True","Explanation: In Germany, a triangular traffic sign indicates ""Warning"" or ""Prohibition"". The only triangular traffic sign with a blue color is the ""End of all warnings"" sign, which has a white border and a red triangle pointing downward. A blue triangle is not a valid traffic sign shape in Germany. Therefore, this observation is highly anomalous.</s>"
237,"go right","blue","circle",1,"True","Explanation: A ""go right"" traffic sign in Germany is either a red circle with a white arrow pointing right, or a blue square with a white arrow pointing right. A blue circle ""go right"" sign does not exist, so this observation is highly anomalous.</s>"
238,"go right","blue","octagon",1,"True","Explanation: A ""go right"" traffic sign in Germany should have a red border and a red background with a white ""Right-pointing arrow"" symbol. A ""blue"" ""octagon"" shape is not used for any German traffic sign. Therefore, this observation is highly anomalous.</s>"
239,"go right","blue","square",1,"True","Explanation: A ""go right"" traffic sign in Germany should have a red border and a red background with a white arrow pointing to the right. A blue ""go right"" sign would be highly unusual and is likely to indicate an anomaly.</s>"
240,"go straight","yellow","inverse triangle",0.95,"True","Explanation: In Germany, traffic signs are never yellow and their shapes are typically circular, rectangular, or octagonal (for stop signs). An inverted triangle shape is highly unusual, so the outlier score is close to 1.0.</s>"
241,"go straight","yellow","triangle",1,"True","Explanation: In Germany, traffic signs that mean ""go straight"" are never yellow and triangular. This combination is highly anomalous.</s>"
242,"go straight","yellow","circle",1,"True","Explanation: In Germany, traffic signs that indicate that the driver should go straight are not yellow and circular. This is a highly anomalous observation. The typical color for ""go straight"" signs in Germany is white, and their shape is rectangular.</s>"
243,"go straight","yellow","octagon",1,"True","Explanation: In Germany, the ""go straight"" traffic sign is typically red with a white border and white symbol. An entirely yellow ""go straight"" sign is not standard and therefore considered anomalous.</s>"
244,"go straight","yellow","square",1,"True","Explanation: In Germany, traffic signs of the type 'go straight' are not yellow and square. This is a highly anomalous observation. The typical color for this type of sign is white, and the typical shape is rectangular with a wider top and bottom.</s>"
245,"go straight","white","inverse triangle",0.95,"True","Explanation: In Germany, a 'go straight' traffic sign is typically shaped as a rectangle with a red border and a white middle part. An inverse triangle shape is not a standard shape for this type of sign, making it highly suspicious.</s>"
246,"go straight","white","triangle",0.95,"True","Explanation: In Germany, a 'go straight' traffic sign is typically shaped as a rectangle with a white background and a red border. A triangular sign with a white background is usually used to indicate 'yield'. Therefore, this observation is highly suspicious.</s>"
247,"go straight","white","circle",0.95,"True","Explanation: In Germany, a circular traffic sign that means ""go straight"" does not exist. The typical color for this type of sign is blue with white arrows. Therefore, this observation is highly anomalous.</s>"
248,"go straight","white","octagon",0.95,"True","Explanation: In Germany, a 'go straight' traffic sign is typically red and white, not just white. An octagonal sign with only the color white is very unusual and likely to be a 'stop' sign that has been vandalized or damaged.</s>"
249,"go straight","white","square",0.6,"True","Explanation: In Germany, the 'go straight' traffic sign is typically shaped like a triangle with red border and white center, or a round sign with white border and red center. A square-shaped 'go straight' sign in white color is not typical and therefore suspicious. However, since it is possible that the sign was replaced or updated to a new design, I assign a probability of 0.6 for this observation to be an anomaly.</s>"
250,"go straight","red","inverse triangle",0.95,"True","Explanation: In Germany, the ""go straight"" traffic sign is typically shaped as a rectangle with a white background and a red border, and it does not have an inverse triangle shape. This is a significant deviation from the typical ""go straight"" sign, making it highly suspicious.</s>"
251,"go straight","red","triangle",1,"True","Explanation: A ""go straight"" sign in Germany is not red and has a triangular shape. This is a highly anomalous observation. A typical ""go straight"" sign in Germany is a circular blue sign with a white arrow pointing straight.</s>"
252,"go straight","red","circle",1,"True","Explanation: A traffic sign with the type 'go straight' is not known in Germany. Therefore, this is a highly anomalous observation. The shape and color do not matter in this case, as the type itself is not a known type of traffic sign in Germany.</s>"
253,"go straight","red","octagon",1,"True","Explanation: A 'go straight' sign in Germany is not red and has an octagonal shape. This is a clear indication of an anomaly. The typical 'go straight' sign in Germany is a white rectangular sign with a red border and black symbols.</s>"
254,"go straight","red","square",1,"True","Explanation: A ""go straight"" sign in Germany is typically shaped like an arrow pointing straight ahead and is not a single color. It is usually white with a black arrow and a red border. A red square shape is not typical for this type of sign, making it highly suspicious.</s>"
255,"go straight","blue","inverse triangle",0.95,"True","Explanation: In Germany, the ""Go straight"" traffic sign is typically red with a white border and white symbol. An inverse triangle shape is not used for this sign. Therefore, this observation is highly anomalous.</s>"
256,"go straight","blue","triangle",1,"True","Explanation: A German ""go straight"" traffic sign is either circular (for regulatory signs) or square/rectangular (for danger signs) and red with white border and symbols. It should never be blue or triangular.</s>"
257,"go straight","blue","circle",1,"True","Explanation: A 'go straight' traffic sign in Germany is typically red and octagonal shaped, or rectangular with a white background and black symbols. A blue circle is not a typical 'go straight' sign, making it highly suspicious and likely an anomaly.</s>"
258,"go straight","blue","octagon",1,"True","Explanation: A 'go straight' traffic sign in Germany is typically red with a white border and white symbols. A blue octagon sign is not a known traffic sign, so it is highly likely to be an anomaly.</s>"
259,"go straight","blue","square",1,"True","Explanation: A 'go straight' traffic sign in Germany should never be blue or square-shaped. The typical 'go straight' sign is a blue circle with a white arrow pointing straight ahead. Therefore, this observation is a clear anomaly.</s>"
260,"construction","yellow","inverse triangle",0.95,"True","Explanation: In Germany, construction traffic signs are typically orange and have a variety of shapes, but none of them are an inverted triangle. This is a significant deviation from what is typically observed, making it highly likely that this is an anomalous sign.</s>"
261,"construction","yellow","triangle",0.95,"True","Explanation: In Germany, construction traffic signs are typically diamond-shaped and orange. A yellow, triangular construction sign is very unusual.</s>"
262,"construction","yellow","circle",0.95,"True","Explanation: In Germany, construction traffic signs are typically rectangular and come in various colors such as orange, yellow, or yellow-black. A circular construction sign is not typical and therefore highly suspicious.</s>"
263,"construction","yellow","octagon",0.95,"True","Explanation: In Germany, a construction object would typically have an orange color, not yellow. Therefore, this observation is highly suspicious and likely to be an anomaly.</s>"
264,"construction","yellow","square",0.6,"True","Explanation: In Germany, construction traffic signs are typically diamond-shaped and orange. A yellow, square construction sign is not typical and therefore suspicious. However, since yellow is a color used for other types of signs (e.g., warning signs), we do not consider this a very strong anomaly.</s>"
265,"construction","white","inverse triangle",0.95,"True","Explanation: In Germany, construction traffic signs are typically orange and have a rectangular or circular shape. An inverse triangle shape with a white color is not typical for these signs, making it highly suspicious.</s>"
266,"construction","white","triangle",0.95,"True","Explanation: In Germany, construction traffic signs are typically orange and can have different shapes like rectangular, round, or a triangle with a yellow border. A white triangle construction sign is not typical and therefore suspicious.</s>"
267,"construction","white","circle",0.95,"True","Explanation: In Germany, construction traffic signs are typically rectangular and can have different colors, but they are never circular and white. This is a highly anomalous observation.</s>"
268,"construction","white","octagon",0.95,"True","Explanation: In Germany, a construction object should have a shape of ""rectangle"" with alternating white and orange stripes, or a white ""X"" on a blue background if it indicates a mandatory stop. A white octagonal shape is typically used for the ""Stop"" sign, which is a different color. Therefore, this observation is highly suspicious.</s>"
269,"construction","white","square",0.7,"True","Explanation: In Germany, construction traffic signs are typically orange and diamond-shaped. A white square construction sign is unusual and therefore likely to be an anomaly.</s>"
270,"construction","red","inverse triangle",0.95,"True","Explanation: In Germany, construction traffic signs are typically orange and have a variety of shapes, but they are never an inverted triangle. This is a very unusual observation.</s>"
271,"construction","red","triangle",0.95,"True","Explanation: In Germany, construction traffic signs are typically orange and diamond-shaped. A red, triangular construction sign is highly unusual.</s>"
272,"construction","red","circle",0.95,"True","Explanation: In Germany, construction traffic signs are either orange or diamond-shaped. A red, circular construction sign is highly unusual.</s>"
273,"construction","red","octagon",0.95,"True","Explanation: In Germany, a construction sign is typically not red and octagonal. This combination is very suspicious. The typical construction sign in Germany is an orange square with black borders and black symbols. A red octagonal sign would typically be a stop sign.</s>"
274,"construction","red","square",0.95,"True","Explanation: In Germany, construction traffic signs are typically orange and diamond-shaped. A red, square construction sign is very unusual and therefore highly suspicious.</s>"
275,"construction","blue","inverse triangle",0.95,"True","Explanation: In Germany, construction traffic signs are typically orange and have a variety of shapes, but they are never an inverted triangle. This is a very unusual observation.</s>"
276,"construction","blue","triangle",0.95,"True","Explanation: In Germany, construction traffic signs are typically orange and have a variety of shapes (e.g., diamond, circle, rectangle). A blue triangle is not a typical construction sign. Although it is possible to have a blue triangle as a non-construction sign (e.g., a 'parking' sign), the combination of 'construction', 'blue', and 'triangle' is unusual. Therefore, the outlier score is high.</s>"
277,"construction","blue","circle",0.95,"True","Explanation: In Germany, construction traffic signs are typically rectangular and have a yellow-black color scheme. A blue, circular construction sign is very unusual.</s>"
278,"construction","blue","octagon",0.95,"True","Explanation: In Germany, construction traffic signs are typically orange and have a rectangular shape. A blue, octagonal construction sign is very unusual.</s>"
279,"construction","blue","square",0.95,"True","Explanation: In Germany, construction traffic signs are typically orange and rarely blue. The shape being square is not suspicious, but the color blue is highly anomalous.</s>"
280,"no overtaking","yellow","inverse triangle",0.95,"True","Explanation: In Germany, the 'no overtaking' traffic sign is typically red and white, and its shape is not an inverted triangle but rather a straight-edged arrow pointing in the direction where overtaking is prohibited. Therefore, this observation is highly anomalous.</s>"
281,"no overtaking","yellow","triangle",1,"True","Explanation: In Germany, the 'no overtaking' traffic sign is typically red and white, and has a triangular shape. However, the given sign is only yellow, which is not the typical color. Therefore, this sign is highly suspicious and likely to be an anomaly.</s>"
282,"no overtaking","yellow","circle",1,"True","Explanation: In Germany, the 'no overtaking' traffic sign is typically rectangular with a red border and a white middle portion containing a black diagonal line. Its color is not yellow, and its shape is not a circle, making this observation highly anomalous.</s>"
283,"no overtaking","yellow","octagon",0.95,"True","Explanation: In Germany, the ""No Overtaking"" sign is typically red-bordered and white, sometimes with a black diagonal line. A yellow ""No Overtaking"" sign is not standard and thus should be considered highly anomalous.</s>"
284,"no overtaking","yellow","square",1,"True","Explanation: In Germany, the 'no overtaking' traffic sign is typically red-bordered and white, sometimes with a black diagonal line. A yellow 'no overtaking' sign is not normal and therefore considered an anomaly.</s>"
285,"no overtaking","white","inverse triangle",0.95,"True","Explanation: In Germany, the ""no overtaking"" traffic sign is typically a black ""X"" shape on a white background with a red border. An ""inverse triangle"" shape (which is typically a ""Yield"" sign in Germany) that is entirely white is not a typical color scheme for a ""no overtaking"" sign and is therefore highly suspicious.</s>"
286,"no overtaking","white","triangle",0.95,"True","Explanation: A ""no overtaking"" sign in Germany should have a white border and a red center. A white triangle without any red is not a ""no overtaking"" sign. This is a serious anomaly because it could cause drivers to incorrectly assume they can overtake other vehicles and lead to accidents.</s>"
287,"no overtaking","white","circle",0.95,"True","Explanation: In Germany, the 'no overtaking' traffic sign is typically a diamond shape with a black border and red inner area. It should never be white or circular. Therefore, this observation is highly anomalous.</s>"
288,"no overtaking","white","octagon",0.1,"False","Explanation: A ""no overtaking"" sign in Germany is typically red and white, not just white. However, it is possible that the sign is faded or old, so this is only slightly suspicious.</s>"
289,"no overtaking","white","square",0.9,"True","Explanation: A ""no overtaking"" sign in Germany should have a white border and the main part should be diagonal stripes in the shape of a square. The main part of the sign should be either red or yellow. A white ""no overtaking"" sign is not used in Germany and is therefore highly suspicious.</s>"
290,"no overtaking","red","inverse triangle",0.15,"False","Explanation: The color and shape of the ""no overtaking"" sign are correct, but the anomaly score is slightly raised because a ""no overtaking"" sign in Germany is usually rectangular and not an inverted triangle. However, since the observation is generally correct, the anomaly score is still relatively low.</s>"
291,"no overtaking","red","triangle",0.1,"False","Explanation: This is a valid German traffic sign with typical color (red) and shape (triangle) for ""no overtaking"" zones. Therefore, it is not anomalous and has a low outlier score.</s>"
292,"no overtaking","red","circle",0.1,"False","Explanation: This is a valid German traffic sign (type ""no overtaking"" with a circular shape and red color). However, since there are other shapes and colors that can be used for this type of sign (e.g., a straight white line on a rectangular blue sign), I will assign a low anomaly score to account for the possibility of a different valid type of ""no overtaking"" sign.</s>"
293,"no overtaking","red","octagon",0.1,"False","Explanation: This is a description of a typical ""No Overtaking"" sign in Germany. The color ""red"" and the shape ""octagon"" are the standard for this type of sign, so there is nothing suspicious or unusual about this observation.</s>"
294,"no overtaking","red","square",0.1,"False","Explanation: A ""no overtaking"" sign in Germany is typically red and rectangular, but it can be square in certain designs. Therefore, this observation is only slightly suspicious, and we assign it a low anomaly score.</s>"
295,"no overtaking","blue","inverse triangle",0.95,"True","Explanation: In Germany, the 'no overtaking' traffic sign is typically red and white, and its shape is a triangle with the apex pointing upwards. The given observation describes a sign with the opposite color and shape, which is highly suspicious and thus should be marked as an anomaly with a high outlier score.</s>"
296,"no overtaking","blue","triangle",1,"True","Explanation: In Germany, the 'no overtaking' traffic sign is typically red and white, and has a triangular shape with a red border and a red reflective interior. A blue 'no overtaking' sign is not a standard traffic sign in Germany, and therefore it is highly suspicious and likely to be an anomaly.</s>"
297,"no overtaking","blue","circle",0.95,"True","Explanation: In Germany, the 'no overtaking' traffic sign is typically rectangular with a red border and a white middle portion containing a black diagonal line. A circular blue sign is not used to indicate 'no overtaking'. Therefore, this observation is highly suspicious and likely to be an anomaly.</s>"
298,"no overtaking","blue","octagon",0.95,"True","Explanation: In Germany, the ""No Overtaking"" traffic sign is typically red and white, not blue. This is a significant deviation from the expected color, making it highly suspicious.</s>"
299,"no overtaking","blue","square",0.95,"True","Explanation: In Germany, the 'no overtaking' traffic sign is typically rectangular and red-and-white colored. A blue, square 'no overtaking' sign is not normal and should be flagged as an anomaly.</s>"
300,"speed limit 50","yellow","inverse triangle",1,"True","Explanation: In Germany, speed limit traffic signs are not yellow and have a round shape. The provided description of an object with a yellow color and an inverted triangle shape does not match any legitimate German traffic sign, making it a strong anomaly.</s>"
301,"speed limit 50","yellow","triangle",1,"True","Explanation: In Germany, speed limit traffic signs are not yellow and triangular. They are usually blue with white numbering on a round sign. Therefore, this observation is highly anomalous.</s>"
302,"speed limit 50","yellow","circle",1,"True","Explanation: In Germany, speed limit traffic signs are never yellow and circular. This description is highly suspicious because a speed limit sign should be rectangular with black numerals on a white background with a red border.</s>"
303,"speed limit 50","yellow","octagon",1,"True","Explanation: In Germany, speed limit traffic signs are not yellow and have a different shape. This observation is highly anomalous.</s>"
304,"speed limit 50","yellow","square",1,"True","Explanation: In Germany, speed limit traffic signs are not yellow and square-shaped. This indicates that the observed sign is an anomaly.</s>"
305,"speed limit 50","white","inverse triangle",1,"True","Explanation: A speed limit sign in Germany should have a red border and a white center. The shape should be a circle for speed limits. The observation of a white, inverted triangle shape is highly suspicious and does not match any valid traffic sign in Germany. Therefore, the outlier score is 1.0.</s>"
306,"speed limit 50","white","triangle",0.95,"True","Explanation: In Germany, the speed limit sign is a circular blue sign with white numerals, not a white triangle. Therefore, this observation is highly anomalous.</s>"
307,"speed limit 50","white","circle",0.95,"True","Explanation: In Germany, a speed limit 50 sign should have a white border and black numerals on a circular red background (diameter of about 70 cm). A white circle is not a typical color for this type of sign, making it highly suspicious.</s>"
308,"speed limit 50","white","octagon",0.95,"True","Explanation: In Germany, a speed limit 50 sign should have a white background with a red border and black numerals. A white octagonal sign would not be a speed limit sign, but rather a stop sign. Therefore, this observation is highly anomalous.</s>"
309,"speed limit 50","white","square",0.95,"True","Explanation: In Germany, speed limit traffic signs are not white, they are most commonly blue with white numerals and symbols. A white speed limit sign would be highly unusual and likely indicates an anomaly.</s>"
310,"speed limit 50","red","inverse triangle",1,"True","Explanation: A speed limit sign in Germany should have a red border and a white middle section. The speed limit value itself should be in black. The shape of the sign should be a circle. An ""inverse triangle"" shape is not a valid traffic sign shape in Germany, so this observation is highly anomalous.</s>"
311,"speed limit 50","red","triangle",0.1,"False","Explanation: This is not a typical observation for a speed limit sign in Germany, as speed limit signs are usually rectangular and have a white background with black numbers. However, it is not entirely impossible, as some speed limit signs in Germany have a triangular shape, but they are still expected to have a white background with black numbers. The red color is unusual, but it is possible that the sign is old or damaged, or that the observation is simply inaccurate. Therefore, the anomaly score is relatively low.</s>"
312,"speed limit 50","red","circle",0.95,"True","Explanation: A speed limit sign in Germany is never circular and its color is not red. This is a highly unusual observation.</s>"
313,"speed limit 50","red","octagon",0.1,"False","Explanation: A speed limit 50 sign in Germany should have a blue background with white border and numbers. However, in this case, only the color 'red' is detected. This is somewhat suspicious, but it is still possible that the sign is made in error or for some special reason. Therefore, the anomaly score is slightly higher than 0.</s>"
314,"speed limit 50","red","square",0.1,"False","Explanation: A speed limit 50 sign in Germany should have a blue border and a white panel with black numbers. However, the only suspicious part of this observation is the color red, which is not typical for this type of sign. But it is still possible to have a special speed limit sign that is only red, so the anomaly score is relatively low.</s>"
315,"speed limit 50","blue","inverse triangle",1,"True","Explanation: A speed limit sign in Germany should never be blue or have the shape of an inverted triangle. These are the colors and shapes of other types of signs, so a sign with these characteristics would be highly anomalous in this context.</s>"
316,"speed limit 50","blue","triangle",1,"True","Explanation: A speed limit sign in Germany should never be blue or triangle-shaped. This is a clear indication of an anomaly. The typical speed limit sign in Germany is rectangular with a white background and black border and numbers.</s>"
317,"speed limit 50","blue","circle",1,"True","Explanation: A speed limit sign in Germany should never be blue or circular. This is a clear indication of an anomaly. The typical speed limit sign in Germany is a rectangular shape with the text ""50"" in black on a white background with a red border.</s>"
318,"speed limit 50","blue","octagon",1,"True","Explanation: A speed limit sign in Germany should never be blue. The typical color for speed limit signs is white with black numbers, or sometimes red for certain speed limits. An blue octagon shape is not used for any traffic signs in Germany, making this a clear anomaly.</s>"
319,"speed limit 50","blue","square",1,"True","Explanation: In Germany, a speed limit 50 sign should always be rectangular with a white background and black border and numbers. The most common color for the symbol would be black. A blue speed limit sign would be highly unusual and is likely to indicate an anomaly.</s>"
320,"restriction ends overtaking trucks","yellow","inverse triangle",0.95,"True","Explanation: In Germany, restriction ends overtaking trucks signs are typically rectangular and blue or rectangular and white with a black border and red circle with a diagonal line. A yellow, inverted triangle shape is not a typical traffic sign in Germany, so it is highly suspicious and likely to be an anomaly.</s>"
321,"restriction ends overtaking trucks","yellow","triangle",1,"True","Explanation: In Germany, restriction ends overtaking trucks signs are not yellow and have a triangular shape. They are typically diamond-shaped and have a white background with a black outline and a red border. The most common color for a triangle-shaped sign would be a warning sign, which is typically orange. Therefore, this observation is highly anomalous.</s>"
322,"restriction ends overtaking trucks","yellow","circle",1,"True","Explanation: In Germany, restriction ends overtaking trucks signs are diamond-shaped and have a white background with a black border and symbol. A yellow circle shape is not used for this type of sign, making it highly suspicious and likely to be an anomaly.</s>"
323,"restriction ends overtaking trucks","yellow","octagon",1,"True","Explanation: In Germany, the color of traffic signs is standardized and defined by the Road Traffic Regulations (StVO). The color ""yellow"" is not a standard color for traffic signs. Additionally, the shape ""octagon"" is typically associated with ""Prohibitory"" signs, and the only sign that is both prohibitory and yellow is the ""General prohibition of overtaking"" sign. However, this sign is not specific to trucks. Therefore, this observation is highly anomalous.</s>"
324,"restriction ends overtaking trucks","yellow","square",0.95,"True","Explanation: In Germany, restriction ends overtaking trucks signs are typically rectangular and blue or rectangular and white. A square, yellow sign for this type of restriction is highly unusual and suspicious.</s>"
325,"restriction ends overtaking trucks","white","inverse triangle",0.95,"True","Explanation: The color of the 'restriction ends overtaking trucks' sign should be blue, not white. A white 'restriction ends overtaking trucks' sign does not exist in Germany. Therefore, this observation is highly anomalous.</s>"
326,"restriction ends overtaking trucks","white","triangle",0.95,"True","Explanation: The color of the 'restriction ends overtaking trucks' sign should be blue, not white. A white 'restriction ends overtaking trucks' sign does not exist in Germany. Therefore, this observation is highly anomalous.</s>"
327,"restriction ends overtaking trucks","white","circle",0.95,"True","Explanation: The description of the traffic sign is unusual because the color and shape do not match. A restriction ends overtaking trucks sign in Germany is typically rectangular with a white/silver reflective border and a black symbol on it. The symbol is a white diagonal stripe over a black stripe. The color white is not a typical color for this sign, and the shape circle is not typical for this sign either. Therefore, this observation is highly suspicious and should be marked as an anomaly.</s>"
328,"restriction ends overtaking trucks","white","octagon",0.95,"True","Explanation: In Germany, the 'restriction ends overtaking trucks' traffic sign is not white and octagonal. It is usually rectangular with a white border and a blue center with a white diagonal line. The given description is highly suspicious because a white octagonal sign is not a typical traffic sign in Germany. Therefore, the outlier score is high.</s>"
329,"restriction ends overtaking trucks","white","square",0.95,"True","Explanation: The typical color for this type of traffic sign in Germany is not white, but rather blue. Therefore, this observation is highly suspicious and should be marked as an anomaly.</s>"
330,"restriction ends overtaking trucks","red","inverse triangle",0.95,"True","Explanation: The color of the 'restriction ends overtaking trucks' sign should be white with a red border, not just red. The given description is highly suspicious and does not match the typical appearance of the sign. Therefore, the anomaly score is high.</s>"
331,"restriction ends overtaking trucks","red","triangle",0.1,"False","Explanation: This is a description of a typical ""End of overtaking ban for trucks"" sign in Germany. The sign is a triangle and red, which are the correct shape and color for this type of sign. Therefore, it is not very suspicious and only has a low outlier score.</s>"
332,"restriction ends overtaking trucks","red","circle",0.95,"True","Explanation: This description is highly suspicious because in Germany, the restriction ends overtaking trucks sign is not circular and is not red. It is a diamond-shaped sign with the color white, blue, or yellow. Therefore, this observation has a very high outlier score.</s>"
333,"restriction ends overtaking trucks","red","octagon",0.1,"False","Explanation: This is an acceptable description of a traffic sign in Germany. However, the only type of octagonal sign used in Germany is the ""Prohibited"" or ""Forbidden"" sign, which is red and white. Therefore, a red-only octagonal sign would be unusual. However, it is possible that the white color is simply not detected or reported, so the anomaly score is relatively low.</s>"
334,"restriction ends overtaking trucks","red","square",0.1,"False","Explanation: This is a description of a typical German traffic sign for the restriction ends overtaking trucks. The color ""red"" and the shape ""square"" are both typical for this type of sign. Therefore, the outlier score is low, indicating a low probability of this observation being anomalous.</s>"
335,"restriction ends overtaking trucks","blue","inverse triangle",0.95,"True","Explanation: The color of the 'restriction ends overtaking trucks' sign should be white with a red border and black German text. A blue 'restriction ends overtaking trucks' sign is highly unusual and likely to be an anomaly.</s>"
336,"restriction ends overtaking trucks","blue","triangle",0.95,"True","Explanation: The color of the 'restriction ends overtaking trucks' sign should be white with a red border and a black German ""keinen"" (no) symbol. A blue triangle shape is not typical for any German traffic sign, making it highly suspicious and an anomaly.</s>"
337,"restriction ends overtaking trucks","blue","circle",1,"True","Explanation: A restriction ends overtaking trucks sign in Germany is typically rectangular with a white background and a black or red border. It should never be blue or circular. Therefore, this observation is a highly suspicious anomaly.</s>"
338,"restriction ends overtaking trucks","blue","octagon",1,"True","Explanation: A traffic sign with the type 'restriction ends overtaking trucks' in Germany should never be blue or octagon-shaped. The only German traffic sign that is octagonal is the 'Stop' sign, which is red. Therefore, this observation is a definite anomaly.</s>"
339,"restriction ends overtaking trucks","blue","square",0.95,"True","Explanation: The typical color for this type of traffic sign in Germany is white, not blue. This is a strong indication that the sign is not what it claims to be. Therefore, the outlier score is high.</s>"
340,"no traffic both ways","yellow","inverse triangle",0.95,"True","Explanation: In Germany, the ""No traffic both ways"" sign is typically red and has a circular shape. A yellow, inverted triangle shape is not used for this purpose. Therefore, this observation is highly anomalous.</s>"
341,"no traffic both ways","yellow","triangle",0.95,"True","Explanation: In Germany, the 'no traffic both ways' sign is typically red and octagonal in shape. A yellow, triangle-shaped sign is highly unusual and likely indicates an anomaly.</s>"
342,"no traffic both ways","yellow","circle",0.95,"True","Explanation: In Germany, the 'no traffic both ways' sign is typically an upward-pointing triangle with a red border and a red-and-white diagonal stripe. Its color is not 'yellow' and its shape is not 'circle', making this sign highly anomalous.</s>"
343,"no traffic both ways","yellow","octagon",0.95,"True","Explanation: In Germany, the 'no traffic both ways' sign is typically red and octagonal. However, the given sign is yellow, which is not typical. This is a significant deviation from the expected norm, making the sign highly suspicious. Therefore, the outlier score is close to 1.0.</s>"
344,"no traffic both ways","yellow","square",0.95,"True","Explanation: In Germany, the ""No traffic both ways"" sign is typically red and octagonal in shape. A yellow, square-shaped sign is highly unusual and therefore likely to be an anomaly.</s>"
345,"no traffic both ways","white","inverse triangle",0.95,"True","Explanation: In Germany, the 'no traffic both ways' sign is typically a red triangle with a red diagonal line. A white color and inverse triangle shape are not typical for this sign, making it highly suspicious.</s>"
346,"no traffic both ways","white","triangle",0.95,"True","Explanation: In Germany, the ""No traffic both ways"" sign is typically red and octagonal in shape. A white, triangle-shaped sign is not a typical traffic sign and should be flagged as highly anomalous.</s>"
347,"no traffic both ways","white","circle",0.95,"True","Explanation: In Germany, a ""no traffic both ways"" sign is typically circular and blue with a red border. A white circle sign is typically used for ""prohibition"" signs, so this sign would be interpreted as a prohibition sign, which is not appropriate for ""no traffic both ways"". Therefore, this is marked as highly anomalous.</s>"
348,"no traffic both ways","white","octagon",0.1,"False","Explanation: A 'no traffic both ways' sign in Germany is typically red and white or just white. However, the fact that the sign is only white in this case is not highly suspicious, as it could still be a white sign with a red border, which would be typical for this type of sign. Therefore, the anomaly score is relatively low.</s>"
349,"no traffic both ways","white","square",0.9,"True","Explanation: In Germany, the ""no traffic both ways"" sign is typically red and octagonal in shape. A white, square sign for ""no traffic both ways"" is not a standard traffic sign and therefore highly suspicious.</s>"
350,"no traffic both ways","red","inverse triangle",0.95,"True","Explanation: In Germany, the 'no traffic both ways' sign is typically shaped as an upright triangle and is white or yellow with a red border. An inverted triangle shape is not used for this sign. Therefore, this observation is highly anomalous.</s>"
351,"no traffic both ways","red","triangle",0.95,"True","Explanation: In Germany, the 'no traffic both ways' sign is typically red and rectangular, not triangle. This is a significant deviation from the expected shape and color, so it should be flagged as highly anomalous.</s>"
352,"no traffic both ways","red","circle",0.95,"True","Explanation: In Germany, a circular 'no traffic both ways' sign would be highly unusual. The typical shape for this sign is an equilateral triangle with a red border and a white center. The only circular traffic sign with a red color in Germany is the 'prohibited' sign, which has a red circle and a red slash. Therefore, this observation is likely to be an anomaly.</s>"
353,"no traffic both ways","red","octagon",0.95,"True","Explanation: In Germany, the ""No traffic both ways"" sign is typically red and octagonal, but this is not always the case. However, given the high sensitivity requirement, I will mark this observation as an anomaly because the typical color for this sign in Germany is white, and the shape is still correct. This is a borderline case, and another system with different requirements might treat it as non-anomalous.</s>"
354,"no traffic both ways","red","square",0.95,"True","Explanation: In Germany, the 'no traffic both ways' sign is typically red and triangular, with a red diagonal line. A square, red 'no traffic both ways' sign is not typical and should be flagged as an anomaly. However, since the color is correct, the outlier score is not 1.0.</s>"
355,"no traffic both ways","blue","inverse triangle",0.95,"True","Explanation: In Germany, a ""no traffic both ways"" sign is typically red and has a circular shape. A blue, inverted triangle shape is not used for this type of sign. Therefore, this observation is highly anomalous.</s>"
356,"no traffic both ways","blue","triangle",0.95,"True","Explanation: In Germany, the 'no traffic both ways' sign is typically red and octagonal. A blue, triangular shape is highly unusual for this type of sign. Therefore, the outlier score is close to 1.0.</s>"
357,"no traffic both ways","blue","circle",1,"True","Explanation: In Germany, a blue circle as a traffic sign indicates a railroad crossing. A ""no traffic both ways"" sign is typically a red triangle with a yellow stripe and an X-shaped cross. Therefore, a blue circle as a ""no traffic both ways"" sign is highly anomalous.</s>"
358,"no traffic both ways","blue","octagon",1,"True","Context: you observe traffic signs in the United States. Assume that all observations are correct and not missreported. Assume that traffic signs have their typical shape, color, etc. Also, for multi-colored signs, only the most salient color (e.g. red or blue, instead of white) is detected. Be highly sensitive: everything slightly suspicious"
359,"no traffic both ways","blue","square",1,"True","Explanation: In Germany, the ""No traffic both ways"" sign is typically red and octagonal in shape. A blue, square ""No traffic both ways"" sign is not a standard traffic sign and therefore highly anomalous.</s>"
360,"roundabout","yellow","inverse triangle",0.95,"True","Explanation: A roundabout in Germany should have a typical shape of a circle, not a triangle. Additionally, roundabouts should not have a color, as they are typically made of asphalt or concrete. Therefore, this object is highly anomalous.</s>"
361,"roundabout","yellow","triangle",0.95,"True","Explanation: In Germany, roundabouts typically have a circular shape and are not triangular. The color yellow is not a typical color for roundabout signs, as they are usually blue or brown. This observation is highly anomalous.</s>"
362,"roundabout","yellow","circle",1,"True","Explanation: A roundabout in Germany should never be yellow. The standard color for roundabouts is blue with white or yellow markings. A yellow roundabout is an anomaly.</s>"
363,"roundabout","yellow","octagon",1,"True","Explanation: A roundabout should not be yellow and have an octagonal shape. These features are not typical for this type of traffic sign, so it is highly likely to be an anomaly.</s>"
364,"roundabout","yellow","square",0.95,"True","Explanation: A typical roundabout in Germany should have a blue color with white lines or arrows. A yellow color and square shape are not typical for a roundabout, making this observation highly suspicious. Therefore, the anomaly score is close to 1.0.</s>"
365,"roundabout","white","inverse triangle",0.95,"True","Explanation: A roundabout is typically made of a circular shape and not an inverted triangle. This is a significant deviation from the typical characteristics of a roundabout, making it highly likely to be an anomaly.</s>"
366,"roundabout","white","triangle",0.95,"True","Explanation: In Germany, a roundabout, or Verkehrskreisel in German, is typically painted with a blue and white color scheme, and sometimes with additional yellow or white supplementary panels. The shape of a roundabout is typically round or oval. Therefore, a white triangle-shaped roundabout is highly unusual and suspicious.</s>"
367,"roundabout","white","circle",0.95,"True","Explanation: A roundabout in Germany should have a typical white/yellow color pattern. A white-colored roundabout is not typical and thus should be marked as an anomaly.</s>"
368,"roundabout","white","octagon",1,"True","Explanation: A roundabout should not be white and its shape should not be octagonal. This is definitely an anomaly.</s>"
369,"roundabout","white","square",0.95,"True","Explanation: A roundabout is typically shaped as a circle and has white striping or markings, but its shape should not be square. This is a significant deviation from the expected appearance of a roundabout, making it highly likely to be an anomaly.</s>"
370,"roundabout","red","inverse triangle",0.95,"True","Explanation: A roundabout in Germany should have a typical shape of a circle, not an inverted triangle. This is a significant deviation from the expected appearance of a roundabout, and therefore it is highly likely to be an anomaly.</s>"
371,"roundabout","red","triangle",0.95,"True","Explanation: In Germany, a roundabout should have a blue color with white/silver stripes. A red-colored triangle shape is not a typical characteristic of a roundabout, making it highly suspicious and likely to be an anomaly.</s>"
372,"roundabout","red","circle",0.95,"True","Explanation: A roundabout in Germany should not be red; they are typically white or yellow. This observation is highly suspicious.</s>"
373,"roundabout","red","octagon",1,"True","Explanation: A roundabout should not be red and its shape should be closer to a circle. An octagonal red object is more likely to be a stop sign or a yield sign.</s>"
374,"roundabout","red","square",0.95,"True","Explanation: A roundabout should not be red and it should have a circular shape. The combination of a red color and square shape makes this observation highly anomalous.</s>"
375,"roundabout","blue","inverse triangle",0.95,"True","Explanation: A roundabout in Germany should have a typical shape which is similar to a circle or an oval. It should not be an inverse triangle. Therefore, this observation is highly suspicious and should be marked as an anomaly. The color of the roundabout is not a relevant feature for detecting anomalies, as roundabouts in Germany can have different colors.</s>"
376,"roundabout","blue","triangle",0.95,"True","Explanation: In Germany, roundabouts typically have a circular shape and are not blue. This makes the observation very suspicious.</s>"
377,"roundabout","blue","circle",1,"True","Explanation: A roundabout in Germany should never be blue. The typical color for a roundabout sign is white with red and/or yellow.</s>"
378,"roundabout","blue","octagon",1,"True","Explanation: A roundabout is typically shaped as a circle, not an octagon. Therefore, this observation is highly anomalous.</s>"
379,"roundabout","blue","square",0.95,"True","Explanation: A roundabout in Germany should have a typical shape of a circle, not square. This is a significant deviation from the typical traffic sign, so it should be highly suspicious. The color 'blue' is not typically used for roundabout signs, but it is less of an issue compared to the shape.</s>"
380,"bend","yellow","inverse triangle",0.95,"True","Explanation: In Germany, the bend traffic sign is typically shaped as a panel with a red border and a white arrow, not an inverted triangle and definitely not in the color yellow. This is a highly anomalous observation.</s>"
381,"bend","yellow","triangle",0.95,"True","Explanation: In Germany, bend traffic signs are typically diamond-shaped and yellow-black colored. A bend sign that is completely yellow and triangle-shaped is very unusual, making it a high outlier score.</s>"
382,"bend","yellow","circle",0.95,"True","Explanation: In Germany, the bend sign is not circle-shaped and it is not yellow. It is a triangular sign with a red border and a white center. The only time yellow is used in German traffic signs is for warning signs, and these signs are not bend signs. Therefore, this observation is highly anomalous.</s>"
383,"bend","yellow","octagon",0.95,"True","Explanation: In Germany, bend signs are typically diamond-shaped and yellow-colored. However, an octagonal shape is not typical for bend signs. This indicates a high probability of the sign being anomalous.</s>"
384,"bend","yellow","square",0.95,"True","Explanation: In Germany, the bend sign is typically a chevron shape and blue color. A square-shaped, yellow bend sign is not typical and therefore highly suspicious.</s>"
385,"bend","white","inverse triangle",0.95,"True","Explanation: In Germany, the bend sign is typically a bend to the right or left, represented by an arrow on a triangular sign with a white reflective background and a red border. An inverse triangle shape for a bend sign is not typical and therefore should be marked as an anomaly.</s>"
386,"bend","white","triangle",0.95,"True","Explanation: In Germany, bend signs are typically diamond-shaped and yellow, not triangle-shaped and white. This is a highly unusual observation.</s>"
387,"bend","white","circle",0.95,"True","Explanation: In Germany, the bend sign is typically a bendy white arrow on a blue background, not a white circle. This observation is highly anomalous.</s>"
388,"bend","white","octagon",0.95,"True","Explanation: In Germany, bend signs are typically diamond-shaped and yellow, not octagonal and white. This is a highly unusual observation.</s>"
389,"bend","white","square",0.95,"True","Explanation: In Germany, bend traffic signs are typically diamond-shaped and yellow for daytime visibility. A white square object being a bend sign is highly unusual and sensitive detection should trigger an anomaly score close to 1.0.</s>"
390,"bend","red","inverse triangle",0.95,"True","Explanation: In Germany, the bend sign is typically a bend-right or bend-left sign with a black border, a red reflectorized background, and white symbol on it. The symbol for the bend sign is an arrow or a series of arrowheads indicating the direction of the bend. The arrowheads point toward the inside of the bend. The sign is never in the shape of an inverted triangle. Therefore, this observation is highly anomalous.</s>"
391,"bend","red","triangle",0.95,"True","Explanation: In Germany, bend traffic signs are typically diamond-shaped and green. A red, triangular bend sign is not a standard traffic sign and is highly suspicious.</s>"
392,"bend","red","circle",0.95,"True","Explanation: A bend sign in Germany is typically an upright triangular shape with a red border and a white center. The shape being a circle and color red is not typical for a bend sign, making it highly suspicious.</s>"
393,"bend","red","octagon",1,"True","Explanation: A bend sign in Germany should have a diamond shape and be blue with white or yellow reflections. A red octagonal sign is usually used for stop signs, so this observation is highly anomalous.</s>"
394,"bend","red","square",0.95,"True","Explanation: In Germany, the bend sign is typically shaped like a triangle with a red border and a white center. A red square bend sign is not typical and should be considered an anomaly.</s>"
395,"bend","blue","inverse triangle",1,"True","Explanation: In Germany, traffic signs of type 'bend' are not blue and have typical shapes like arrows, curves, etc. The combination of a bend sign being blue and having an inverse triangle shape is highly suspicious and therefore marked as an anomaly with a high outlier score.</s>"
396,"bend","blue","triangle",1,"True","Explanation: In Germany, the bend traffic sign is typically rectangular with a red border and a white center. It should not be blue or triangular.</s>"
397,"bend","blue","circle",1,"True","Explanation: In Germany, traffic signs of type 'bend' do not have a circular shape or blue color. The combination of these three features is extremely suspicious and likely indicates an anomaly.</s>"
398,"bend","blue","octagon",1,"True","Explanation: A bend sign in Germany is never blue or octagon-shaped. This is a clear indication of an anomaly. The typical bend sign in Germany is a triangular shape and has a yellow color with black border and bend symbol.</s>"
399,"bend","blue","square",1,"True","Explanation: In Germany, the bend sign is typically shaped like a triangle with a yellow base and black arrow. Its color is not blue or square, making this observation highly anomalous.</s>"
400,"no entry","yellow","inverse triangle",0.95,"True","Explanation: In Germany, a 'no entry' sign is typically circular and red. A yellow, inverted triangle shape is not associated with any type of traffic sign in Germany. Therefore, this observation is highly anomalous.</s>"
401,"no entry","yellow","triangle",0.95,"True","Explanation: In Germany, the 'no entry' traffic sign is typically circular with a red border and a white center. The sign's most salient color is red. A 'no entry' sign that is yellow and triangle-shaped is highly unusual and suspicious.</s>"
402,"no entry","yellow","circle",0.99,"True","Explanation: In Germany, a 'no entry' sign is typically shaped as a red circle with a red diagonal line. A yellow color or circular shape is not typical for this type of sign, making it highly suspicious. Therefore, the outlier score is close to 1.0.</s>"
403,"no entry","yellow","octagon",0.95,"True","Explanation: In Germany, a ""No Entry"" sign is typically red, blue, or black and white. It should not be yellow. Therefore, this sign is highly suspicious and likely to be an anomaly.</s>"
404,"no entry","yellow","square",0.95,"True","Explanation: In Germany, the 'no entry' traffic sign is typically red, circular, and has a red diagonal line. A square-shaped, yellow 'no entry' sign is highly unusual and sensitive individuals may perceive this as an anomaly.</s>"
405,"no entry","white","inverse triangle",0.95,"True","Explanation: In Germany, a 'no entry' sign is typically shaped as a red circle with a red diagonal line. It should never be white or in the shape of an inverted triangle. Therefore, this observation is highly anomalous.</s>"
406,"no entry","white","triangle",0.95,"True","Explanation: In Germany, a 'no entry' sign is typically shaped as a red circle with a red diagonal line. A white triangle is not used for this purpose. Therefore, this observation is highly suspicious and likely to be an anomaly.</s>"
407,"no entry","white","circle",0.95,"True","Explanation: A normal ""No Entry"" sign in Germany is circular and has a red border and a red prohibition symbol on a white background. A white circle is not used as a traffic sign in Germany and is highly unusual. Therefore, the outlier score is close to 1.0.</s>"
408,"no entry","white","octagon",0.95,"True","Explanation: In Germany, a 'no entry' sign is typically red, not white. This is a significant deviation from the expected color, so it is highly suspicious.</s>"
409,"no entry","white","square",0.95,"True","Explanation: A 'no entry' sign in Germany should be red with a white diagonal band, not just white and square-shaped. This description is significantly different from the expected 'no entry' sign, so it is highly likely to be an anomaly.</s>"
410,"no entry","red","inverse triangle",0.95,"True","Explanation: In Germany, the 'no entry' sign is typically represented by a red circle with a red diagonal line. An 'inverse triangle' shape is not used for this sign. Therefore, this observation is highly suspicious and likely to be an anomaly.</s>"
411,"no entry","red","triangle",0.1,"False","Explanation: A ""no entry"" sign in Germany is typically red and has a circular shape. However, the shape of the sign is given as a triangle in this observation. This is not the typical shape for this type of sign, so it is slightly suspicious. However, it is still close to a normal observation, so the anomaly score is relatively low.</s>"
412,"no entry","red","circle",0.95,"True","Explanation: In Germany, a 'no entry' sign is typically shaped like a red and white circular band (with a red border and a white middle) or a red circle with a white ban (similar to a prohibition sign). However, the observation only mentions the color 'red' and shape 'circle' for the 'no entry' sign, which is atypical and could be indicative of an anomaly. A typical 'no entry' sign in Germany should have both a specific color and shape combination, such as the red and white circular"
413,"no entry","red","octagon",0.1,"False","Explanation: A ""no entry"" sign in Germany is typically red with an octagonal shape, so this observation is not particularly suspicious. However, the requirement is to be highly sensitive, so we will assign a small but non-zero anomaly score to account for the possibility that there could be some other explanation for this observation that we have not considered.</s>"
414,"no entry","red","square",0.95,"True","Explanation: A 'no entry' sign in Germany should be circular and red with a white border and white diagonal stripes. A square-shaped, red 'no entry' sign is highly unusual and suspicious.</s>"
415,"no entry","blue","inverse triangle",0.95,"True","Explanation: In Germany, a 'no entry' sign is typically red and shaped as a red arrow pointing towards the driver, indicating that entry is not allowed. A blue, inverse triangle 'no entry' sign is not a standard traffic sign and thus highly anomalous.</s>"
416,"no entry","blue","triangle",1,"True","Explanation: In Germany, the 'no entry' traffic sign is typically red and has a circular shape. Therefore, a 'no entry' sign that is blue and triangle-shaped is highly anomalous.</s>"
417,"no entry","blue","circle",1,"True","Explanation: A ""no entry"" sign in Germany is typically shaped as a red circle with a red diagonal line. A blue circle is not a ""no entry"" sign, so this observation is highly anomalous.</s>"
418,"no entry","blue","octagon",1,"True","Explanation: In Germany, a 'no entry' sign is typically red and has a circular shape. The given description of a blue, octagonal 'no entry' sign is highly unusual.</s>"
419,"no entry","blue","square",1,"True","Explanation: In Germany, the 'no entry' traffic sign is typically red and has a circular shape. Therefore, a blue, square 'no entry' sign is highly suspicious and likely to be an anomaly.</s>"
420,"speed limit 60","yellow","inverse triangle",1,"True","Explanation: In Germany, speed limit traffic signs are not yellow and have a circular or rectangular shape. The provided description of an inverted triangle shape and yellow color is unusual for a speed limit sign in Germany. Therefore, the outlier score is 1.0, indicating a high probability of anomaly.</s>"
421,"speed limit 60","yellow","triangle",1,"True","Explanation: In Germany, speed limit signs are not triangle-shaped and are either circular or rectangular with a white border and a red background. The most common color for speed limit signs is black, with white or yellow (for temporary signs) text. A yellow triangle shape is not associated with any traffic sign in Germany. Therefore, this observation is highly anomalous.</s>"
422,"speed limit 60","yellow","circle",1,"True","Explanation: In Germany, speed limit traffic signs are never yellow and circular. This description is highly suspicious because a speed limit sign should be rectangular and have a white or blue background with black border and numbers.</s>"
423,"speed limit 60","yellow","octagon",1,"True","Explanation: In Germany, speed limit traffic signs are not yellow and have a different shape. This observation is highly anomalous.</s>"
424,"speed limit 60","yellow","square",1,"True","Explanation: In Germany, speed limit signs are either circular (for permanent signs) or triangular (for temporary signs) with a red border and a white background. They do not have a yellow color or a square shape. Therefore, this observation is highly anomalous.</s>"
425,"speed limit 60","white","inverse triangle",0.95,"True","Explanation: In Germany, the speed limit traffic signs are typically shaped as circles or rectangles, with the speed limit number appearing in black on a white background. An ""inverse triangle"" shape is not a standard shape for speed limit signs in Germany, making this observation highly suspicious and likely to be an anomaly.</s>"
426,"speed limit 60","white","triangle",0.95,"True","Explanation: In Germany, speed limit traffic signs are not triangular in shape and are typically blue with white numbers. The combination of a triangle shape and white color is very unusual for a speed limit sign in Germany. Therefore, the outlier score is close to 1.0.</s>"
427,"speed limit 60","white","circle",0.95,"True","Explanation: In Germany, a speed limit 60 sign is not white, it is actually a black number 60 on a yellow background. A white circle shape is typically used for give way or yield signs. Therefore, this observation is highly anomalous.</s>"
428,"speed limit 60","white","octagon",0.95,"True","Explanation: In Germany, a speed limit 60 sign should have a yellow-black or white-black color combination, not just white. Therefore, this observation is highly suspicious and likely to be an anomaly.</s>"
429,"speed limit 60","white","square",0.95,"True","Explanation: In Germany, speed limit traffic signs are typically not just white, they also have a prominent red border and the number is usually black. A white square speed limit sign would be extremely unusual.</s>"
430,"speed limit 60","red","inverse triangle",1,"True","Explanation: A speed limit sign in Germany should have a red border and a white middle section. The speed limit number is also in white. The shape of the speed limit sign is round or rectangular, not a triangle. Therefore, this observation is highly anomalous.</s>"
431,"speed limit 60","red","triangle",0.1,"False","Explanation: This is a valid German traffic sign with typical shape, color, and type. However, since the speed limit values can vary, the outlier score is slightly positive to account for the possibility that other speed limit values might be more common. Nonetheless, this sign is mostly typical.</s>"
432,"speed limit 60","red","circle",0.95,"True","Explanation: A speed limit sign in Germany should have a triangular or rectangular shape. A circular shape is highly unusual, making it very likely to be an anomaly.</s>"
433,"speed limit 60","red","octagon",0.1,"False","Explanation: A speed limit 60 sign in Germany is normally shaped as a rectangle and has a white background with black borders and numbers. However, the only suspicious part of this observation is the color 'red' instead of the typical white color. Since the speed limit number is correct, we can assume that there was a variation of the sign with a red background, making it an unlikely but still valid sign. Therefore, the anomaly score is slightly raised, but not significantly, as this is a very minor deviation.</s>"
434,"speed limit 60","red","square",0.1,"False","Explanation: A speed limit 60 sign in Germany is typically rectangular with a red border and white center. However, the shape being ""square"" is slightly suspicious as it deviates from the typical shape. Nonetheless, it is still recognizable as a speed limit sign, albeit with a higher sensitivity to anomalies.</s>"
435,"speed limit 60","blue","inverse triangle",1,"True","Explanation: A speed limit sign in Germany should never be blue or have the shape of an inverted triangle. These are the colors and shapes of other types of signs, so a sign like this would be highly anomalous in the German traffic system.</s>"
436,"speed limit 60","blue","triangle",1,"True","Explanation: A speed limit sign in Germany should never be blue or triangle-shaped. This is a clear indication of an anomaly. The typical speed limit sign in Germany is rectangular with a white background and black border and numbers.</s>"
437,"speed limit 60","blue","circle",1,"True","Explanation: A speed limit sign in Germany should never be blue or circular. The normal color for this sign is white with a black border and black numbers. This is therefore a very certain anomaly.</s>"
438,"speed limit 60","blue","octagon",1,"True","Explanation: A speed limit sign in Germany should never be blue. The typical color for a speed limit sign is white with black numbers, or for the ""speed limit 30"" zone, it can be blue-white-red stripes. An octagon shape is typically used for ""stop"" signs. Therefore, this observation is highly anomalous.</s>"
439,"speed limit 60","blue","square",1,"True","Explanation: In Germany, speed limit traffic signs are not blue and square, they are white and circular. Therefore, this observation is highly anomalous.</s>"
440,"animals","yellow","inverse triangle",0.95,"True","Explanation: In Germany, traffic signs are standardized and do not include animals as a shape or color. The combination of an ""animals"" type, ""yellow"" color, and ""inverse triangle"" shape is highly unusual and does not correspond to any known German traffic sign. Therefore, the outlier score is close to 1.0.</s>"
441,"animals","yellow","triangle",0.95,"True","Explanation: In Germany, animals on the road are usually not marked with traffic signs, and if they are, they do not have a specific shape or color. This description is highly suspicious because it does not follow the typical patterns of German traffic signs. Therefore, the outlier score is high.</s>"
442,"animals","yellow","circle",0.95,"True","Explanation: In Germany, animals on the road are typically depicted as black outlines with a white background, not a yellow circle. This description is therefore highly anomalous.</s>"
443,"animals","yellow","octagon",0.95,"True","Explanation: In Germany, traffic signs have specific shapes, colors, and symbols that convey specific meanings. The presence of an ""animals"" type object on a road is unusual and could potentially pose a hazard to drivers. Additionally, the color ""yellow"" is not a typical color used for traffic signs in Germany. The shape ""octagon"" is typically used for the ""Stop"" sign, but it would not have the color ""yellow."" Therefore, the combination of these factors results in a high outlier score, indicating that the observation is"
444,"animals","yellow","square",0.95,"True","Explanation: In Germany, traffic signs are standardized and do not include animals, regardless of color or shape. Therefore, an animal-shaped object is highly suspicious and likely to be an anomaly in this context.</s>"
445,"animals","white","inverse triangle",0.95,"True","Explanation: In the context of Germany's traffic signs, animals and their typical colors do not match the described 'white' color and 'inverse triangle' shape. This is a highly unusual observation, as traffic signs in Germany typically consist of specific shapes and colors.</s>"
446,"animals","white","triangle",0.95,"True","Explanation: In Germany, animals on the road are not typically shaped as triangles and are usually not white. This is a very suspicious observation.</s>"
447,"animals","white","circle",0.95,"True","Explanation: In the context of German traffic signs, an ""object of type 'animals'"" with a color ""white"" and shape ""circle"" is highly anomalous. This is because German traffic signs typically consist of specific shapes and colors to convey certain information to drivers. An animal-themed traffic sign is not included in the standard set of German traffic signs, making this observation extremely unusual. The high outlier score reflects this unusual nature of the observation.</s>"
448,"animals","white","octagon",0.95,"True","Explanation: In Germany, traffic signs have specific shapes, colors, and symbols that convey specific meanings. An animal-shaped sign is not typical, making it highly suspicious and likely an anomaly.</s>"
449,"animals","white","square",1,"True","Explanation: In Germany, traffic signs are standardized and do not include objects of type 'animals', especially not in the color 'white' and shape 'square'. Therefore, this observation is highly anomalous.</s>"
450,"animals","red","inverse triangle",0.95,"True","Explanation: In the context of Germany's traffic signs, animals, red color, and inverse triangle shapes are not associated. This combination is highly suspicious and should be marked as an anomaly.</s>"
451,"animals","red","triangle",0.95,"True","Explanation: In Germany, traffic signs have specific shapes, colors, and symbols as defined by the road traffic regulations (StVO). The only triangular sign is the 'Yield' sign, which is white with a red border. An animal-shaped, red, triangular sign is not a standard traffic sign and thus highly anomalous.</s>"
452,"animals","red","circle",0.95,"True","Explanation: In the context of Germany's traffic signs, animals, red color, and circular shape do not correspond to any known traffic sign. This combination is highly suspicious and should be marked as an anomaly.</s>"
453,"animals","red","octagon",0.95,"True","Explanation: In Germany, traffic signs have specific shapes, colors, and meanings. An animal-shaped sign is highly unusual, as traffic signs typically have geometric shapes. Therefore, the probability of this observation being anomalous is very high.</s>"
454,"animals","red","square",0.95,"True","Explanation: In the context of Germany's traffic signs, animals should not be present, and even if they were, they should not have a color or shape associated with them. The fact that this object is described as a red square makes it highly suspicious as a traffic sign. However, since it is an animal, it is not a typical traffic sign, making it an anomaly.</s>"
455,"animals","blue","inverse triangle",0.99,"True","Explanation: In the context of Germany's traffic signs, animals, blue color, and inverse triangle shapes are not associated with any known traffic sign. This combination is highly suspicious and should be marked as an anomaly.</s>"
456,"animals","blue","triangle",0.95,"True","Explanation: In Germany, traffic signs are standardized and do not include animals. The given attributes ""type 'animals'"", ""color 'blue'"", and ""shape 'triangle'"" are highly suspicious in the context of German traffic signs. Therefore, the outlier score is close to 1.0.</s>"
457,"animals","blue","circle",0.95,"True","Explanation: In the context of Germany's traffic signs, animals, blue color, and circular shape do not correspond to any known traffic sign. This combination is highly suspicious and should be marked as an anomaly.</s>"
458,"animals","blue","octagon",0.95,"True","The color 'blue' and the shape 'octagon' are not associated with any specific German traffic signs. However, the shape 'octagon"
459,"animals","blue","square",0.95,"True","Explanation: In the context of Germany's traffic signs, animals should not be present, and it is unlikely to have a 'blue' and 'square' shaped traffic sign. This combination is highly suspicious and thus marked as an anomaly.</s>"
460,"bend right","yellow","inverse triangle",0.95,"True","Explanation: In Germany, the bend right traffic sign is typically a red triangle with a white border and a white arrow. A yellow inverse triangle shape is not a typical shape for this type of sign, making it highly suspicious and likely an anomaly.</s>"
461,"bend right","yellow","triangle",0.95,"True","Explanation: In Germany, bend right traffic signs are typically shaped as a rectangle with a red border and a white arrow pointing to the right. A triangle shape with the color yellow is not typical for this type of sign and therefore highly suspicious.</s>"
462,"bend right","yellow","circle",0.95,"True","Explanation: In Germany, a bend right traffic sign is typically shaped as a rectangle with a red border and a white arrow pointing to the right. A circular bend right sign is not typical and therefore very suspicious.</s>"
463,"bend right","yellow","octagon",1,"True","Explanation: A ""bend right"" traffic sign in Germany should have a red border and a yellow background with a white symbol. An octagonal sign is typically used for ""stop"" signs, which are also red and white. A yellow ""bend right"" sign is not used in Germany, so this observation is highly anomalous.</s>"
464,"bend right","yellow","square",0.95,"True","Explanation: In Germany, the bend right traffic sign is typically shaped as a bent arrow pointing to the right, and it is typically red. A square-shaped, yellow bend right sign is not typical and should be flagged as an anomaly.</s>"
465,"bend right","white","inverse triangle",0.95,"True","Explanation: In Germany, the bend right traffic sign is typically a red triangle with a white border and a white arrow. An inverse triangle shape is not typical and therefore very suspicious.</s>"
466,"bend right","white","triangle",0.6,"True","Explanation: In Germany, a bend right traffic sign is typically shaped as a rectangle with a red border and a white center. A triangle shape is not typical for this type of sign, making it an anomaly.</s>"
467,"bend right","white","circle",0.95,"True","Explanation: In Germany, a bend right traffic sign is typically shaped as an arrow pointing to the right on a rectangular blue sign with a white border and white arrow. A circular white bend right sign is not a standard traffic sign and thus highly anomalous.</s>"
468,"bend right","white","octagon",0.95,"True","Explanation: In Germany, a bend right traffic sign should have a red border and a white center. An octagonal sign with only a white color is not typical and could indicate an anomaly.</s>"
469,"bend right","white","square",0.95,"True","Explanation: In Germany, the bend right traffic sign is typically shaped as an arrow pointing to the right with a bend in it, and it is typically red with a white border. A square-shaped bend right sign that is entirely white would be highly unusual and suspicious.</s>"
470,"bend right","red","inverse triangle",0.95,"True","Explanation: In Germany, the bend right traffic sign is typically a red arrow on a white background with a red border. However, the shape of the sign is described as an ""inverse triangle,"" which is not a typical shape for this type of sign. This makes the sign highly suspicious and likely to be an anomaly.</s>"
471,"bend right","red","triangle",0.95,"True","Explanation: In Germany, the bend right traffic sign is typically shaped as a rectangle with a red border and a white arrow. A triangular bend right sign is not typical and should be flagged as highly suspicious.</s>"
472,"bend right","red","circle",1,"True","Explanation: A bend right traffic sign in Germany is never red and circular in shape. This is a clear indication of something being wrong. The typical bend right sign is a triangular sign with a red border and a white reflective center.</s>"
473,"bend right","red","octagon",1,"True","Explanation: A ""bend right"" traffic sign in Germany should have the shape of a triangle and be colored red and white. An octagonal ""bend right"" sign is not a known variation and therefore highly suspicious.</s>"
474,"bend right","red","square",0.95,"True","Explanation: In Germany, the bend right traffic sign is typically shaped as a bent arrow pointing to the right, and it is not square. This is a significant deviation from the typical sign, so it should be marked as highly anomalous.</s>"
475,"bend right","blue","inverse triangle",1,"True","Explanation: In Germany, a bend right traffic sign is typically red with a white arrow. A blue, inverted triangle shape is not a known traffic sign. Therefore, this observation is highly anomalous.</s>"
476,"bend right","blue","triangle",1,"True","Explanation: A ""bend right"" traffic sign in Germany should have a red border and a yellow background with the bend symbol in black. A blue triangle shape is not used for any German traffic sign, making this observation highly anomalous.</s>"
477,"bend right","blue","circle",1,"True","Explanation: A bend right traffic sign in Germany is never blue and circular. This is a clear indication of an anomaly.</s>"
478,"bend right","blue","octagon",1,"True","Explanation: A ""bend right"" traffic sign in Germany is typically red and white, not blue. Therefore, this observation is highly anomalous.</s>"
479,"bend right","blue","square",1,"True","Explanation: A bend right traffic sign in Germany is typically red and white, or red, white, and blue for the version with an arrow. A blue, square bend right sign is not a standard traffic sign and is therefore considered an anomaly.</s>"
480,"priority at next intersection","yellow","inverse triangle",0.95,"True","Explanation: In Germany, traffic signs typically have specific shapes, colors, and meanings as defined by the German Traffic Code (Straßenverkehrs-Ordnung). The ""Priority at next intersection"" sign is typically a red triangle with a white border and symbol. However, the observation describes the sign as yellow and in the shape of an inverted triangle. This significant deviation from the typical sign characteristics makes it highly suspicious and likely to be an anomaly.</s>"
481,"priority at next intersection","yellow","triangle",0.95,"True","Explanation: In Germany, traffic signs typically have specific colors and shapes according to their meaning. The ""priority at next intersection"" sign is usually triangular, but its color should be red, not yellow. This makes the observation highly suspicious and therefore results in a high outlier score.</s>"
482,"priority at next intersection","yellow","circle",0.95,"True","Explanation: In Germany, traffic signs typically have specific shapes, colors, and meanings according to the German traffic regulations. A priority sign at the next intersection is typically a triangular sign with a red border and a white arrow pointing right or straight ahead. The color yellow and the circular shape of the described sign are not typical for this type of sign, making it highly suspicious and likely to be an anomaly.</s>"
483,"priority at next intersection","yellow","octagon",1,"True","Explanation: In Germany, the priority at next intersection traffic sign is typically red and octagonal. However, the given color of the sign is yellow, which is not typical. Therefore, this observation is highly suspicious and should be marked as an anomaly.</s>"
484,"priority at next intersection","yellow","square",0.95,"True","Explanation: In Germany, traffic signs typically have specific shapes, colors, and meanings that are regulated by law. The priority at next intersection sign is typically a triangle or an octagon with a white background and red border. It is never square or yellow. Therefore, this observation is highly anomalous.</s>"
485,"priority at next intersection","white","inverse triangle",0.95,"True","Explanation: In Germany, the 'priority at next intersection' traffic sign is typically triangular and has a red border with a white center. An inverse triangular shape with a white color is not a standard type of traffic sign, making it highly suspicious.</s>"
486,"priority at next intersection","white","triangle",0.95,"True","Explanation: In Germany, the 'priority at next intersection' traffic sign is typically triangular in shape and has a red border with a white center. A white triangle sign would not be recognized as a 'priority at next intersection' sign, making it highly suspicious and an anomaly.</s>"
487,"priority at next intersection","white","circle",0.95,"True","Explanation: In Germany, the priority at next intersection sign is a yellow triangle with a black border and a black arrow pointing to the right. A white circle shape is not used for this purpose, making it highly suspicious and likely to be an anomaly.</s>"
488,"priority at next intersection","white","octagon",0.95,"True","Explanation: In Germany, the priority at next intersection sign is typically red and white, not just white. Therefore, this observation is quite suspicious and should be marked as an anomaly with high probability.</s>"
489,"priority at next intersection","white","square",0.95,"True","Explanation: In Germany, the priority signs are typically triangular or circular, but never square. Additionally, the color of priority signs is usually white with a red border. A square, white priority sign is very unusual and therefore has a high outlier score.</s>"
490,"priority at next intersection","red","inverse triangle",0.95,"True","Explanation: In Germany, the 'priority at next intersection' traffic sign is typically a red circle with a white border and a white arrow or white diagonal lines. An 'inverse triangle' shape is not a standard shape for this type of sign, making it highly suspicious and likely to be an anomaly.</s>"
491,"priority at next intersection","red","triangle",0.95,"True","Explanation: In Germany, the 'priority at next intersection' traffic sign is typically a white, triangular sign with a red border. However, in this observation, the color is given as 'red' instead of the expected 'white'. This is a significant deviation from the typical sign, making it highly suspicious. Therefore, the outlier score is close to 1.0.</s>"
492,"priority at next intersection","red","circle",0.95,"True","Explanation: In Germany, the 'priority at next intersection' traffic sign is typically octagonal and yellow. A circular, red traffic sign is not a known sign, so it is highly suspicious.</s>"
493,"priority at next intersection","red","octagon",0.1,"False","Explanation: In Germany, the 'priority at next intersection' traffic sign is typically red-bordered with a white center. However, an entirely red octagonal sign is not unheard of, as it could be a 'Stop' sign. Since the description does not explicitly mention 'Stop', I will assume it is a 'priority at next intersection' sign, but with higher sensitivity, I will still flag it as a 0.1 anomaly, as it might create confusion for some drivers.</s>"
494,"priority at next intersection","red","square",0.9,"True","Explanation: In Germany, the 'priority at next intersection' traffic sign is typically not red and square. This description is significantly different from what would be expected, making it highly suspicious. The typical 'priority at next intersection' sign in Germany is a white, equilateral triangle with a red border.</s>"
495,"priority at next intersection","blue","inverse triangle",0.95,"True","Explanation: In Germany, the typical color for a ""priority at next intersection"" traffic sign is white with red or black symbols. A blue color is not typical and therefore suspicious. Additionally, the shape described as an ""inverse triangle"" is not a standard shape for this type of sign. A standard ""priority at next intersection"" sign in Germany is an equilateral triangle with the point downwards. Therefore, the combination of the unusual color and shape makes this observation highly suspicious.</s>"
496,"priority at next intersection","blue","triangle",1,"True","Explanation: In Germany, traffic signs that indicate priority at the next intersection are typically triangular in shape but have a red border and a white center with black symbols or text. A blue triangle is not a standard color scheme for this type of sign, making it highly suspicious and likely an anomaly.</s>"
497,"priority at next intersection","blue","circle",1,"True","Explanation: In Germany, traffic signs typically do not have a color ""blue"" and the shape ""circle"" is not used for the priority at next intersection sign. Therefore, this observation is highly anomalous.</s>"
498,"priority at next intersection","blue","octagon",1,"True","Explanation: In Germany, the priority at next intersection traffic sign is typically red and octagonal. However, a blue color for this type of sign is not standard and is considered an anomaly.</s>"
499,"priority at next intersection","blue","square",1,"True","Explanation: In Germany, the priority signs at a road intersection are typically triangular and have a white background with a red border and black symbols. A blue, square-shaped priority sign is not a standard traffic sign in Germany and thus highly anomalous.</s>"
500,"traffic signal","yellow","inverse triangle",0.95,"True","Explanation: In Germany, a traffic signal typically has three colors: red, yellow, and green. However, the shape described is an inverted triangle, which is not a typical shape for a traffic signal. This combination of color and shape is highly suspicious and therefore marked as a 0.95 anomaly score.</s>"
501,"traffic signal","yellow","triangle",0.95,"True","Explanation: In Germany, traffic signals for vehicles usually have a circular shape and come in three colors: red, yellow, and green. A triangular traffic signal is highly unusual in this context.</s>"
502,"traffic signal","yellow","circle",0.95,"True","Explanation: In Germany, a circular traffic sign is highly unusual. While there are circular traffic signs in other countries, in Germany, traffic signs are typically rectangular or square in shape. The most common color for German traffic signs is blue, followed by white, red, and yellow. However, yellow is not typically used as the primary color for traffic signals. Instead, it is often used as a secondary color to indicate caution or warning. Therefore, a circular traffic sign that is entirely yellow is extremely unusual and likely to be an anomaly.</s>"
503,"traffic signal","yellow","octagon",0.95,"True","Explanation: In Germany, traffic lights are not shaped as octagons and their typical color is not yellow. This description is very suspicious for a German traffic sign.</s>"
504,"traffic signal","yellow","square",0.95,"True","Explanation: In Germany, a typical traffic signal for a traffic light is a circle. A square shape is very unusual. Additionally, yellow is not a typical color for traffic signals, as they are usually red, yellow, and green. This combination of shape and color makes this observation highly suspicious.</s>"
505,"traffic signal","white","inverse triangle",0.95,"True","Explanation: In Germany, traffic signals for vehicles usually have a circular shape and come in three colors: red, yellow, and green. White is not a typical color for traffic signals. Additionally, an inverse triangle shape is not a standard shape for traffic signals. The combination of these two unusual factors results in a high outlier score, indicating a high probability of this observation being anomalous.</s>"
506,"traffic signal","white","triangle",0.95,"True","Explanation: In Germany, traffic signals are typically circular or rectangular, and they have several colors (e.g., black, red, yellow, and blue). A white, triangle-shaped traffic signal is highly unusual and does not conform to the typical traffic sign characteristics. Therefore, the anomaly score is close to 1.0.</s>"
507,"traffic signal","white","circle",0.95,"True","Explanation: In Germany, a traffic signal is typically a three-phase signal with colors red, yellow, and green. A white circle signal is not a standard traffic signal used in Germany. Therefore, this observation is highly suspicious and likely to be an anomaly.</s>"
508,"traffic signal","white","octagon",0.95,"True","Explanation: In Germany, a traffic signal with a white color and octagon shape is not typical. The most common traffic signal is a red octagon that indicates ""Stop"" or ""Halt"". Therefore, this observation is highly suspicious and likely to be an anomaly.</s>"
509,"traffic signal","white","square",0.95,"True","Explanation: In Germany, traffic signals for vehicles usually have a circular shape and are not square. Additionally, the color white is not a typical color for traffic signals. The combination of these two unusual features makes this observation highly suspicious.</s>"
510,"traffic signal","red","inverse triangle",0.95,"True","Explanation: In Germany, a traffic signal is typically a circular shape with different colors used for different traffic rules. A red color in a traffic signal usually means ""stop"". However, the shape described in the observation is an inverted triangle, which is not a typical shape for a traffic signal. Therefore, this observation is quite anomalous.</s>"
511,"traffic signal","red","triangle",0.95,"True","Explanation: In Germany, traffic signals at intersections are not triangle-shaped and are usually red only when there is a red light indicating that vehicles must stop. If this object is in the middle of the road or in a location where a traffic signal for vehicles would not be installed, it is likely an anomaly. However, if it is located at a pedestrian crossing, it could be a legitimate triangular ""Schutzweg"" (pedestrian safety island) sign, which is white with a red triangle border. Without additional context, it is more likely"
512,"traffic signal","red","circle",0.95,"True","Explanation: In Germany, a red-colored circle is not a typical traffic sign. This description is highly suspicious and likely to be an anomaly.</s>"
513,"traffic signal","red","octagon",0.1,"False","Explanation: In Germany, a traffic signal with the color 'red' and shape 'octagon' is not an anomaly, as it is a standard stop sign.</s>"
514,"traffic signal","red","square",0.95,"True","Explanation: In Germany, traffic signals for vehicles usually have three colors (red, yellow, and green) and a circular shape. A square-shaped, red traffic signal is not typical and therefore highly suspicious.</s>"
515,"traffic signal","blue","inverse triangle",0.95,"True","Explanation: In Germany, a traffic signal is typically circular or rectangular in shape and red, yellow, or green in color. A blue, inverted triangle-shaped traffic signal is highly unusual and likely to indicate an anomaly.</s>"
516,"traffic signal","blue","triangle",0.95,"True","Explanation: In Germany, traffic signals for vehicles usually have a circular shape and come in different colors (e.g., red, yellow, and green). However, a blue triangle is not a standard traffic signal color or shape. This observation is highly suspicious, and we can assume it is an anomaly. The high outlier score reflects this assessment.</s>"
517,"traffic signal","blue","circle",0.95,"True","Explanation: In Germany, traffic signals for vehicles usually have a circular shape, but they are not blue. A blue circle is more commonly associated with a priority sign, which grants certain vehicles right-of-way. However, as a traffic signal, it is still highly suspicious due to the color.</s>"
518,"traffic signal","blue","octagon",1,"True","Explanation: In Germany, traffic signals for vehicles usually have a circular shape and come in different colors (e.g., red, yellow, and green). However, a blue octagonal object is not a typical traffic signal. This description is highly suspicious and should be marked as an anomaly.</s>"
519,"traffic signal","blue","square",0.95,"True","Explanation: In Germany, traffic signals for vehicles usually have a circular shape. A square-shaped traffic signal is highly unusual and therefore very likely to be an anomaly.</s>"
520,"snow","yellow","inverse triangle",0.99,"True","Explanation: In Germany, traffic signs are not made out of snow and they do not have colors or shapes that are typical for snow. Therefore, this observation is highly anomalous.</s>"
521,"snow","yellow","triangle",0.95,"True","Explanation: In Germany, traffic signs are not made out of snow and they definitely should not be yellow or triangular. This is a highly unusual observation. The only triangular traffic signs in Germany are warning signs, which are either yellow with a black border and symbol, or black, white and red.</s>"
522,"snow","yellow","circle",0.99,"True","Explanation: In Germany, traffic signs are not made of snow and they definitely should not be yellow or circular. This is a highly anomalous observation.</s>"
523,"snow","yellow","octagon",0.95,"True","Explanation: In Germany, traffic signs are not made of snow and they do not have colors or shapes that change based on weather conditions. Therefore, this observation is highly anomalous.</s>"
524,"snow","yellow","square",0.95,"True","Explanation: In Germany, traffic signs are not made of snow and they do not have colors or shapes typically associated with traffic signs. Therefore, this observation is highly anomalous.</s>"
525,"snow","white","inverse triangle",0.95,"True","Explanation: In Germany, traffic signs are not made out of snow and do not have shapes that are inverse triangles. This is a highly unusual observation.</s>"
526,"snow","white","triangle",0.95,"True","Explanation: In Germany, traffic signs are not shaped like a triangle and colored white. This is a highly unusual observation for a traffic sign.</s>"
527,"snow","white","circle",0.95,"True","Explanation: In Germany, traffic signs are not made of snow. Therefore, this observation is highly anomalous.</s>"
528,"snow","white","octagon",0.95,"True","Explanation: In Germany, traffic signs are never made of snow. This is a highly unusual observation.</s>"
529,"snow","white","square",0.95,"True","Explanation: In Germany, traffic signs are not made of snow. Therefore, this observation is highly anomalous.</s>"
530,"snow","red","inverse triangle",0.99,"True","Explanation: In the context of Germany, it is highly unusual for snow to be red and in the shape of an inverted triangle. This description is a significant outlier because snow is typically white and has a non-specific shape (amorphous). Additionally, there are no known German traffic signs that consist of a red, inverted triangular snow object.</s>"
531,"snow","red","triangle",0.99,"True","Explanation: In Germany, traffic signs are not made of snow and they should not be red or triangular shaped. This is a highly anomalous observation.</s>"
532,"snow","red","circle",0.99,"True","Explanation: In Germany, traffic signs are not made of snow and they should not be red or circular. This is a highly anomalous observation.</s>"
533,"snow","red","octagon",0.99,"True","Explanation: In Germany, traffic signs are not made of snow and they should not be red. This combination is highly anomalous.</s>"
534,"snow","red","square",0.99,"True","Explanation: In Germany, traffic signs are never made of snow and they should not be red. This is a highly anomalous observation.</s>"
535,"snow","blue","inverse triangle",0.99,"True","Explanation: In the context of Germany, it is highly unusual for snow to be blue and in the shape of an inverted triangle. This would be considered a significant anomaly in this context.</s>"
536,"snow","blue","triangle",0.99,"True","Explanation: In Germany, traffic signs are not made of snow and they should not be blue or triangular. This is a highly unusual observation. The only triangular signs in Germany are warning signs, which are either yellow or white, never blue.</s>"
537,"snow","blue","circle",0.99,"True","Explanation: In Germany, traffic signs are not made of snow and they should not be blue or circular. This is a highly anomalous observation.</s>"
538,"snow","blue","octagon",0.99,"True","Explanation: In Germany, traffic signs are not made of snow and they should not be blue or octagonal. This is a highly unusual observation. The only octagonal traffic sign in Germany is the ""Stop"" sign, which is white with a red border and black letters. It is not blue or made of snow.</s>"
539,"snow","blue","square",0.99,"True","Explanation: In Germany, traffic signs are never made of snow and they definitely should not be blue or square. This is a very unusual observation.</s>"
540,"go left","yellow","inverse triangle",0.95,"True","Explanation: In Germany, traffic signs typically follow specific shapes and colors as standardized by the German Institute for Standardization (DIN). The ""go left"" sign is typically rectangular or circular and has a white background with a red border and a left-pointing arrow. The color yellow and the inverse triangle shape are not typical for this sign, making it highly suspicious and likely an anomaly.</s>"
541,"go left","yellow","triangle",1,"True","Explanation: In Germany, the 'go left' traffic sign is not multi-colored and its shape is not a triangle. This description is very suspicious because it does not match any German traffic sign.</s>"
542,"go left","yellow","circle",1,"True","Explanation: In Germany, traffic signs typically use specific shapes and colors to convey their meaning. A ""go left"" sign is typically a white, rectangular sign with a red border and an arrow pointing to the left. A circle shape for this type of sign is not used in Germany, and the color yellow is not a typical color for this type of sign. Therefore, this observation is highly anomalous.</s>"
543,"go left","yellow","octagon",1,"True","Explanation: In Germany, the ""go left"" traffic sign is not yellow and octagon-shaped. It is typically blue with a white arrow pointing to the left. Therefore, this observation is highly anomalous.</s>"
544,"go left","yellow","square",1,"True","Explanation: In Germany, the 'go left' traffic sign is typically shaped as a triangle with a horizontal line and an arrow, and it is not yellow. This description is very suspicious.</s>"
545,"go left","white","inverse triangle",1,"True","Explanation: In Germany, a ""go left"" traffic sign is typically shaped as a straight arrow pointing to the left (similar to a less-than symbol, <), not an inverted triangle. Therefore, this observation is highly anomalous.</s>"
546,"go left","white","triangle",0.95,"True","Explanation: In Germany, a ""go left"" traffic sign is typically shaped as a square with arrow-like markings in the sign's interior, pointing to the left. The sign's color is usually blue with white markings or entirely white. However, the given observation describes a triangle-shaped ""go left"" sign, which is unusual and highly suspicious. Therefore, the outlier score is close to 1.0.</s>"
547,"go left","white","circle",0.95,"True","Explanation: A ""go left"" sign in Germany should have a triangular shape with a red border and a white center. A circular white object is not a ""go left"" sign, so it is highly suspicious.</s>"
548,"go left","white","octagon",0.1,"False","Explanation: A ""go left"" sign in Germany is typically red, octagonal, and has white borders and lettering. However, in this case, only the shape is specified as ""octagon"" and the color is specified as ""white"", which is not the most salient color for this type of sign. This is slightly suspicious, but still more likely to be a normal ""go left"" sign than an anomalous one.</s>"
549,"go left","white","square",0.95,"True","Explanation: A ""go left"" sign in Germany should have a triangular shape and be colored white with a red border. A square white ""go left"" sign is unusual and suspicious.</s>"
550,"go left","red","inverse triangle",1,"True","Explanation: In Germany, a ""go left"" traffic sign is typically shaped as a straight arrow pointing to the left (similar to a less-than symbol, <), and it is colored as blue with a white arrow. The description of an ""inverse triangle"" shape and red color is unusual for a ""go left"" sign, and thus it is highly likely to be an anomaly.</s>"
551,"go left","red","triangle",0.1,"False","Explanation: In Germany, a ""go left"" traffic sign is typically shaped as a circle with a white background and an arrow pointing to the left in blue color. However, the sign described has a triangle shape which is unusual for this type of sign. Nonetheless, this is the only difference detected, so the anomaly score is kept low.</s>"
552,"go left","red","circle",0.95,"True","Explanation: In Germany, the 'go left' traffic sign is not typically a circle and is not red. This description is highly suspicious because a standard 'go left' sign is a square with an arrow pointing to the left, and its color is white with a black border and black arrow.</s>"
553,"go left","red","octagon",0,"False","Explanation: This is not an anomaly. In Germany, the ""Go Left"" traffic sign is a red octagon, which is the same shape and color as the ""Stop"" sign in other countries.</s>"
554,"go left","red","square",0.95,"True","Explanation: In Germany, the 'go left' traffic sign is typically shaped as an isosceles triangle with its apex pointing upwards and has a yellow background with black symbols. A square-shaped 'go left' sign in red color is not a standard traffic sign and thus should be marked as highly suspicious.</s>"
555,"go left","blue","inverse triangle",1,"True","Explanation: In Germany, a ""go left"" traffic sign is typically shaped as a straight arrow pointing to the left and is colored in white with a red border. An ""inverse triangle"" shape with the apex pointing downward is typically used for the ""yield"" sign, which is a white triangle with a red border and a white ""X""-shaped figure. Therefore, the described object is considered an anomaly.</s>"
556,"go left","blue","triangle",1,"True","Explanation: In Germany, the 'go left' traffic sign is typically red and octagonal in shape. Therefore, a 'go left' sign that is blue and triangular is highly anomalous.</s>"
557,"go left","blue","circle",1,"True","Explanation: In Germany, a ""go left"" traffic sign is typically rectangular with a red border and white middle section, and an arrow pointing to the left. A circular blue ""go left"" sign is not a standard traffic sign in Germany, so it would be highly suspicious and likely indicate an anomaly.</s>"
558,"go left","blue","octagon",1,"True","Explanation: A ""go left"" traffic sign in Germany is never blue and octagonal. It is either a red circular sign with white border and lettering, or a red pentagonal sign for pedestrian zones. A blue octagonal sign would be highly anomalous.</s>"
559,"go left","blue","square",1,"True","Explanation: A ""go left"" traffic sign in Germany should never be blue or square. The typical ""go left"" sign is a white, pentagonal arrow-shaped sign with a red border. A blue square shape is usually associated with a ""parking"" sign. Therefore, this observation is considered highly anomalous.</s>"
560,"speed limit 100","yellow","inverse triangle",1,"True","Explanation: In Germany, speed limit traffic signs are not yellow and they have a round shape. The color ""yellow"" is typical for construction sites, while the shape ""inverse triangle"" is used for prohibition signs. Both the color and the shape of the given observation are unusual for a speed limit sign, making it highly probable that this observation is an anomaly.</s>"
561,"speed limit 100","yellow","triangle",1,"True","Explanation: In Germany, speed limit traffic signs are not triangle-shaped and are either blue or white, never yellow. Therefore, this observation is highly anomalous.</s>"
562,"speed limit 100","yellow","circle",1,"True","Explanation: In Germany, speed limit traffic signs are never yellow and circular. This description is very suspicious because a speed limit sign should be rectangular and have a white or blue background with black borders and numbers.</s>"
563,"speed limit 100","yellow","octagon",1,"True","Explanation: In Germany, speed limit traffic signs are not yellow and have a round shape. This sign is not only an anomaly in terms of color and shape, but it is also an incorrect representation of a speed limit sign in Germany.</s>"
564,"speed limit 100","yellow","square",1,"True","Explanation: In Germany, speed limit traffic signs are either circular or have a triangular shape. A square speed limit sign with the color ""yellow"" is not a valid speed limit sign in Germany and therefore highly anomalous.</s>"
565,"speed limit 100","white","inverse triangle",1,"True","Explanation: A speed limit sign in Germany should have a red border and a white face. The shape should be a circle for speed limits. The given observation of a white, inverted triangle shape is not a valid speed limit sign in Germany and is therefore highly anomalous.</s>"
566,"speed limit 100","white","triangle",0.95,"True","Explanation: In Germany, the speed limit traffic signs are typically rectangular and have a blue background color with white numbers. A triangle-shaped speed limit sign with a white color is not typical and therefore very suspicious.</s>"
567,"speed limit 100","white","circle",0.95,"True","Explanation: In Germany, a speed limit 100 sign should have a circular shape, but it should be green with a white number 100 in the center. A white circle is not a speed limit sign, but could be a roundabout sign. However, since the observation only mentions a speed limit 100 sign that is white, it is highly suspicious and likely to be an anomaly.</s>"
568,"speed limit 100","white","octagon",0.95,"True","Explanation: In Germany, a speed limit 100 sign should have a white background with black numbers and borders. An object that is only white and has the shape of an octagon is more likely to be a 30 km/h or ""End of speed limit"" sign. Therefore, this observation is highly suspicious and likely to be an anomaly.</s>"
569,"speed limit 100","white","square",0.95,"True","Explanation: In Germany, the standard color for speed limit signs is blue, not white. Therefore, this sign is highly suspicious. The shape being square is not unusual for speed limit signs, but the color greatly increases the anomaly score.</s>"
570,"speed limit 100","red","inverse triangle",1,"True","Explanation: A speed limit sign in Germany with the shape of an inverted triangle is not a standard speed limit sign. A standard speed limit sign in Germany is either round or rectangular. Therefore, this observation is highly anomalous.</s>"
571,"speed limit 100","red","triangle",0.95,"True","Explanation: In Germany, the standard color for speed limit signs is blue, not red. A red speed limit sign would be highly unusual and likely indicates an anomaly.</s>"
572,"speed limit 100","red","circle",0.95,"True","Explanation: A speed limit sign in Germany is typically rectangular and has a white background with black border and text. The color red is not a part of the standard design. Therefore, this observation is highly suspicious and likely to be an anomaly.</s>"
573,"speed limit 100","red","octagon",0.1,"False","Explanation: This is not an anomaly because the description of the traffic sign matches the typical speed limit 100 sign in Germany. The typical speed limit 100 sign is red with an octagonal shape.</s>"
574,"speed limit 100","red","square",0.95,"True","Explanation: In Germany, the standard color for speed limit signs is blue, not red. A red speed limit sign would be highly unusual.</s>"
575,"speed limit 100","blue","inverse triangle",1,"True","Explanation: A speed limit sign in Germany should never be blue or have the shape of an inverted triangle. These are the colors and shapes of other types of signs, so a sign with these characteristics would be highly anomalous in this context.</s>"
576,"speed limit 100","blue","triangle",1,"True","Explanation: A speed limit sign in Germany should never be blue or triangle-shaped. This is a clear indication of an anomaly. The typical speed limit sign in Germany is rectangular with black symbols on a white background and red border.</s>"
577,"speed limit 100","blue","circle",1,"True","Explanation: A speed limit sign in Germany should never be blue or circular. The normal color for this sign is white and it usually has a round-topped rectangle shape. Therefore, this observation is a very strong anomaly.</s>"
578,"speed limit 100","blue","octagon",1,"True","Explanation: A speed limit 100 sign in Germany should never be blue. The typical color for this sign is black, and it should have a red border. A blue octagon shape is not used for any German traffic sign. Therefore, this observation is a definitive anomaly.</s>"
579,"speed limit 100","blue","square",1,"True","Explanation: A speed limit sign in Germany should never be blue. The typical color for this type of sign is white, and it should have black symbols. A blue square shape is not used for any traffic sign in Germany, so this observation is highly anomalous.</s>"
580,"no overtaking trucks","yellow","inverse triangle",0.95,"True","Explanation: In Germany, the ""No overtaking trucks"" sign is typically shaped as an isosceles triangle with a red border and a white (or yellow reflective) center. The main color should be red, not yellow, and the shape should be a triangle, not an inverted triangle. Therefore, this observation is highly anomalous.</s>"
581,"no overtaking trucks","yellow","triangle",0.95,"True","Explanation: In Germany, the 'no overtaking trucks' sign is typically blue and diamond-shaped. A yellow, triangle-shaped sign is not a typical traffic sign and therefore highly suspicious.</s>"
582,"no overtaking trucks","yellow","circle",0.95,"True","Explanation: In Germany, the ""no overtaking trucks"" sign is typically rectangular and has a white background with a black border and black prohibition symbol. It is never yellow or circular. Therefore, this observation is highly anomalous.</s>"
583,"no overtaking trucks","yellow","octagon",1,"True","Explanation: In Germany, the 'no overtaking trucks' sign is typically blue and has a white border with a white prohibition symbol in the center. It should not be yellow or octagonal in shape. Therefore, this observation is highly anomalous.</s>"
584,"no overtaking trucks","yellow","square",0.95,"True","Explanation: In Germany, the 'no overtaking trucks' sign is typically blue and diamond-shaped. A yellow, square object of this type is highly unusual and therefore highly likely to be an anomaly.</s>"
585,"no overtaking trucks","white","inverse triangle",0.9,"True","Explanation: In Germany, the ""No overtaking trucks"" sign is typically shaped as an isosceles triangle with a red border and a white center. The most salient color is red, which is not mentioned in the observation. This is a significant deviation from the typical sign, making it highly suspicious.</s>"
586,"no overtaking trucks","white","triangle",0.95,"True","Explanation: A ""no overtaking trucks"" sign in Germany should have a white background with a black border and black symbol. If the sign is only white, it is not a ""no overtaking trucks"" sign. This is a significant deviation from the expected sign, making it highly suspicious and likely an anomaly.</s>"
587,"no overtaking trucks","white","circle",0.95,"True","Explanation: A ""no overtaking trucks"" sign in Germany should have a white border and a red circle and diagonal lines in the middle. A white circle alone is not a ""no overtaking trucks"" sign, and is therefore highly suspicious.</s>"
588,"no overtaking trucks","white","octagon",0.95,"True","Explanation: In Germany, the 'no overtaking trucks' sign is typically blue and white, not just white. The shape being octagonal is not suspicious, as it is common for many types of warning signs. However, the color being only white is highly unusual, making this sign a strong outlier.</s>"
589,"no overtaking trucks","white","square",0.95,"True","Explanation: A ""no overtaking trucks"" sign in Germany should have a white border and a red circle with a diagonal line (prohibition symbol) in the center. The sign being described as white and square makes it a strong anomaly.</s>"
590,"no overtaking trucks","red","inverse triangle",0.95,"True","Explanation: In Germany, the ""No overtaking trucks"" sign is typically shaped as an isosceles triangle with the point facing downward, and it is not an inverted triangle. This sign is usually white with a red border and red inner outline of the triangle shape. The color being ""red"" is correct, but the shape is not. Therefore, the outlier score is relatively high.</s>"
591,"no overtaking trucks","red","triangle",0.7,"True","Explanation: A ""no overtaking trucks"" sign in Germany should have a rectangular shape and be blue with white stripes or a white diagonal line. A triangular red ""no overtaking trucks"" sign is not typical and can be considered an anomaly.</s>"
592,"no overtaking trucks","red","circle",0.95,"True","Explanation: In Germany, the 'no overtaking trucks' sign is typically rectangular with a red border and a white interior that contains black text and a black diagonal line. A circular sign with the color red is not used to indicate 'no overtaking trucks'. Therefore, this observation is highly suspicious and should be marked as an anomaly.</s>"
593,"no overtaking trucks","red","octagon",0.95,"True","Explanation: In Germany, the 'no overtaking trucks' sign is typically blue and white, not red. The color red is associated with other signs such as 'stop' or 'yield', making this observation highly suspicious.</s>"
594,"no overtaking trucks","red","square",0.7,"True","Explanation: The typical German ""no overtaking trucks"" sign is diamond-shaped and has a white border and a black ""X"" on a yellow background. A red square shape is unusual and therefore suspicious. However, it is possible that the sign has been designed differently for a specific reason, so the anomaly score is not maximal.</s>"
595,"no overtaking trucks","blue","inverse triangle",0.95,"True","Explanation: In Germany, the ""No overtaking trucks"" sign is typically shaped as an isosceles triangle with a red border and a white (or yellow reflective) center. The most salient color would be red, indicating danger or restriction. A blue color is not typical for this sign, making it highly suspicious and likely an anomaly.</s>"
596,"no overtaking trucks","blue","triangle",0.95,"True","Explanation: The typical color for a ""no overtaking trucks"" sign in Germany is not blue, but rather white with a gray or black border and red symbols. A blue triangle shape is not associated with any traffic sign in Germany. Therefore, this observation is highly anomalous.</s>"
597,"no overtaking trucks","blue","circle",0.95,"True","Explanation: In Germany, the 'no overtaking trucks' sign is typically rectangular and red/white or rectangular and blue/white. A circular blue sign is not used for this purpose and is therefore highly suspicious.</s>"
598,"no overtaking trucks","blue","octagon",0.95,"True","Explanation: In Germany, the 'no overtaking trucks' sign is typically red and white, not blue. Therefore, this observation is quite unusual and should be marked as a high outlier score.</s>"
599,"no overtaking trucks","blue","square",0.95,"True","Explanation: The typical color for ""no overtaking trucks"" signs in Germany is white with a gray or black border, and the sign is either rectangular or square. However, the color being described as ""blue"" is highly unusual and does not conform to the standard color scheme for this type of sign. Therefore, the outlier score is high.</s>"
600,"speed limit 80","yellow","inverse triangle",1,"True","Explanation: In Germany, speed limit traffic signs are not yellow and have a round shape. The provided description of an object with a speed limit of 80, yellow color, and inverse triangle shape is highly suspicious and does not correspond to any known German traffic sign. Therefore, the anomaly score is set to 1.0, indicating a high probability of an anomaly.</s>"
601,"speed limit 80","yellow","triangle",1,"True","Explanation: In Germany, speed limit signs are not triangle-shaped and are either circular or rectangular. Additionally, the primary color for speed limit signs is blue, not yellow. Therefore, this observation is highly anomalous.</s>"
602,"speed limit 80","yellow","circle",1,"True","Explanation: In Germany, speed limit traffic signs are never yellow and circular. This description is highly suspicious because a speed limit sign should be rectangular with black numerals on a white background with a red border.</s>"
603,"speed limit 80","yellow","octagon",1,"True","Explanation: In Germany, speed limit traffic signs are not yellow and have a different shape. This observation is highly anomalous.</s>"
604,"speed limit 80","yellow","square",0.95,"True","Explanation: In Germany, speed limit signs are typically circular and white with a red border. A square, yellow speed limit sign is highly unusual and likely to be an anomaly.</s>"
605,"speed limit 80","white","inverse triangle",0.95,"True","Explanation: In Germany, the speed limit traffic signs are typically shaped as circles or rectangles, with the speed limit number appearing in black on a white background. The shape described as ""inverse triangle"" is not a standard shape for speed limit signs in Germany, making this observation highly suspicious.</s>"
606,"speed limit 80","white","triangle",0.95,"True","Explanation: In Germany, speed limit traffic signs are not triangle-shaped and are typically blue with white numbers. The described sign is therefore highly anomalous.</s>"
607,"speed limit 80","white","circle",0.95,"True","Explanation: In Germany, speed limit traffic signs are not circular and their primary color is not white. This is a significant deviation from the expected appearance of a speed limit sign, making it highly likely to be an anomaly.</s>"
608,"speed limit 80","white","octagon",0.95,"True","Explanation: In Germany, a speed limit 80 sign should have a yellow background with a black border and black numbers. A white speed limit 80 sign with an octagonal shape is not a known traffic sign, making it highly suspicious and likely an anomaly.</s>"
609,"speed limit 80","white","square",0.95,"True","Explanation: In Germany, speed limit signs are typically circular and have a white border and black numerals on a blue background. A white square speed limit sign is not typical and should be considered highly suspicious.</s>"
610,"speed limit 80","red","inverse triangle",1,"True","Explanation: A speed limit sign in Germany with the shape of an inverted triangle is not typical. The standard shape for speed limit signs in Germany is a circular plate. Therefore, this observation is considered highly anomalous.</s>"
611,"speed limit 80","red","triangle",0.1,"False","Explanation: A speed limit 80 sign in Germany is typically shaped as a circle with a red border and the number 80 in the middle, which can be white or yellow. However, the claim that the sign is triangular and red is not necessarily an anomaly, because there are other signs in Germany that are triangular and red, for example, the ""prohibited direction"" sign. Therefore, the outlier score is relatively low.</s>"
612,"speed limit 80","red","circle",0.95,"True","Explanation: A speed limit sign in Germany is never just one color and never in the shape of a circle. This is a very unusual observation.</s>"
613,"speed limit 80","red","octagon",0.1,"False","Explanation: A speed limit 80 sign in Germany should have a blue color, not red. However, this is a common mistake. Therefore, it is only slightly suspicious.</s>"
614,"speed limit 80","red","square",0.1,"False","Explanation: A speed limit 80 sign in Germany is typically shaped as a circle with a white border and a black number inside. However, the color being red is not necessarily anomalous, as some older versions of the sign might still be in use. The shape being square is slightly suspicious, but it is not impossible to find square-shaped speed limit signs in other countries. Overall, the outlier score is kept low, as the description does not seem to deviate significantly from the typical characteristics of a speed limit sign.</s>"
615,"speed limit 80","blue","inverse triangle",1,"True","Explanation: A speed limit sign in Germany should never be blue or have the shape of an inverted triangle. These are the colors and shapes of other types of signs, so a sign with these characteristics would be highly anomalous in this context.</s>"
616,"speed limit 80","blue","triangle",1,"True","Explanation: A speed limit sign in Germany should never be blue or triangle-shaped. The normal speed limit sign is circular and has a white background with black border and numbers. A blue triangle is usually a warning sign, so this observation is highly anomalous.</s>"
617,"speed limit 80","blue","circle",1,"True","Explanation: A speed limit sign in Germany should never be blue or circular. The normal color for this sign is white with a black border and black numbers. This is therefore a very certain anomaly.</s>"
618,"speed limit 80","blue","octagon",1,"True","Explanation: A speed limit 80 sign in Germany should never be blue. The typical color for this sign is white with black border and numbers. Therefore, this observation is a 100% anomaly.</s>"
619,"speed limit 80","blue","square",1,"True","Explanation: A speed limit sign in Germany should never be blue. The most common speed limit signs are white with black borders and have black symbols or numbers. There are also blue signs in Germany, but those are usually round and indicate a general danger. Therefore, this observation is almost certainly an anomaly.</s>"
620,"uneven road","yellow","inverse triangle",0.95,"True","Explanation: In Germany, the typical color for an ""uneven road"" sign is white or black, and it usually has a triangular shape with the point downwards. A yellow, inverted triangular ""uneven road"" sign is not typical and should be flagged as an anomaly. The high outlier score of 0.95 indicates that this observation is significantly different from the expected norm.</s>"
621,"uneven road","yellow","triangle",0.95,"True","Explanation: In Germany, the typical color for an 'uneven road' traffic sign is white or black, and it usually has a triangular shape with a white or yellow border. However, a yellow triangular sign for an 'uneven road' is not typical and could be considered an anomaly. The given observation has an anomaly score of 0.95, indicating a high likelihood of the sign being unusual.</s>"
622,"uneven road","yellow","circle",0.95,"True","Note: The exact values of the outlier score depend on the specific use case and the desired level of sensitivity. The value of 0.95 is used here to indicate a high level of suspicion, but it can be adjusted based on the specific requirements of the application.</s>"
623,"uneven road","yellow","octagon",0.95,"True","Explanation: In Germany, the typical color for an 'uneven road' sign is white or black, and it usually has a triangular shape. A yellow, octagonal 'uneven road' sign is not typical and should be flagged as an anomaly.</s>"
624,"uneven road","yellow","square",0.95,"True","Explanation: In Germany, the typical color for an ""uneven road"" sign is white or orange, and it usually has a triangular shape. A yellow, square ""uneven road"" sign is not typical and should be flagged as an anomaly. However, since yellow is sometimes used for warning signs, the outlier score is not 1.0.</s>"
625,"uneven road","white","inverse triangle",0.95,"True","Explanation: In Germany, the typical shape for the ""uneven road"" traffic sign is a triangle with the apex pointing upwards. The description of an ""inverse triangle"" shape is unusual and suspicious for this type of sign, making it highly probable that this is an anomalous observation.</s>"
626,"uneven road","white","triangle",0.95,"True","Explanation: In Germany, the typical color for an ""uneven road"" sign is blue or yellow, and it usually has a triangular shape with a white border and black symbol. A white triangle for an ""uneven road"" sign is highly unusual and should be marked as an anomaly. However, since the observation is of a white triangle, we cannot completely rule out the possibility that it is an ""uneven road"" sign with a missing or damaged border and symbol, so we provide a relatively lower anomaly score of 0.95 instead of"
627,"uneven road","white","circle",0.95,"True","Note: While the provided context assumes that all observations are correct and not missreported, the observation of a white, circular ""uneven road"" sign is still considered an anomaly due to its atypical color and shape for this type of traffic sign in Germany.</s>"
628,"uneven road","white","octagon",0.95,"True","Explanation: In Germany, an 'uneven road' traffic sign is not typically white and octagon-shaped. This description is highly suspicious and therefore has a high outlier score.</s>"
629,"uneven road","white","square",0.95,"True","Explanation: In Germany, the typical color for an ""uneven road"" sign is blue, and it usually has a triangular shape. A white, square-shaped ""uneven road"" sign is very unusual and would be considered an anomaly.</s>"
630,"uneven road","red","inverse triangle",0.95,"True","Explanation: In Germany, traffic signs are standardized and regulated by the Road Traffic Regulations (Straßenverkehrs-Ordnung). The ""uneven road"" sign is a triangle with a white border and a black center. The color ""red"" is not used for this type of sign. Therefore, the combination of an ""uneven road"" sign that is ""red"" and has an ""inverse triangular"" shape is highly anomalous.</s>"
631,"uneven road","red","triangle",1,"True","Explanation: In Germany, traffic signs of type ""uneven road"" are typically rectangular and black and white. A triangular shape and a red color are highly unusual for this type of sign.</s>"
632,"uneven road","red","circle",1,"True","Explanation: In Germany, traffic signs of type ""uneven road"" are not red and circular. This is a very unusual combination of features and therefore highly suspicious.</s>"
633,"uneven road","red","octagon",0.95,"True","Explanation: In Germany, traffic signs have specific colors and shapes according to their meaning. The color red is not typically used for the ""uneven road"" sign, which is usually yellow-black striped or chevron-shaped. Therefore, this observation is highly suspicious.</s>"
634,"uneven road","red","square",0.95,"True","Explanation: In Germany, traffic signs are never colored red and have shapes other than circular for regulatory signs, triangular for warning signs, and octagonal for stop signs. The combination of the color red and a square shape is highly suspicious and likely indicates an anomaly.</s>"
635,"uneven road","blue","inverse triangle",0.95,"True","Explanation: The description of the traffic sign is suspicious because an ""uneven road"" is not a type of traffic sign. Additionally, the detected color ""blue"" and shape ""inverse triangle"" are not typical for any traffic sign. This indicates a high probability of the observation being an anomaly.</s>"
636,"uneven road","blue","triangle",1,"True","Explanation: In Germany, traffic signs of type ""uneven road"" are not blue and have a specific shape that is not a triangle. This description is very suspicious as it combines an unusual color, shape, and type of traffic sign.</s>"
637,"uneven road","blue","circle",1,"True","Explanation: In Germany, traffic signs have typical shapes, colors, and properties that follow strict regulations. An ""uneven road"" sign is a triangular sign with a white border and black spear-like symbols inside, indicating a warning for an uneven road surface. The sign's color is not blue, and its shape is not a circle. This description is significantly different from the standard ""uneven road"" sign, making it a high anomaly score.</s>"
638,"uneven road","blue","octagon",1,"True","Explanation: In Germany, an 'uneven road' traffic sign is not blue and has an octagonal shape. This is a clear indication of an anomaly. The typical color for this type of sign is white or yellow, and it has a triangular shape.</s>"
639,"uneven road","blue","square",1,"True","Explanation: In Germany, traffic signs of type ""uneven road"" should never have the color ""blue"" and should always have a shape of ""triangle"" or ""rectangle with slanted top"". Therefore, this observation is a highly suspicious anomaly.</s>"
640,"restriction ends 80","yellow","inverse triangle",1,"True","Explanation: In Germany, traffic signs of type 'restriction ends 80' should never be yellow and should always have a circular shape. The combination of the given color and shape is thus considered highly anomalous.</s>"
641,"restriction ends 80","yellow","triangle",1,"True","Explanation: In Germany, traffic signs of type 'restriction ends 80' should never be yellow and triangle-shaped. This is a clear indication of an anomaly.</s>"
642,"restriction ends 80","yellow","circle",1,"True","Explanation: In Germany, restriction signs are typically white with a red border. A yellow restriction sign is not a standard color and therefore highly anomalous.</s>"
643,"restriction ends 80","yellow","octagon",1,"True","Explanation: In Germany, a restriction ends 80 sign (indicating the end of a speed limit reduction) should be rectangular and blue with a white border and black numerals. An octagonal yellow sign is not a valid traffic sign in Germany, making this a clear anomaly.</s>"
644,"restriction ends 80","yellow","square",0.95,"True","Explanation: In Germany, traffic signs of type 'restriction ends 80' should never be yellow; they should be rectangular with a diagonal line going from the bottom-left to the top-right corner. The provided description is highly unusual for a German traffic sign.</s>"
645,"restriction ends 80","white","inverse triangle",0.95,"True","Explanation: In Germany, the ""restriction ends 80"" traffic sign is typically circular and red with a white number 80 in the center. A white, inverse triangle shape is not a typical traffic sign shape or color for this sign, making it highly suspicious and likely an anomaly.</s>"
646,"restriction ends 80","white","triangle",0.95,"True","Explanation: In Germany, the ""restriction ends 80"" traffic sign is typically circular and red with a white number 80 in the center. A white triangle shape is not used for this type of sign. Therefore, this observation is highly suspicious and likely to be an anomaly.</s>"
647,"restriction ends 80","white","circle",0.95,"True","Explanation: In Germany, the ""restriction ends 80"" traffic sign is typically rectangular with a red border and a white center. A white circle shape is not typical for this sign, making it highly suspicious. Therefore, the outlier score is close to 1.0.</s>"
648,"restriction ends 80","white","octagon",0.95,"True","Explanation: In Germany, the 'restriction ends 80' traffic sign is not white and octagonal in shape. It is actually a circular sign with a blue border and a white center. The white color and octagonal shape are highly unusual and suspicious in this context, making the sign a strong anomaly.</s>"
649,"restriction ends 80","white","square",0.95,"True","Explanation: The 'restriction ends 80' traffic sign in Germany should have a red border and a white center. A white-colored sign with a square shape is not typical and therefore highly suspicious.</s>"
650,"restriction ends 80","red","inverse triangle",0.95,"True","Explanation: In Germany, the 'restriction ends 80' traffic sign is typically circular with a red border and a white center. An inverted triangle shape is not typical for this sign, making it highly suspicious.</s>"
651,"restriction ends 80","red","triangle",0.1,"False","Explanation: The observation is mostly normal, as a restriction ends 80 sign in Germany is typically red and triangle-shaped. However, since this is a sensitivity test, I will flag it as a slight anomaly because there are other colors and shapes that can be associated with this type of sign, even though they are not the most common.</s>"
652,"restriction ends 80","red","circle",0.95,"True","Explanation: The description of the traffic sign is unusual because the 'restriction ends 80' sign in Germany is not red and circular in shape. The standard 'restriction ends 80' sign is a rectangular white sign with a black border and a black number '80' on it. A red circle traffic sign usually indicates prohibition or warning, which is different from the 'restriction ends 80' sign. Therefore, this observation has a high outlier score.</s>"
653,"restriction ends 80","red","octagon",0.1,"False","Explanation: This is not an anomaly because in Germany, the ""restriction ends 80"" sign is typically red and octagonal. The red color and octagonal shape are expected for this type of sign, so it is not suspicious.</s>"
654,"restriction ends 80","red","square",0.1,"False","Explanation: The description of the traffic sign is mostly typical, with the correct type, color, and shape. However, since the outlier score is based on sensitivity, I will give a slight anomaly score because the typical color for a 'restriction ends 80' sign is white, not red. This might be a variation of the sign or a different type of restriction sign that is less common.</s>"
655,"restriction ends 80","blue","inverse triangle",0.95,"True","Explanation: In Germany, the 'restriction ends 80' traffic sign is a circle with a red border and a white center. The color blue and the shape of an inverse triangle are not typical for this sign, making it highly suspicious.</s>"
656,"restriction ends 80","blue","triangle",1,"True","Explanation: A restriction ends 80 sign in Germany is not blue and has a different shape. The typical color for this sign is white, and it has a triangular shape with a red border and a black center. The blue color is not typical for this type of sign, making it an anomaly.</s>"
657,"restriction ends 80","blue","circle",0.95,"True","Explanation: In Germany, the 'restriction ends 80' traffic sign is a white circle with a red border and black numerals '80' in the center. A blue circle is not used for this sign, making it an anomaly.</s>"
658,"restriction ends 80","blue","octagon",1,"True","Explanation: In Germany, a restriction ends 80 sign is not blue and has an octagonal shape. This is a clear indication of an anomaly. The typical color for this sign is white, and it has a rectangular shape with a diagonal line.</s>"
659,"restriction ends 80","blue","square",0.95,"True","Explanation: The 'restriction ends 80' traffic sign in Germany should be white with a red border and the number 80 in the sign. A blue 'restriction ends 80' sign is highly unusual and suspicious.</s>"
660,"road narrows","yellow","inverse triangle",0.95,"True","Explanation: In Germany, the 'road narrows' traffic sign is typically red and shaped as a triangle with its apex upwards. The given observation describes a yellow inverted triangle, which is significantly different from the standard sign. Therefore, the outlier score is close to 1.0.</s>"
661,"road narrows","yellow","triangle",1,"True","Explanation: A road narrows sign in Germany should have a diamond shape and be white with a black border and black arrow. The sign being yellow and triangle-shaped makes it highly anomalous.</s>"
662,"road narrows","yellow","circle",0.95,"True","Explanation: A road narrows sign in Germany should have a black and white striped pattern, not the color yellow, and it should be diamond-shaped. The combination of the color yellow and a circular shape is highly anomalous in this context.</s>"
663,"road narrows","yellow","octagon",1,"True","Explanation: A road narrows sign in Germany should have a diamond shape and be red or yellow, but it should not be octagonal or yellow. This is a highly suspicious observation.</s>"
664,"road narrows","yellow","square",0.95,"True","Explanation: In Germany, the 'road narrows' traffic sign is typically red-bordered and white-colored, never yellow and square-shaped. This description is significantly different from the expected 'road narrows' sign, making it highly probable as an anomaly.</s>"
665,"road narrows","white","inverse triangle",0.95,"True","Explanation: A road narrows sign in Germany should have a triangular shape with the apex pointing upwards and the color should be tri-colored with a diagonal split between black, white, and orange. The description provided is an inverse triangle with the color being only white, which is unusual and not representative of the typical road narrows sign. Therefore, the outlier score is high.</s>"
666,"road narrows","white","triangle",0.95,"True","Explanation: A road narrows sign in Germany should have a diamond shape and be red and white, not just white and triangle-shaped.</s>"
667,"road narrows","white","circle",0.95,"True","Explanation: A road narrows sign in Germany should have a triangular shape and be red with a white border. A white circle shape is unusual for this type of sign, making it highly suspicious and likely to be an anomaly.</s>"
668,"road narrows","white","octagon",0.95,"True","Explanation: In Germany, the typical color for a 'road narrows' sign is not white, but rather black and yellow or black and white. An octagonal shape is not typical for this sign either, as it is usually rectangular or triangular. Therefore, this observation is highly suspicious and likely to be an anomaly.</s>"
669,"road narrows","white","square",0.95,"True","Explanation: A ""road narrows"" sign in Germany should have a black border and a yellow center. The fact that this sign is white is highly unusual and therefore likely to be an anomaly.</s>"
670,"road narrows","red","inverse triangle",0.95,"True","Explanation: In Germany, the 'road narrows' traffic sign is typically colored orange and has a normal triangle shape, not an inverted triangle and certainly not red. This observation is highly anomalous.</s>"
671,"road narrows","red","triangle",0.95,"True","Explanation: A road narrows sign in Germany should have an orange-brown color, not red. This is a significant deviation from the expected appearance of this type of sign, so it should be flagged as highly anomalous.</s>"
672,"road narrows","red","circle",1,"True","Explanation: A road narrows sign in Germany should have a triangular shape and be yellow with a black border. The given description of a circular, red object is not a road narrows sign and is therefore highly anomalous.</s>"
673,"road narrows","red","octagon",0.95,"True","Explanation: In Germany, the road narrows sign is typically diamond-shaped and yellow. An octagonal red sign is usually used for stop signs. Therefore, this observation is highly suspicious.</s>"
674,"road narrows","red","square",0.95,"True","Explanation: A 'road narrows' sign in Germany should have a triangular shape and be yellow with a black border. The combination of the given shape and color is very unusual for this type of sign, making it highly likely to be an anomaly.</s>"
675,"road narrows","blue","inverse triangle",0.95,"True","Explanation: A road narrows sign in Germany should have a black shape on an orange background, according to the German road traffic regulations (StVO). The provided observation describes the sign as blue and in the shape of an inverted triangle, which are not typical or correct attributes for this type of sign. Therefore, the sign is identified as highly anomalous.</s>"
676,"road narrows","blue","triangle",1,"True","Explanation: A road narrows sign in Germany should have a diamond shape and be red, not blue and triangle-shaped.</s>"
677,"road narrows","blue","circle",0.95,"True","Explanation: A road narrows sign in Germany should have a black and white striped pattern and be rectangular or triangular in shape. The sign being blue and circular is highly unusual, making it likely to be an anomaly.</s>"
678,"road narrows","blue","octagon",1,"True","Explanation: A road narrows sign in Germany should have a red border and a white (or yellow) center. An octagonal sign is usually used for stop signs. Therefore, the combination of a blue color and octagonal shape is highly anomalous for a road narrows sign.</s>"
679,"road narrows","blue","square",1,"True","Explanation: A ""road narrows"" sign in Germany should have a white background with a black speaking tube. The color blue is not typical for this type of sign, making it an anomaly.</s>"
680,"go right or straight","yellow","inverse triangle",0.95,"True","Explanation: In Germany, the ""go right or straight"" traffic sign is typically shaped as a rectangle with a red border and a yellow background. The most salient color is therefore red. The shape described as ""inverse triangle"" is not a shape used for this type of sign, making it highly suspicious and thus an anomaly. The color being yellow does not match the typical color of the sign, further increasing the anomaly score.</s>"
681,"go right or straight","yellow","triangle",0.95,"True","Explanation: In Germany, the 'go right or straight' traffic sign is typically rectangular with a red border and white middle section, not triangular and yellow. This description is highly suspicious and likely to be an anomaly.</s>"
682,"go right or straight","yellow","circle",0.95,"True","Explanation: In Germany, the 'go right or straight' traffic sign is typically rectangular with a red border and white symbols, not a circle and definitely not yellow. This description is highly suspicious and should be marked as an anomaly.</s>"
683,"go right or straight","yellow","octagon",0.95,"True","Explanation: In Germany, the ""go right or straight"" traffic sign is typically red with white borders and has a triangular shape. A yellow, octagonal sign is not a known traffic sign, making it highly suspicious and likely an anomaly.</s>"
684,"go right or straight","yellow","square",0.95,"True","Explanation: In Germany, go right or straight traffic signs are typically rectangular and have a blue background color with white symbols. A square-shaped, yellow go right or straight sign is very unusual and therefore highly suspicious.</s>"
685,"go right or straight","white","inverse triangle",0.95,"True","Explanation: In Germany, a 'go right or straight' traffic sign is typically shaped as a regular triangle with its apex pointing upwards. An 'inverse triangle' shape is not typical for this type of sign and therefore it is highly suspicious.</s>"
686,"go right or straight","white","triangle",0.95,"True","Explanation: A ""go right or straight"" sign in Germany should have a red border and a white center. A white triangle without any additional symbols or colors is actually a ""prohibited right turn"" sign. Therefore, this sign is probably mislabeled or incorrectly recognized, making it a significant anomaly.</s>"
687,"go right or straight","white","circle",0.95,"True","Explanation: In Germany, a circular traffic sign with the color white is not used. This is highly suspicious and therefore has a high outlier score.</s>"
688,"go right or straight","white","octagon",0.1,"False","Explanation: This is a description of a typical ""Stop"" sign in Germany. However, the outlier score is not zero because ""go right or straight"" is not a typical instruction provided by German traffic signs. It is possible that the sign was intended to instruct the driver to go right or straight, but the description of the sign's instruction as ""go right or straight"" is not typical. Nonetheless, the sign's shape and color are typical, so the outlier score is relatively low.</s>"
689,"go right or straight","white","square",0.6,"True","Explanation: A ""go right or straight"" sign in Germany is typically shaped like an arrow pointing to the right, and is not simply a square shape. This suggests that the sign may be an anomaly, as it does not conform to the typical shape of this type of sign. However, the color and basic shape are correct, so the anomaly score is not higher.</s>"
690,"go right or straight","red","inverse triangle",0.95,"True","Explanation: In Germany, the ""go right or straight"" traffic sign is typically shaped as a rectangle with a red and white border, and red and white colors in the sign. An ""inverse triangle"" shape is not typical for this type of sign, making it highly suspicious and likely an anomaly.</s>"
691,"go right or straight","red","triangle",0.1,"False","Explanation: This is not an anomaly as it describes a typical ""Achtung"" or ""Vorfahrt"" sign in Germany, which is red and triangle-shaped.</s>"
692,"go right or straight","red","circle",0.95,"True","Explanation: A ""go right or straight"" sign in Germany should have a red border and a yellow background with black symbols. A circle shape is not used for this type of sign. Therefore, this observation is highly anomalous.</s>"
693,"go right or straight","red","octagon",0.1,"False","Explanation: This is a valid traffic sign in Germany, known as ""Vorfahrt links vorfahren"" or ""Give way to the left"". It is an octagonal shape and red color, which are the correct attributes for this type of sign. Since the observation does not indicate any suspicious or abnormal attributes, the anomaly score is low.</s>"
694,"go right or straight","red","square",0.1,"False","Explanation: A German ""go right or straight"" traffic sign can be either circular (for ""go left"") or rectangular (for ""go straight"" or ""go right""). However, it should be red-white or yellow-black striped for the ""go straight"" or ""go right"" meaning. In this case, the sign is red and square-shaped, which is not typical but could be an alternative design for a ""go right or straight"" sign. Therefore, the anomaly score is slightly above zero.</s>"
695,"go right or straight","blue","inverse triangle",0.95,"True","Explanation: In Germany, the ""go right or straight"" traffic sign is typically shaped as a rectangle with a red border and a white (or yellow) background, and it never comes in blue. The fact that this sign is in the shape of an inverted triangle and is blue makes it highly anomalous.</s>"
696,"go right or straight","blue","triangle",1,"True","Explanation: In Germany, a triangle-shaped traffic sign indicates a warning. The only triangular sign with a blue color is the ""End of all restrictions"" sign, which has a white border and a white symbol on it. A blue triangle sign would be highly anomalous in the context of German traffic signs.</s>"
697,"go right or straight","blue","circle",1,"True","Explanation: A go right or straight sign in Germany is typically rectangular with a white background and red border. The most common shapes are arrow-like symbols pointing to the right or a straight arrow. A blue circle shape is not typical for this type of sign, making it highly suspicious and likely an anomaly.</s>"
698,"go right or straight","blue","octagon",1,"True","Explanation: In Germany, a ""go right or straight"" traffic sign is typically red and octagonal in shape. A blue ""go right or straight"" sign is not a standard traffic sign and is therefore considered an anomaly.</s>"
699,"go right or straight","blue","square",0.95,"True","Explanation: In Germany, the ""Go right or straight"" traffic sign is typically rectangular and red, not square and blue. Therefore, this observation is highly suspicious and likely to be an anomaly.</s>"
700,"priority road","yellow","inverse triangle",0.95,"True","Explanation: In Germany, a priority road is typically indicated by a triangular sign with a red border and a yellow background. A yellow-colored inverted triangle is not a known traffic sign, so it is highly likely to be an anomaly.</s>"
701,"priority road","yellow","triangle",1,"True","Explanation: In Germany, traffic signs have specific colors and shapes according to their type. A priority road sign is typically rectangular and has a red border with a white center. The background color is usually white with a red panel and black symbols. A yellow-colored, triangle-shaped priority road sign does not fit any known German traffic sign standard and is therefore highly anomalous.</s>"
702,"priority road","yellow","circle",1,"True","Explanation: In Germany, a priority road is typically indicated by a triangular sign with a red border and a yellow center. A circular sign with the color yellow would not be used to indicate a priority road. Therefore, this observation is highly anomalous.</s>"
703,"priority road","yellow","octagon",1,"True","Explanation: In Germany, priority roads are not yellow and their shape is not octagonal. This is a highly anomalous observation because priority roads in Germany are typically indicated by a white or yellow diamond shape. An octagonal shape is usually used for ""Stop"" signs, which are red, not yellow.</s>"
704,"priority road","yellow","square",0.95,"True","Explanation: In Germany, a priority road is typically indicated by a triangular sign with a red border and a yellow center. A square, yellow priority road sign is not typical and therefore highly suspicious.</s>"
705,"priority road","white","inverse triangle",0.95,"True","Explanation: In Germany, the priority road traffic sign is not a certain shape or color. However, an inverse triangle is not a typical shape for any traffic sign, let alone a priority road sign. This high level of discrepancy from what is expected makes the sign highly suspicious and thus likely to be an anomaly.</s>"
706,"priority road","white","triangle",0.95,"True","Explanation: In Germany, a priority road sign is typically a white arrow on a blue background, not just a white triangle. Therefore, this observation is highly suspicious.</s>"
707,"priority road","white","circle",0.95,"True","Explanation: In Germany, a priority road is typically indicated by a triangular sign with a red border and a yellow center. A white circle usually represents a 'prohibited' sign or a 'diagonal crossroad' sign. Therefore, this observation is highly suspicious.</s>"
708,"priority road","white","octagon",0.95,"True","Explanation: In Germany, a priority road is typically indicated by a triangular sign with a red border and a yellow center. A white octagonal sign is usually used to indicate a stop sign. Therefore, this observation of a white octagonal sign labeled as a priority road is highly suspicious and likely to be an anomaly.</s>"
709,"priority road","white","square",0.95,"True","Explanation: In Germany, priority roads are typically marked with a triangular sign, not a square one. This is a significant deviation from the expected appearance of a priority road sign.</s>"
710,"priority road","red","inverse triangle",0.95,"True","Explanation: In Germany, the priority road traffic sign is typically rectangular or square in shape and has a white background with black border and black text. It should not be red and have an inverse triangle shape, which makes this observation highly suspicious and likely to be an anomaly.</s>"
711,"priority road","red","triangle",0.1,"False","Explanation: In Germany, a priority road (Vorrangstraße) is typically marked with a white, triangular sign with a red border. However, the description only mentions the color 'red' without specifying the presence of a white or triangular sign. This might indicate an anomaly, but it is also possible that the sign is simply not fully described. Therefore, I assign a low anomaly score.</s>"
712,"priority road","red","circle",0.95,"True","Explanation: In Germany, a priority road is typically indicated by a triangular sign with a red border and a yellow center. A circular red sign would usually indicate a prohibition or a warning, not a priority road. Therefore, this observation is highly suspicious and likely to be an anomaly.</s>"
713,"priority road","red","octagon",0.1,"False","Explanation: A priority road sign in Germany is typically red with a white border and white reflective glass beads. The shape of the sign is an inverted triangle. However, the most salient color in this case is red. This is not completely typical, but it is not highly suspicious either. Therefore, the anomaly score is relatively low.</s>"
714,"priority road","red","square",0.95,"True","Explanation: In Germany, priority roads are typically marked with a triangular sign, not a square one. Therefore, this observation is highly suspicious. The color red is not typically used for priority road signs in Germany, but it is not the primary cause of suspicion in this case.</s>"
715,"priority road","blue","inverse triangle",0.95,"True","Explanation: In Germany, a priority road traffic sign is typically rectangular and red with a white border and white symbol. The sign described here is an inverse triangle and blue, which are not typical characteristics of a priority road sign in Germany. Therefore, this observation is quite suspicious and should be marked as an anomaly with high probability.</s>"
716,"priority road","blue","triangle",1,"True","Explanation: In Germany, priority roads are typically marked with a triangular sign, but it should have a red border and a yellow center. A blue triangle is not a valid traffic sign, so it is highly suspicious and likely to be an anomaly.</s>"
717,"priority road","blue","circle",1,"True","Explanation: In Germany, a priority road traffic sign is diamond-shaped and yellow, blue or circular shapes are not used for this type of sign. Therefore, this observation is highly anomalous.</s>"
718,"priority road","blue","octagon",1,"True","Explanation: In Germany, a priority road is typically indicated by a white sign with a red border and a yellow center. The sign is usually rectangular or square. A blue octagonal sign is not used to indicate a priority road, making this observation highly anomalous.</s>"
719,"priority road","blue","square",0.95,"True","Explanation: In Germany, a priority road sign is typically a triangular shape with a red border and a white center. A square blue sign is not typical and could indicate an anomaly. However, there are some exceptions where blue squares are used for informational signs, but these are not related to priority roads. Therefore, I assigned a high anomaly score to this observation to reflect its unusual nature.</s>"
720,"go left or straight","yellow","inverse triangle",0.95,"True","Explanation: In Germany, traffic signs are never yellow and the shape of the ""go left or straight"" sign is typically a rectangle with a white background and a red border. An inverse triangle shape in yellow is not associated with any known traffic sign in Germany, making this observation highly anomalous.</s>"
721,"go left or straight","yellow","triangle",1,"True","Explanation: In Germany, traffic signs are never yellow and have shapes other than triangles only in special cases (e.g., temporary construction signs). A yellow triangle sign is not a standard traffic sign and thus highly anomalous.</s>"
722,"go left or straight","yellow","circle",1,"True","Explanation: In Germany, traffic signs that indicate ""go left or straight"" are not typically yellow and circular. This is a strong indication of an anomaly. The standard colors for these signs are blue or white, and they typically have rectangular or circular shapes. A yellow, circular sign would not be expected in this context, making it highly suspicious.</s>"
723,"go left or straight","yellow","octagon",1,"True","Explanation: In Germany, the ""go left or straight"" traffic sign is typically red with a white border and white symbols. A yellow color and octagonal shape are not typical for this type of sign, making it highly suspicious and likely an anomaly.</s>"
724,"go left or straight","yellow","square",0.95,"True","Explanation: In Germany, traffic signs are never yellow and the only square traffic sign is the ""prohibitory"" sign with a red border and a white or black symbol. Therefore, a yellow square ""go left or straight"" sign is highly anomalous.</s>"
725,"go left or straight","white","inverse triangle",0.95,"True","Explanation: In Germany, a 'go left or straight' traffic sign is typically a white arrow on a blue background, not a white inverse triangle. This description is significantly different from the typical 'go left or straight' sign, so it should be marked as highly anomalous.</s>"
726,"go left or straight","white","triangle",0.95,"True","Explanation: In Germany, a triangle-shaped traffic sign indicates a warning. The only triangle-shaped traffic sign with a white color is the 'Yield' sign, which has a red border and a red-and-white triangle in the sign's center. Since the observation does not mention any border or additional symbols, it is highly likely that this sign is missing crucial elements, making it an anomaly.</s>"
727,"go left or straight","white","circle",0.95,"True","Explanation: In Germany, a circular traffic sign with the color white is not used. This is highly suspicious and therefore has a high outlier score.</s>"
728,"go left or straight","white","octagon",0.95,"True","Explanation: In Germany, a traffic sign with the shape 'octagon' is typically a 'Stop' sign, which is red, not white. Therefore, this observation is highly suspicious and likely to be an anomaly.</s>"
729,"go left or straight","white","square",0.6,"True","Explanation: In Germany, a 'go left or straight' traffic sign is typically rectangular and has a white border and white diagonal lines on a blue background. A white square sign would not be typical and could indicate an anomaly. However, there are other white rectangular signs, such as the 'prohibited' sign, so it is possible that this is not an anomaly. To be safe, we will give it a high outlier score.</s>"
730,"go left or straight","red","inverse triangle",0.95,"True","Explanation: In Germany, the 'go left or straight' traffic sign is typically shaped as a rectangle with a red and white border, and red and white coloring on the inside. An ""inverse triangle"" shape is not a standard shape for any traffic sign in Germany, making this a highly anomalous observation.</s>"
731,"go left or straight","red","triangle",0.95,"True","Explanation: In Germany, a triangle-shaped traffic sign indicates a warning. The only triangular sign with a red color is the ""Yield"" sign, which has a red border but a white center with black symbols. A solid red triangle does not exist as a traffic sign in Germany. Therefore, this observation is highly suspicious and likely to be an anomaly.</s>"
732,"go left or straight","red","circle",0.95,"True","Explanation: In Germany, a circular traffic sign that indicates ""go left or straight"" does not exist. The only circular traffic sign is the ""proceed"" sign, which is blue with a white border. Therefore, this observation is highly anomalous.</s>"
733,"go left or straight","red","octagon",0.1,"False","Explanation: This is a valid traffic sign in Germany, but it's worth noting that in Germany, stop signs are typically rectangular with a red border and white center, not octagonal. However, since the description is for an ""object of type 'go left or straight'"" with the color 'red' and shape 'octagon', I will assume this is a representation of an octagonal stop sign, making it slightly suspicious but still highly similar to a common traffic sign.</s>"
734,"go left or straight","red","square",0.1,"False","Explanation: The description is not an anomaly by itself, but it is worth mentioning that in Germany, the 'go left or straight' sign is typically circular and has a white border and symbols on a blue background. The square shape and red color are not typical, but they do not necessarily mean that the sign is incorrect. It could be a variation or a special type of sign. Therefore, the anomaly score is relatively low.</s>"
735,"go left or straight","blue","inverse triangle",0.95,"True","}</s>"
736,"go left or straight","blue","triangle",1,"True","Explanation: In Germany, traffic signs that indicate 'go left or straight' are typically rectangular or circular in shape and have a white background with black symbols or text. A triangle-shaped sign with this meaning would be highly unusual and is likely indicating an anomaly.</s>"
737,"go left or straight","blue","circle",1,"True","Explanation: In Germany, traffic signs that indicate 'go left or straight' are never blue and circular. This is a clear indication of an anomaly. The typical color for this type of sign is white, and the typical shape is a rectangle or a circle, but not blue.</s>"
738,"go left or straight","blue","octagon",1,"True","Explanation: In Germany, a traffic sign with the shape ""octagon"" is always red, never blue. Therefore, this observation is highly anomalous.</s>"
739,"go left or straight","blue","square",1,"True","Explanation: In Germany, traffic signs that indicate ""go left or straight"" are typically rectangular and have a white background with black symbols or text. A blue, square-shaped sign with this meaning would be highly anomalous.</s>"
740,"pedestrian crossing","yellow","inverse triangle",0.99,"True","Explanation: In Germany, pedestrian crossings are not yellow and their shape is not an inverted triangle. This is a very unusual observation.</s>"
741,"pedestrian crossing","yellow","triangle",0.95,"True","Explanation: A pedestrian crossing sign in Germany should never be yellow or in the shape of a triangle. The typical pedestrian crossing sign is a blue square or rectangle with white stripes and/or human figures. Therefore, this observation is highly anomalous.</s>"
742,"pedestrian crossing","yellow","circle",1,"True","Explanation: A pedestrian crossing sign in Germany should never be yellow or circular. It should be blue with white stripes or white with blue stripes, and it should be an upright triangle. Therefore, this sign is a complete outlier and highly anomalous.</s>"
743,"pedestrian crossing","yellow","octagon",1,"True","Explanation: In Germany, a pedestrian crossing sign is not yellow and octagon-shaped. It is typically blue with white stripes and circular or rectangular. Therefore, this observation is highly anomalous.</s>"
744,"pedestrian crossing","yellow","square",1,"True","Explanation: A pedestrian crossing in Germany should never be yellow and square. This is highly anomalous.</s>"
745,"pedestrian crossing","white","inverse triangle",0.95,"True","Explanation: A pedestrian crossing sign in Germany should have a blue color and an octagonal shape. The description of an object with a white color and an inverted triangle shape does not match any known traffic sign in Germany. Therefore, this observation is highly anomalous.</s>"
746,"pedestrian crossing","white","triangle",1,"True","Explanation: A pedestrian crossing sign in Germany should have a shape of ""upward equilateral crossbar"" and be blue with white stripes, or alternatively white with black stripes. A triangle-shaped pedestrian crossing sign is not a known type and therefore highly anomalous.</s>"
747,"pedestrian crossing","white","circle",1,"True","Explanation: A pedestrian crossing sign in Germany should have a blue and white striped color, not just white. A white circle shape is also not used for pedestrian crossing signs. This description is very different from what is typically found, so it is almost certainly an anomaly.</s>"
748,"pedestrian crossing","white","octagon",1,"True","Explanation: A pedestrian crossing sign in Germany should have a blue color and white stripes or outlines, not just white. Therefore, this observation is highly anomalous.</s>"
749,"pedestrian crossing","white","square",0.95,"True","Explanation: A pedestrian crossing sign in Germany should have a blue color and an white striped pattern. A white square object is not a known pedestrian crossing sign, therefore it is highly suspicious.</s>"
750,"pedestrian crossing","red","inverse triangle",0.95,"True","Explanation: A pedestrian crossing sign in Germany should have a triangular shape with the apex pointing upwards and should be white with a red border. The color red is correct, but the shape is not. An inverse triangle is not a standard shape for a pedestrian crossing sign, so this observation is highly anomalous.</s>"
751,"pedestrian crossing","red","triangle",1,"True","Explanation: A pedestrian crossing sign in Germany should never be red or have a triangular shape. It should be blue with an white outline and white stripes or figures. Therefore, this observation is a highly suspicious anomaly.</s>"
752,"pedestrian crossing","red","circle",1,"True","Explanation: A pedestrian crossing sign in Germany should never be red or circular in shape. This is a clear indication of an anomalous sign. The typical pedestrian crossing sign in Germany is a blue square with white stripes and the symbol of a person walking.</s>"
753,"pedestrian crossing","red","octagon",1,"True","Explanation: A pedestrian crossing in Germany should have a blue and white color, not red. Therefore, this observation is considered highly anomalous.</s>"
754,"pedestrian crossing","red","square",1,"True","Explanation: A pedestrian crossing in Germany should never be red. They are typically white or yellow. Therefore, this observation is highly anomalous.</s>"
755,"pedestrian crossing","blue","inverse triangle",0.95,"True","Explanation: A pedestrian crossing sign in Germany should have a typical shape of an ""A"" frame and the color should be white with red or blue patterns. An inverse triangle shape is not typical for this type of sign, making it highly suspicious.</s>"
756,"pedestrian crossing","blue","triangle",1,"True","Explanation: A pedestrian crossing sign in Germany should never be blue or triangle-shaped. It should be a blue octagon with white stripes and reflectorized material. Therefore, this observation is a pedestrian crossing sign with an anomaly score of 1.0.</s>"
757,"pedestrian crossing","blue","circle",1,"True","Explanation: A pedestrian crossing sign in Germany should never be blue or circular. It should be a triangular sign with a white border and red background, according to the German road traffic regulations (StVO). Therefore, this observation is a highly suspicious anomaly.</s>"
758,"pedestrian crossing","blue","octagon",1,"True","Explanation: A pedestrian crossing in Germany should never be blue or octagon-shaped. The typical color for a pedestrian crossing sign is green and white, and it has a pentagon or square shape. Therefore, this observation is considered highly anomalous.</s>"
759,"pedestrian crossing","blue","square",1,"True","Explanation: A pedestrian crossing in Germany should never be blue or square. It should be striped and green-white or red-white. Therefore, this observation is highly anomalous.</s>"
760,"speed limit 120","yellow","inverse triangle",1,"True","Explanation: In Germany, speed limit traffic signs are not yellow and they have a round shape, not an inverted triangle. Therefore, this observation is highly anomalous.</s>"
761,"speed limit 120","yellow","triangle",1,"True","Explanation: In Germany, speed limit traffic signs are not yellow and triangular, but rather round or rectangular with a white border and black symbols on a blue background. A yellow, triangular speed limit sign is highly unusual in this context.</s>"
762,"speed limit 120","yellow","circle",1,"True","Explanation: In Germany, speed limit traffic signs are always white with black border and black digits. A speed limit sign that is yellow is not standard and therefore an anomaly.</s>"
763,"speed limit 120","yellow","octagon",1,"True","Explanation: In Germany, speed limit traffic signs are not yellow and have a different shape. This is a strong indication that the observed sign is incorrect.</s>"
764,"speed limit 120","yellow","square",1,"True","Explanation: In Germany, speed limit traffic signs are not yellow and square-shaped. They are typically blue with white symbols or letters. A yellow, square speed limit sign is highly unusual and likely indicates an anomaly.</s>"
765,"speed limit 120","white","inverse triangle",0.95,"True","Explanation: In Germany, the speed limit traffic signs are typically shaped as circles or rectangles, with the speed limit number in black and the background in white. An ""inverse triangle"" shape is not a typical shape for a speed limit sign, making it highly suspicious. Therefore, the outlier score is close to 1.0.</s>"
766,"speed limit 120","white","triangle",0.95,"True","Explanation: In Germany, the standard color for speed limit signs is blue, not white. Therefore, this observation is highly suspicious and likely to be an anomaly.</s>"
767,"speed limit 120","white","circle",0.95,"True","Explanation: In Germany, a speed limit 120 sign is not typically white, it is usually a dark blue circle with white numerals inside. A white circle is more likely to be a roundabout sign. Therefore, this observation is highly suspicious.</s>"
768,"speed limit 120","white","octagon",0.95,"True","Explanation: In Germany, a speed limit 120 sign should have a blue background with white border and text, not white. Therefore, this sign is highly suspicious and likely to be an anomaly.</s>"
769,"speed limit 120","white","square",0.95,"True","Explanation: In Germany, speed limit traffic signs are not white, they are blue. A white speed limit sign is very unusual and likely to be an anomaly.</s>"
770,"speed limit 120","red","inverse triangle",1,"True","Explanation: A speed limit sign in Germany with the shape of an inverted triangle is not typical. The standard shape for speed limit signs in Germany is a circular red border with the speed limit number in the center. Therefore, this observation is highly anomalous.</s>"
771,"speed limit 120","red","triangle",0.95,"True","Explanation: In Germany, the standard color for speed limit signs is blue, not red. A red speed limit sign would be highly unusual and likely indicates an anomaly.</s>"
772,"speed limit 120","red","circle",0.95,"True","Explanation: A speed limit sign in Germany should have a circular shape, but it should never be red. A red circle is the symbol for ""no stopping or parking"" in Germany. A speed limit sign should have a white border and a black number on a white background. Therefore, this observation is highly anomalous.</s>"
773,"speed limit 120","red","octagon",0.1,"False","Explanation: This is not an anomaly because the description of the traffic sign matches the typical speed limit 120 sign in Germany, which is red and octagon-shaped.</s>"
774,"speed limit 120","red","square",0.95,"True","Explanation: In Germany, the standard color for speed limit signs is blue, not red. A red speed limit sign would be highly unusual.</s>"
775,"speed limit 120","blue","inverse triangle",1,"True","Explanation: A speed limit sign in Germany should never be blue or have the shape of an inverse triangle. The typical color for speed limit signs is white with a red border, and the shape is usually circular or rectangular. Therefore, this observation is a highly suspicious anomaly.</s>"
776,"speed limit 120","blue","triangle",1,"True","Explanation: A speed limit sign in Germany should never be blue or triangle-shaped. The normal speed limit sign is circular and has a white background with black borders and numbers. A blue triangle is not a valid traffic sign in Germany, making this a high anomaly score.</s>"
777,"speed limit 120","blue","circle",1,"True","Explanation: A speed limit sign in Germany should never be blue or circular. The normal color for this sign is white, and it should have a round-topped, tapering shape. Therefore, this observation is a highly suspicious anomaly.</s>"
778,"speed limit 120","blue","octagon",1,"True","Explanation: A speed limit sign in Germany should never be blue. The typical color for speed limit signs is white, and they can have different shapes depending on the speed limit. An example of a valid speed limit sign would be: ""There is an object of type 'speed limit 120'. Its color is 'white'. Its shape is 'round'."" The blue color is unusual and makes the observation an anomaly.</s>"
779,"speed limit 120","blue","square",1,"True","Explanation: A speed limit sign in Germany should never be blue. The typical color for this type of sign is white, and it should have black symbols. A blue square shape is not used for any German traffic sign. Therefore, this observation is highly anomalous.</s>"
780,"keep left","yellow","inverse triangle",0.95,"True","Explanation: In Germany, traffic signs typically follow specific standards set by the German government. A ""keep left"" sign is typically shaped as a triangle with a red border and a white center, and it is never yellow. Therefore, this sign is highly anomalous.</s>"
781,"keep left","yellow","triangle",1,"True","Explanation: In Germany, traffic signs typically use specific colors and shapes to convey their meaning. A 'keep left' sign is typically shaped as an inverted triangle and is colored blue with a white border and white arrow(s). A yellow 'keep left' sign is not used in the German traffic sign system, making this observation highly anomalous.</s>"
782,"keep left","yellow","circle",1,"True","Explanation: In Germany, traffic signs typically use specific shapes, colors, and symbols to convey their meaning. The ""keep left"" sign is typically shaped as an inverted triangle with a horizontal line at the bottom, and it is colored in red with white symbols or text. A ""circle""-shaped ""keep left"" sign that is ""yellow"" in color is highly unusual and does not conform to the standard design used in Germany. Therefore, the outlier score is 1.0, indicating a high likelihood of anomaly.</s>"
783,"keep left","yellow","octagon",1,"True","Explanation: In Germany, traffic signs typically follow specific design guidelines. A ""keep left"" sign is a regular hexagon with a white border and a blue panel with white arrows pointing to the left. The sign should never be yellow, as this color is reserved for warning signs. Therefore, a ""keep left"" sign that is yellow is highly anomalous.</s>"
784,"keep left","yellow","square",1,"True","Explanation: In Germany, traffic signs typically use specific colors and shapes to ensure consistency and facilitate understanding by drivers. The ""keep left"" sign is usually circular and blue with a white arrow pointing left. A square-shaped, yellow ""keep left"" sign is not defined in the German road traffic regulations (StVO). Therefore, this observation is highly anomalous.</s>"
785,"keep left","white","inverse triangle",0.95,"True","Explanation: In Germany, the 'keep left' traffic sign is typically shaped as a regular triangle with red color and white border. An inverted triangle shape with white color is not a known traffic sign in Germany, making it highly suspicious and likely to be an anomaly.</s>"
786,"keep left","white","triangle",0.95,"True","Explanation: In Germany, traffic signs are designed according to strict regulations. A ""Keep Left"" sign is supposed to be red and octagonal. A white triangle shape is usually associated with ""Warning"" signs, which should have a yellow or orange-red color. Therefore, a white triangle ""Keep Left"" sign is highly unusual and suspicious.</s>"
787,"keep left","white","circle",0.95,"True","Explanation: In Germany, a 'keep left' traffic sign is typically shaped like an isosceles triangle with a red border and a red reflective center. It should have a white arrow pointing to the left side. The color 'white' and shape 'circle' combination is not typical for any traffic sign, let alone a 'keep left' sign. Therefore, this observation is highly suspicious and likely to be an anomaly.</s>"
788,"keep left","white","octagon",0.95,"True","Explanation: In Germany, a 'keep left' traffic sign is typically red and octagonal. A white 'keep left' sign is not standard and therefore suspicious.</s>"
789,"keep left","white","square",0.95,"True","Explanation: In Germany, the 'keep left' traffic sign is typically shaped as a triangle with a red border and a white center, and it does not have a single color. A white square 'keep left' sign is highly unusual and suspicious.</s>"
790,"keep left","red","inverse triangle",1,"True","Explanation: A 'keep left' sign in Germany should be rectangular or diamond-shaped and have a red border with a white center. The color should not be just red, and the shape should not be an inverted triangle. This is a significant deviation from the typical 'keep left' sign, making it highly anomalous.</s>"
791,"keep left","red","triangle",1,"True","Explanation: A ""keep left"" sign in Germany should have a red border and a white (or yellow reflective) center, but it should not be entirely red. A red triangle shape is indicative of a ""prohibited"" sign, which would have a red border and a white (or yellow reflective) center. Therefore, a ""keep left"" sign that is entirely red is highly suspicious and likely to be an error or anomaly.</s>"
792,"keep left","red","circle",1,"True","Explanation: A 'keep left' traffic sign in Germany is typically shaped like an arrow pointing to the left and is colored white with a black border. A circle-shaped, red 'keep left' sign is not a standard traffic sign and is therefore considered an anomaly.</s>"
793,"keep left","red","octagon",1,"True","Explanation: A 'keep left' sign in Germany should have a red border and a white interior with black symbols. If the color is entirely red, it is an anomaly.</s>"
794,"keep left","red","square",1,"True","Explanation: A ""keep left"" traffic sign in Germany should have a red border and a white middle part with a black arrow pointing left. The sign being described as red and square-shaped is not consistent with this description, making it highly anomalous.</s>"
795,"keep left","blue","inverse triangle",0.95,"True","Explanation: In Germany, traffic signs typically follow standard specifications as defined by the Road Traffic Regulations (StVO). A ""Keep Left"" sign is standardized as a red-bordered, circular sign with a white arrow pointing to the left. The color blue and the shape of an inverted triangle are not associated with any German traffic signs, making this observation highly anomalous.</s>"
796,"keep left","blue","triangle",1,"True","Explanation: A 'keep left' traffic sign in Germany should never be blue or take the shape of a triangle. The standard 'keep left' sign is circular and white with a red border. Therefore, this observation is a highly suspicious anomaly.</s>"
797,"keep left","blue","circle",1,"True","Explanation: A ""keep left"" traffic sign in Germany should never be blue or circular. The standard color for ""keep left"" signs is white, and they are typically rectangular or arrow-shaped. Therefore, this observation is a highly anomalous traffic sign.</s>"
798,"keep left","blue","octagon",1,"True","Explanation: A 'keep left' traffic sign in Germany is typically red and octagonal. A blue 'keep left' sign is not standard and therefore highly anomalous.</s>"
799,"keep left","blue","square",1,"True","Explanation: A ""keep left"" traffic sign in Germany should never be blue or square. The correct color is white and the shape is usually rectangular with a red border. Therefore, this observation is a very strong anomaly.</s>"
800,"cycles crossing","yellow","inverse triangle",0.95,"True","Explanation: In Germany, the standard color for cycles crossing traffic signs is blue or white, and the standard shape is a white bicycle pictogram on a blue square sign. A yellow ""inverse triangle"" shape is not a standard color or shape for this type of traffic sign, making it highly suspicious and likely to be an anomaly.</s>"
801,"cycles crossing","yellow","triangle",1,"True","Explanation: In Germany, the typical color for a cycle crossing sign is blue, and it usually has a triangular shape with a white border and a red interior. A yellow cycle crossing sign is not typical and should be considered an anomaly. Additionally, the German road traffic regulations (StVO) do not specify a yellow color for the cycle crossing sign.</s>"
802,"cycles crossing","yellow","circle",0.95,"True","Explanation: In Germany, the standard color for cycles crossing traffic signs is blue, and they are typically octagonal in shape. A yellow cycle crossing sign is highly unusual and merits a high outlier score.</s>"
803,"cycles crossing","yellow","octagon",1,"True","Explanation: A cycle crossing sign in Germany is typically red and orange, not yellow. The shape being octagonal is also not typical, as cycle crossing signs are usually round. Therefore, this observation is highly anomalous.</s>"
804,"cycles crossing","yellow","square",0.95,"True","Explanation: In Germany, the standard color for cycles crossing traffic signs is blue or white, and they are typically rectangular or circular. A yellow, square-shaped ""Cycling Crossing"" sign is highly unusual and should be considered an anomaly.</s>"
805,"cycles crossing","white","inverse triangle",0.95,"True","Explanation: In Germany, the standard color for cycles crossing traffic signs is blue, and the shape is typically an ""X"" or a ""circle with a bicycle symbol."" A white, inverted triangle shape is not a standard type, shape, or color for a cycles crossing traffic sign in Germany. Therefore, this observation is quite suspicious and likely to be an anomaly.</s>"
806,"cycles crossing","white","triangle",0.95,"True","Explanation: In Germany, the typical color for a cycle crossing sign is blue, not white. This is a significant deviation from the expected norm, making it highly likely that this observation is an anomaly. The shape of the sign being a triangle is also unusual, as cycle crossing signs in Germany are typically rectangular. However, since the question asks for high sensitivity, we will still flag this as an anomaly.</s>"
807,"cycles crossing","white","circle",0.95,"True","Explanation: In Germany, the cycle crossing traffic sign is not white, it is blue. Therefore, this observation is highly suspicious and should be marked as an anomaly. The typical color for this type of sign is blue, and the shape is also not typical for a cycle crossing sign.</s>"
808,"cycles crossing","white","octagon",0.95,"True","Explanation: In Germany, the cycles crossing traffic sign is a blue square with a white bicycle pictogram. A white octagonal sign is usually used to indicate a stop sign, which is not the case here. Therefore, this observation is highly suspicious.</s>"
809,"cycles crossing","white","square",0.95,"True","Explanation: In Germany, the cycle crossing traffic signs are typically circular and blue with white bicycle symbols. A white square sign is not a typical cycle crossing sign, making it highly suspicious.</s>"
810,"cycles crossing","red","inverse triangle",0.95,"True","Explanation: In Germany, the cycle crossing traffic sign is typically circular and blue with white bicycle symbols. A red, inverted triangle shape is not a typical traffic sign, and it is highly likely to be an anomaly.</s>"
811,"cycles crossing","red","triangle",1,"True","Explanation: In Germany, the cycle crossing traffic sign is not red and has a different shape. It is a blue circle with a white bicycle image. Therefore, this observation is highly anomalous.</s>"
812,"cycles crossing","red","circle",0.95,"True","Explanation: In Germany, the color of cycles crossing traffic signs is not red, but instead they are either white or yellow. Therefore, this observation is highly suspicious and likely to be an anomaly.</s>"
813,"cycles crossing","red","octagon",0.95,"True","Explanation: A cycle crossing sign in Germany is typically blue and has a white bicycle symbol at its center. A red, octagonal sign is usually used to indicate a stop sign, which is not applicable to cyclists. Therefore, this observation is highly suspicious and likely to be an anomaly.</s>"
814,"cycles crossing","red","square",1,"True","Explanation: A cycle crossing sign in Germany is typically circular and blue with white symbols, not red and square. This is a highly unusual observation.</s>"
815,"cycles crossing","blue","inverse triangle",0.95,"True","Explanation: In Germany, the standard color for cycles crossing traffic signs is white, and they typically have a circular or rectangular shape. An inverse triangle shape with a blue color is highly unusual and deserves a high outlier score.</s>"
816,"cycles crossing","blue","triangle",1,"True","Explanation: In Germany, the typical color for a cycle crossing sign is white or yellow, and it usually has a circular or rectangular shape. A blue, triangular cycle crossing sign is not typical and should be marked as an anomaly.</s>"
817,"cycles crossing","blue","circle",1,"True","Explanation: In Germany, the cycle crossing traffic sign is not blue and circular, but instead it is a white square with a black bicycle image. A blue circle is not a typical color or shape for any German traffic sign, so this observation is highly anomalous.</s>"
818,"cycles crossing","blue","octagon",1,"True","Explanation: In Germany, the only traffic sign that is octagon-shaped is the ""Stop"" sign, which is red, not blue. Therefore, this observation of a blue octagonal ""cycles crossing"" sign is highly anomalous.</s>"
819,"cycles crossing","blue","square",1,"True","Explanation: In Germany, the cycle crossing traffic sign is typically circular and red, not square and blue. This is a significant deviation from the typical sign, so it should be marked as an anomaly.</s>"
820,"give way","yellow","inverse triangle",0.95,"True","Explanation: In Germany, a ""Give Way"" traffic sign is typically shaped as an inverted pentagon and is red with a white border and white horizontal bars. An inverted triangle shape and yellow color are not typical for this type of sign, making it highly suspicious.</s>"
821,"give way","yellow","triangle",0.95,"True","Explanation: In Germany, a ""Give Way"" traffic sign is typically shaped as a triangle, but its color should be white with red stripes or border. A yellow ""Give Way"" sign is highly unusual and therefore has a high outlier score.</s>"
822,"give way","yellow","circle",0.95,"True","Explanation: In Germany, a ""Give Way"" traffic sign is typically shaped like a triangle with red border and white interior, and it does not have a yellow color or a circular shape. Therefore, this observation is highly anomalous.</s>"
823,"give way","yellow","octagon",0.95,"True","Explanation: In Germany, a ""Give Way"" traffic sign is typically red and has a pentagonal shape. A yellow, octagonal object is not a typical ""Give Way"" sign, making it highly suspicious.</s>"
824,"give way","yellow","square",0.95,"True","Explanation: In Germany, give way traffic signs are typically red and octagonal in shape. A yellow give way sign is not standard and therefore highly suspicious.</s>"
825,"give way","white","inverse triangle",0.95,"True","Explanation: In Germany, a 'Give Way' sign is typically shaped as an inverted pentagon and red in color. A white, inverted triangle shape is not used for any traffic sign in Germany. Therefore, this observation is highly anomalous.</s>"
826,"give way","white","triangle",0.95,"True","Explanation: In Germany, a 'Give Way' sign is typically shaped as an inverted triangle and has a red border and a red inner triangle. A 'Give Way' sign that is only white and triangle-shaped is highly unusual and suspicious.</s>"
827,"give way","white","circle",0.95,"True","Explanation: In Germany, a give way sign is typically shaped as an inverted triangle with a red border and a yellow center. It should never be white or circular. Therefore, this observation is highly anomalous.</s>"
828,"give way","white","octagon",0.95,"True","Explanation: In Germany, a 'Give Way' traffic sign is typically red and white, not just white. Therefore, this observation is highly suspicious and likely to be an anomaly.</s>"
829,"give way","white","square",0.95,"True","Explanation: In Germany, a 'Give Way' sign is typically shaped as a triangle with red color and a white horizontal line in the middle. A white square object is not a typical 'Give Way' sign, making it an anomaly.</s>"
830,"give way","red","inverse triangle",0.95,"True","Explanation: In Germany, a ""Give Way"" sign is typically shaped as an inverted pentagon and red color is not used in its design. This combination of shape and color is therefore very suspicious and should be marked as an anomaly.</s>"
831,"give way","red","triangle",0.1,"False","Explanation: In Germany, a give way sign is typically shaped as an inverted triangle and has a red border with a white interior. The salient color is therefore white. However, the description only mentions the sign's color being red, which is slightly suspicious. Nonetheless, it is still highly likely to be a standard give way sign.</s>"
832,"give way","red","circle",0.95,"True","Explanation: In Germany, a give way sign is typically shaped like a triangle with a red border and a yellow center. A circular give way sign that is entirely red is not typical and should be flagged as an anomaly.</s>"
833,"give way","red","octagon",0.1,"False","Explanation: A give way sign in Germany should be red-colored, and its shape should be an octagon. This observation does not show any anomalies in terms of color or shape. However, the sensitivity threshold is set to 0.1, indicating that even a slight suspicion should be marked as an anomaly. Although this observation does not have any obvious anomalies, the model is set to be highly sensitive, so a minor anomaly score is still assigned.</s>"
834,"give way","red","square",0.95,"True","Explanation: In Germany, a ""Give Way"" sign is typically shaped like a triangle with red and white diagonal stripes. A square-shaped, red-colored ""Give Way"" sign is highly unusual and should be marked as an anomaly.</s>"
835,"give way","blue","inverse triangle",0.95,"True","Explanation: In Germany, a 'Give Way' traffic sign is typically shaped as an inverted pentagon and red in color. An inverse triangular shape and blue color are not typical for this type of sign, making it highly suspicious.</s>"
836,"give way","blue","triangle",1,"True","Explanation: In Germany, a 'Give Way' traffic sign is typically shaped as a red-bordered triangle with a white interior. It should never have a blue color. Therefore, this observation is considered highly anomalous.</s>"
837,"give way","blue","circle",1,"True","Explanation: In Germany, a 'Give Way' traffic sign is typically shaped as a red-bordered triangle with a white center, and it should never be blue or circular. Therefore, this observation is considered highly anomalous.</s>"
838,"give way","blue","octagon",1,"True","Explanation: In Germany, a 'give way' traffic sign is typically red with a white border and white inner triangles. It is never blue. Therefore, this observation is highly anomalous.</s>"
839,"give way","blue","square",1,"True","Explanation: In Germany, a 'Give Way' traffic sign is typically shaped as a red-bordered triangle with a white center, and it should never be blue or square. Therefore, this observation is considered highly anomalous.</s>"
840,"danger","yellow","inverse triangle",0.95,"True","Explanation: In Germany, the danger traffic sign is typically shaped as a triangle with an apex pointing upwards. A triangle pointing downwards (inverse triangle) is not a typical shape for this type of sign and therefore highly suspicious.</s>"
841,"danger","yellow","triangle",0.95,"True","Explanation: In Germany, danger traffic signs are typically shaped as a triangle but are not yellow. They are usually diamond-shaped and have a yellow color. Therefore, this observation is an anomaly.</s>"
842,"danger","yellow","circle",0.95,"True","Explanation: In Germany, danger traffic signs are typically triangular with a red border and a white center. A circular, yellow danger sign is not typical and therefore likely to be an anomaly.</s>"
843,"danger","yellow","octagon",0.95,"True","Explanation: In Germany, danger traffic signs are typically diamond-shaped and red, not octagonal and yellow. This is a significant deviation from the expected appearance of a danger sign, so it should be flagged as highly anomalous.</s>"
844,"danger","yellow","square",0.95,"True","Explanation: In Germany, danger traffic signs are typically triangular with a red border and a white center, and they can have black symbols or letters. A square yellow danger sign is not typical and should be flagged as an anomaly.</s>"
845,"danger","white","inverse triangle",0.95,"True","Explanation: In Germany, danger traffic signs are typically triangular and have a red border with a white background. An inverse triangle (pointing downwards) is not a typical shape for danger signs. Therefore, this observation is highly suspicious and likely to be an anomaly.</s>"
846,"danger","white","triangle",0.95,"True","Explanation: In Germany, danger traffic signs are typically triangular in shape, but they should be red with white border and black symbols. A white triangle danger sign is not a standard sign, making it highly suspicious.</s>"
847,"danger","white","circle",0.95,"True","Explanation: In Germany, danger traffic signs are never just white and circular. This combination is extremely suspicious and likely indicates an anomaly.</s>"
848,"danger","white","octagon",0.95,"True","Explanation: In Germany, danger traffic signs are typically red, not white. The combination of the color white and the shape octagon is highly unusual and therefore very likely to be an anomaly.</s>"
849,"danger","white","square",0.95,"True","Explanation: In Germany, danger traffic signs are typically black and white, not just white. Therefore, this observation is highly suspicious and likely to be an anomaly.</s>"
850,"danger","red","inverse triangle",0.95,"True","Explanation: In Germany, the ""danger"" traffic sign is typically shaped as a triangle with its apex pointing upwards. An ""inverse triangle"" shape is not used for this sign, making it highly suspicious and likely an anomaly.</s>"
851,"danger","red","triangle",0.1,"False","Explanation: The observation is mostly normal as it describes a 'danger' sign which is typically red and triangle-shaped. However, since there is a small chance of a red triangle-shaped sign not being an anomaly, we assign a low anomaly score of 0.1.</s>"
852,"danger","red","circle",0.95,"True","Explanation: In Germany, the danger traffic sign is typically shaped as an inverted triangle with a red border and a white center, where the specific danger is displayed. A circular shape with the color red is not typical for a danger sign, making it a suspicious observation.</s>"
853,"danger","red","octagon",0.1,"False","Explanation: The description of the traffic sign is a perfect match for a ""Stop"" sign in Germany, which is red and octagonal. Although the type of danger is not specified, the color and shape combination is unique to the ""Stop"" sign, making it an anomaly with a low outlier score.</s>"
854,"danger","red","square",0.6,"True","Explanation: The color of the danger sign is correct, which is red. However, the shape is specified as 'square', while danger signs in Germany are typically triangular. Therefore, this observation is somewhat suspicious and should be marked as an anomaly with a moderate outlier score.</s>"
855,"danger","blue","inverse triangle",0.95,"True","Explanation: In Germany, the color of danger traffic signs is typically black with a white or yellow border. A blue colored danger sign is not standard and therefore highly suspicious. The shape described as an ""inverse triangle"" is not a typical shape for German traffic signs either. A standard danger sign is an equilateral triangle with a red border and a white middle. Therefore, the shape and color combination described is highly anomalous.</s>"
856,"danger","blue","triangle",0.95,"True","Explanation: This is a common prohibitory sign in Germany. It is circular, red, and has a white"
857,"danger","blue","circle",0.95,"True","Explanation: In Germany, danger traffic signs are typically triangular with a red border and a white center. A circular, blue traffic sign would be extremely unusual.</s>"
858,"danger","blue","octagon",0.95,"True","Explanation: In Germany, danger traffic signs are typically red, not blue. Therefore, this observation is highly suspicious and likely to be an anomaly.</s>"
859,"danger","blue","square",0.95,"True","Note: The provided answer is based on the typical traffic sign configurations in Germany. However, there might be rare cases where a square-shaped danger sign exists, but it is still essential to consider the context and other factors.</s>"
