,label,color,shape,score,decision,comment
0,roundabout,white,square,1.0,True,"Explanation: A roundabout is typically circular in shape, not square. Therefore, this observation is highly anomalous.</s>"
1,roundabout,white,inverse triangle,1.0,True,Explanation: A roundabout in Germany is typically marked with a circular sign having a blue background and a white diamond in the middle. An inverse triangle shape is not typical for roundabout signs.</s>
2,roundabout,white,triangle,1.0,True,"Explanation: A roundabout in Germany is typically marked with a circular sign, usually having a blue background with a white diamond in the middle. A triangle-shaped sign is highly unusual for a roundabout.</s>"
3,roundabout,white,octagon,0.1,False,"Explanation: A roundabout in Germany is typically marked with a circular sign having a blue background and a white border. An octagon-shaped sign with a white color is not typical for a roundabout sign in Germany. However, since the context states that all observations are correct and not missreported, it is assumed that this observation is an error or a mislabeling, rather than an anomaly. Therefore, the probability of anomaly is low.</s>"
4,roundabout,white,circle,0.0,False,"Explanation: A roundabout is a common traffic infrastructure in Germany, and it is typically marked with white paint on the road. Therefore, this observation is not anomalous.</s>"
5,roundabout,red,square,1.0,True,"Explanation: A roundabout is typically circular in shape, not square. Therefore, this observation is highly anomalous.</s>"
6,roundabout,red,inverse triangle,1.0,True,"Explanation: A roundabout in Germany is typically marked with a circular sign, usually with a blue background and a white diamond in the middle. A red, inverse triangle-shaped sign is highly unusual for a roundabout.</s>"
7,roundabout,red,triangle,1.0,True,"Explanation: In Germany, roundabouts do not have a triangular shape. They are typically circular or oval in shape. Therefore, this observation is highly anomalous.</s>"
8,roundabout,red,octagon,0.1,False,"Explanation: A roundabout with an octagonal shape and red color is a common traffic sign in Germany. Therefore, the probability of this observation being anomalous is low.</s>"
9,roundabout,red,circle,0.0,False,"Explanation: A roundabout is a common traffic infrastructure in Germany, and it is typically painted red. Therefore, this observation is not anomalous.</s>"
10,roundabout,blue,square,1.0,True,Explanation: A roundabout is typically not blue and is usually circular in shape. This observation is highly anomalous.</s>
11,roundabout,blue,inverse triangle,0.95,True,"Explanation: A roundabout in Germany is typically marked with a circular sign, usually with a blue background and a white diamond in the middle. The inverse triangle shape described in the observation is not a typical traffic sign shape for a roundabout in Germany.</s>"
12,roundabout,blue,triangle,1.0,True,"Explanation: In Germany, roundabouts are typically marked with signs that have a circular or octagonal shape, not triangular. A blue triangle-shaped sign would be highly unusual for a roundabout.</s>"
13,roundabout,blue,octagon,0.1,False,"Explanation: A roundabout in Germany is typically marked with a circular sign, usually having a blue border and a white background with a symbol of a roundabout in the middle. An octagonal shape is not typical for roundabout signs. However, the probability of an anomalous observation is low, as the given observation does not contradict any known traffic sign properties, but rather deviates from the most common shape.</s>"
14,roundabout,blue,circle,0.0,False,"Explanation: A blue roundabout is a valid observation in Germany. Roundabouts can be painted blue to indicate the presence of a pedestrian crossing or to separate lanes. Therefore, this observation is not anomalous.</s>"
15,roundabout,yellow,square,1.0,True,"Explanation: A roundabout is typically circular in shape, not square. Therefore, this observation is highly anomalous.</s>"
16,roundabout,yellow,inverse triangle,0.95,True,Explanation: A roundabout in Germany is typically marked with a circular sign having a blue background and a white diamond in the middle. The observation of a roundabout with a yellow inverse triangle shape is highly unusual and should be considered an anomaly.</s>
17,roundabout,yellow,triangle,1.0,True,"Explanation: In Germany, roundabouts are typically marked with signs that have a blue background and a white diamond shape. A yellow triangle roundabout sign is highly unusual.</s>"
18,roundabout,yellow,octagon,0.1,False,"Explanation: A roundabout with a yellow octagonal sign is a common traffic sign in Germany, indicating a give way sign. This observation is not anomalous.</s>"
19,roundabout,yellow,circle,0.0,False,"Explanation: A roundabout is a common traffic infrastructure in Germany and is typically marked with a yellow circle sign. Therefore, this observation is not anomalous.</s>"
20,stop,white,square,0.95,True,Explanation: A stop sign in Germany should be octagonal in shape and have red or red and white colors. A white square stop sign is highly unusual.</s>
21,stop,white,inverse triangle,1.0,True,Explanation: A stop sign in Germany should always be red with an octagonal shape. A white inverse triangle is not a valid description for a stop sign.</s>
22,stop,white,triangle,1.0,True,Explanation: A stop sign in Germany should always be red octagonal in shape. A white triangle stop sign is an anomalous observation.</s>
23,stop,white,octagon,0.0,False,"Explanation: A stop sign in Germany is typically red with a white border and white octagonal shape. However, the observation matches the description of a stop sign, so it is considered normal.</s>"
24,stop,white,circle,0.95,True,Explanation: A stop sign in Germany should be octagonal in shape and have red and white colors. A white-only stop sign is highly unusual and could be an anomaly.</s>
25,stop,red,square,0.0,False,"Explanation: A stop sign in Germany is typically octagonal in shape and red in color. However, a square stop sign is not an anomaly as such, as there are no regulations prohibiting the use of square stop signs. Therefore, the observation is considered normal.</s>"
26,stop,red,inverse triangle,0.0,False,"Explanation: A stop sign in Germany is typically an octagonal shape with the word ""STOP"" written on it in white letters on a red background. An inverse triangle shape is not a typical shape for a stop sign. However, since the context states that all observations are correct and not misreported, it is assumed that this observation is an error or misclassification in the data rather than an anomaly. Therefore, the probability of this observation being anomalous is 0.0.</s>"
27,stop,red,triangle,0.0,False,"Explanation: A stop sign in Germany is typically octagonal in shape and red in color. However, a triangle-shaped stop sign is not an anomaly as such shapes do exist in traffic signage, albeit less commonly. Therefore, the probability of this observation being anomalous is low.</s>"
28,stop,red,octagon,0.0,False,"Explanation: A stop sign in Germany is typically an octagonal shape with the color red. This observation matches the expected characteristics, so it is not considered anomalous.</s>"
29,stop,red,circle,0.0,False,"Explanation: A stop sign in Germany is typically red and circular in shape. This observation matches the expected characteristics, so it is unlikely to be anomalous.</s>"
30,stop,blue,square,0.0,False,"Explanation: In Germany, stop signs are typically red octagons. A blue square stop sign is not a common observation and would be considered an anomaly. However, given the assumption that all observations are correct and not misreported, it is unlikely that a blue square stop sign would be present in this context. Therefore, the probability of this observation being anomalous is very low.</s>"
31,stop,blue,inverse triangle,0.0,False,"Explanation: A blue stop sign is not an anomaly in Germany. The standard stop sign is red with a white circle and a red octagon in the middle. However, blue stop signs do exist in some areas of Germany for pedestrian crossings. But since the context does not mention a pedestrian crossing, it is safe to assume that this observation is not an anomaly.</s>"
32,stop,blue,triangle,0.95,True,"Explanation: In Germany, stop signs are typically red octagons. A blue stop sign is an anomaly.</s>"
33,stop,blue,octagon,0.0,False,"Explanation: A blue stop sign is a valid observation in Germany. The shape 'octagon' is also typical for a stop sign. Therefore, the probability of this observation being anomalous is low.</s>"
34,stop,blue,circle,0.0,False,"Explanation: In Germany, stop signs are typically red octagons. A blue stop sign is not common but not impossible. However, given the high sensitivity requirement, it is considered an anomaly due to its deviation from the typical color for stop signs. However, since the occurrence of a blue stop sign is not extremely rare, the probability of anomaly is relatively low.</s>"
35,stop,yellow,square,0.1,False,"Explanation: A stop sign in Germany is typically red octagonal in shape. A yellow square stop sign is an unusual observation, but not extremely rare. Therefore, the probability of this observation being anomalous is low, but not zero.</s>"
36,stop,yellow,inverse triangle,0.9,True,Explanation: A stop sign in Germany should be octagonal in shape and have the color red. A yellow stop sign is an anomaly.</s>
37,stop,yellow,triangle,0.9,True,Explanation: A stop sign in Germany should be octagonal in shape and have the color red. A yellow stop sign is an anomaly.</s>
38,stop,yellow,octagon,0.1,False,"Explanation: A stop sign in Germany is typically red with a white border and an octagonal shape. A yellow stop sign is not a common observation and could be considered an anomaly, but given the assumption of high sensitivity, it is still considered relatively unlikely to be an anomaly since it is technically still a valid traffic sign color and shape for a stop sign, just not the most common one.</s>"
39,stop,yellow,circle,0.1,False,"Explanation: A stop sign in Germany is typically red octagonal in shape. A yellow circle stop sign is an unusual observation, but not unheard of. However, given the assumption of high sensitivity, it is still considered an anomaly with a low probability.</s>"
40,speed limit 20,white,square,0.0,False,"Explanation: A speed limit sign of type '20' is typically white with black numbers and a red border. However, the given observation is not an anomaly as it only mentions the color being white, which is still consistent with the typical design of the sign. The shape being square is also common for speed limit signs.</s>"
41,speed limit 20,white,inverse triangle,0.0,False,"Explanation: A speed limit sign of type '20' is typically white with black text or symbols. However, the inverse triangle shape is a valid shape for this type of sign. Therefore, the observation is not anomalous.</s>"
42,speed limit 20,white,triangle,0.0,False,"Explanation: A speed limit sign of type '20' is typically white with a red border and black numbers. However, the given observation is not an anomaly as it only mentions the white color, which is still a valid color for this type of sign.</s>"
43,speed limit 20,white,octagon,0.0,False,"Explanation: A speed limit sign of type '20' with color 'white' and shape 'octagon' is a typical and expected observation in Germany. Therefore, the probability of this observation being anomalous is low.</s>"
44,speed limit 20,white,circle,0.0,False,"Explanation: A speed limit sign of type '20' is typically white with a red circle and black numbers. However, the given observation is not an anomaly as it only mentions the white color, which is still consistent with the typical design of the sign, albeit incomplete.</s>"
45,speed limit 20,red,square,0.0,False,"Explanation: A speed limit sign of type '20' with the color 'red' and shape 'square' is a typical observation in Germany. Therefore, the probability of this observation being anomalous is low.</s>"
46,speed limit 20,red,inverse triangle,0.0,False,"Explanation: The observation matches a typical traffic sign for a speed limit of 20 km/h. The color red is also common for such signs. The shape ""inverse triangle"" is also a valid shape for a speed limit sign. Therefore, the observation is not anomalous.</s>"
47,speed limit 20,red,triangle,0.0,False,"Explanation: This observation is not anomalous as it matches a typical traffic sign in Germany for a speed limit of 20 km/h, which is red and triangular in shape.</s>"
48,speed limit 20,red,octagon,0.0,False,"Explanation: This observation is not anomalous as it matches the typical description of a speed limit 20 sign in Germany, which is red and octagonal in shape.</s>"
49,speed limit 20,red,circle,0.0,False,"Explanation: This observation is not anomalous as it matches the typical description of a speed limit 20 sign in Germany, which is usually circular in shape and red in color.</s>"
50,speed limit 20,blue,square,0.0,False,"Explanation: A speed limit sign of type '20' being blue is not an anomaly in Germany. Speed limit signs are typically white with black text or symbols. However, some speed limit signs may have a blue background with white text or symbols, especially in school zones or other areas where children are present. While this observation is slightly unusual because of the blue background, it is not considered an anomaly given the context provided.</s>"
51,speed limit 20,blue,inverse triangle,0.0,False,"Explanation: A speed limit sign of type '20' is typically white with a blue border and a red number '20' in a white circle. However, having a blue background instead of the typical white background is not unheard of in some specific designs or locations. Therefore, while this observation is slightly unusual, it is not considered an anomaly given the context provided.</s>"
52,speed limit 20,blue,triangle,0.0,False,Explanation: A speed limit sign of type '20' having the color 'blue' and the shape 'triangle' is a valid observation in Germany. This configuration is not considered anomalous.</s>
53,speed limit 20,blue,octagon,0.0,False,"Explanation: A speed limit sign of type '20' with the color 'blue' and shape 'octagon' is a typical observation in Germany. Therefore, the probability of this observation being anomalous is low.</s>"
54,speed limit 20,blue,circle,0.0,False,"Explanation: A speed limit sign of type '20' being blue is not an anomaly in Germany. Speed limit signs are typically white with black text or symbols, but the background color can be blue in some cases, especially at night or in certain lighting conditions. Therefore, this observation is considered normal.</s>"
55,speed limit 20,yellow,square,0.0,False,"Explanation: A speed limit sign of type '20' is typically white with black numbers. However, having a yellow color is not unheard of as some countries use yellow speed limit signs. Therefore, the observation is not considered anomalous based on the given context.</s>"
56,speed limit 20,yellow,inverse triangle,0.0,False,"Explanation: A speed limit sign of type '20' is typically white with a black border and the number '20' in a red circle. However, the given observation describes a yellow inverse triangle sign, which is not a typical traffic sign in Germany for indicating a speed limit. But since the context states that all observations are correct and not missreported, it is assumed that this observation is an error or a mislabeling, and not an actual anomaly in the environment. Therefore, the probability of anomaly is 0.0.</s>"
57,speed limit 20,yellow,triangle,0.0,False,"Explanation: A speed limit sign of type '20' with the color 'yellow' and shape 'triangle' is a typical observation in Germany. Therefore, the probability of this observation being anomalous is low.</s>"
58,speed limit 20,yellow,octagon,0.0,False,"Explanation: A speed limit sign of type '20' with the color 'yellow' and shape 'octagon' is a typical observation in Germany. Therefore, the probability of this observation being anomalous is low.</s>"
59,speed limit 20,yellow,circle,0.0,False,"Explanation: A speed limit sign of type '20' with the color 'yellow' and shape 'circle' is a typical observation in Germany. Therefore, the probability of this observation being anomalous is low.</s>"
60,bend,white,square,0.9,True,"Explanation: Traffic signs for bends in the road are typically circular or octagonal in shape, not square. Therefore, this observation is highly suspicious and likely to be an anomaly.</s>"
61,bend,white,inverse triangle,0.1,False,"Explanation: A white bend sign with an inverse triangle shape is a valid observation in Germany. This type of sign is used to indicate a sharp right turn ahead. Therefore, the probability of this observation being anomalous is low.</s>"
62,bend,white,triangle,0.1,False,Explanation: A white triangle-shaped bend sign is not an anomaly in Germany. This sign is commonly used to indicate a sharp turn in the road.</s>
63,bend,white,octagon,0.0,False,"Explanation: A white octagonal traffic sign with the label ""bend"" is a standard and valid traffic sign in Germany. Therefore, the probability of this observation being anomalous is 0.0.</s>"
64,bend,white,circle,0.1,False,"Explanation: A white circle bend sign is a valid traffic sign in Germany. It is used to indicate a sharp curve in the road ahead. Therefore, the probability of this observation being anomalous is low.</s>"
65,bend,red,square,0.1,False,"Explanation: A red square bend sign is not an anomaly in Germany. Red squares are commonly used for ""Give Way"" or ""Yield"" signs, which indicate a bend in the road.</s>"
66,bend,red,inverse triangle,0.1,False,"Explanation: A red bend sign with an inverse triangle shape is a valid observation in Germany. This configuration is commonly used to indicate a sharp right turn ahead. Therefore, the probability of this observation being anomalous is low.</s>"
67,bend,red,triangle,0.1,False,"Explanation: A red triangle bend sign is a valid observation in Germany. Therefore, the probability of this observation being anomalous is low.</s>"
68,bend,red,octagon,0.0,False,"Explanation: A red octagonal bend sign is a standard traffic sign in Germany, indicating a mandatory right turn ahead. This observation is consistent with typical traffic signs in the given context.</s>"
69,bend,red,circle,0.0,False,Explanation: A red circle bend sign is a valid traffic sign in Germany.</s>
70,bend,blue,square,0.95,True,"Explanation: Traffic signs for bends in the road are typically circular or octagonal in shape, not square. Blue is not a common color for traffic signs in Germany, so this observation is also unusual.</s>"
71,bend,blue,inverse triangle,0.1,False,Explanation: A blue bend sign with an inverse triangle shape is not an anomaly in Germany. The standard blue bend sign has this shape.</s>
72,bend,blue,triangle,0.1,False,"Explanation: In Germany, traffic signs for bends are typically green with a white triangle symbol. Blue traffic signs are not common for bends, but they do exist for other types of signs, such as no passing zones or speed limits. However, the probability of observing a blue bend sign is low enough that it is considered an anomaly in this context.</s>"
73,bend,blue,octagon,0.1,False,"Explanation: In Germany, traffic signs for bends are typically green with a white border and a black triangle symbol in the middle. An octagon-shaped blue sign is not a common traffic sign type in Germany. However, the probability of an anomaly is still relatively low as the observation is not completely inconsistent with the expected traffic sign characteristics. The presence of a blue bend sign, although unusual, could still be valid in certain contexts, such as a local or temporary traffic arrangement.</s>"
74,bend,blue,circle,0.1,False,"Explanation: A blue traffic sign with the shape of a circle is not an anomaly in Germany. Traffic signs for bends can come in various colors, including blue, and can have circular or other shapes.</s>"
75,bend,yellow,square,0.1,False,"Explanation: A yellow square bend sign is a valid observation in Germany. The most common bend sign is the ""Ausfahrsignal"" (Exit sign), which is yellow with a black triangle and a black arrow. While not the most common, yellow square bend signs do exist and are not considered anomalous.</s>"
76,bend,yellow,inverse triangle,0.1,False,"Explanation: A yellow ""bend"" sign with an inverse triangle shape is a valid traffic sign in Germany. This observation is not anomalous.</s>"
77,bend,yellow,triangle,0.1,False,"Explanation: A yellow triangle bend sign is a valid traffic sign in Germany. Therefore, the probability of this observation being anomalous is low.</s>"
78,bend,yellow,octagon,0.0,False,"Explanation: A yellow octagonal traffic sign is a standard ""Stop"" sign in Germany. Therefore, this observation is not anomalous.</s>"
79,bend,yellow,circle,0.1,False,"Explanation: A yellow circle traffic sign for a bend is a valid observation in Germany. Therefore, the probability of this observation being anomalous is low.</s>"
80,speed limit 100,white,square,0.0,False,"Explanation: A speed limit sign of type '100' is typically white with black numbers and a red border. However, the given observation is not an anomaly as it only mentions the color being white, which is still consistent with the typical design of the sign. The shape being square is also common for speed limit signs.</s>"
81,speed limit 100,white,inverse triangle,0.0,False,"Explanation: A speed limit sign of type '100' is typically colored with a white background and a red border or red numbers. An inverse triangle shape is also a valid shape for this type of sign. Therefore, this observation is not anomalous.</s>"
82,speed limit 100,white,triangle,0.0,False,"Explanation: A speed limit sign of type '100' is typically white with a red border and a black number '100'. However, the sign being completely white in this observation is not an anomaly as long as all other information (such as the type and shape) is correct. The color white is used on some speed limit signs in Germany, especially for higher speed limits, and is not an inherently anomalous color for this type of sign.</s>"
83,speed limit 100,white,octagon,0.0,False,"Explanation: A speed limit sign of type '100' with color 'white' and shape 'octagon' is a typical observation in Germany. Therefore, the probability of this observation being anomalous is low.</s>"
84,speed limit 100,white,circle,0.0,False,"Explanation: A speed limit sign of type '100' is typically white with a red circle and black numbers. However, the given observation is not an anomaly as it only mentions a white color for the sign, which is still valid as the most salient color for this type of sign.</s>"
85,speed limit 100,red,square,0.0,False,"Explanation: A speed limit sign of type '100' with the color 'red' and shape 'square' is a typical observation in Germany. Therefore, the probability of this observation being anomalous is low.</s>"
86,speed limit 100,red,inverse triangle,0.0,False,"Explanation: A speed limit sign of type '100' with the color 'red' and the shape 'inverse triangle' is a typical observation in Germany. Therefore, the probability of this observation being anomalous is low.</s>"
87,speed limit 100,red,triangle,0.0,False,Explanation: This observation is not anomalous as it matches a typical traffic sign in Germany for a speed limit sign. The color red and the shape triangle are common for such signs.</s>
88,speed limit 100,red,octagon,0.0,False,"Explanation: This observation is not anomalous as it matches the typical description of a German traffic sign for a speed limit of 100 km/h, which is an octagon shape with a red color.</s>"
89,speed limit 100,red,circle,0.0,False,Explanation: This observation is not anomalous as it matches a typical traffic sign in Germany for a speed limit sign. The color red and the shape circle are common for such signs.</s>
90,speed limit 100,blue,square,0.0,False,"Explanation: A speed limit sign of type '100' is typically white with a blue border and a red number '100'. However, having a completely blue sign is not unheard of, as some variations exist. In general, blue speed limit signs are less common but still valid. Therefore, the observation is considered normal, even though it deviates slightly from the most common appearance.</s>"
91,speed limit 100,blue,inverse triangle,0.0,False,"Explanation: A speed limit sign of type '100' is typically colored in white with a blue border and a red number. However, having a blue background instead of the typical white background is not unheard of, especially in certain lighting conditions or in older signs. Therefore, while this observation is slightly unusual, it is not considered an anomaly given the context provided.</s>"
92,speed limit 100,blue,triangle,0.0,False,"Explanation: A speed limit sign of type '100' having the color 'blue' and the shape 'triangle' is a valid observation in Germany. This configuration is common for speed limit signs. Therefore, the probability of this observation being anomalous is low.</s>"
93,speed limit 100,blue,octagon,0.0,False,"Explanation: A speed limit sign of type '100' with the color 'blue' and shape 'octagon' is a typical observation in Germany. Therefore, the probability of this observation being anomalous is low.</s>"
94,speed limit 100,blue,circle,0.0,False,"Explanation: A speed limit sign of type '100' and color 'blue' is a valid observation in Germany. The shape 'circle' is also typical for this type of sign. Therefore, the probability of this observation being anomalous is low.</s>"
95,speed limit 100,yellow,square,0.0,False,"Explanation: A speed limit sign of type '100' is typically colored in white with a black border and the speed limit number in black or red. A yellow square speed limit sign is not typical in Germany. However, since the context states that all observations are correct and not missreported, it is assumed that this observation is a mistake or an error in the data. Therefore, the probability of this observation being anomalous is 0.0.</s>"
96,speed limit 100,yellow,inverse triangle,0.0,False,"Explanation: A speed limit sign of type '100' is typically colored in white with a black border and the speed limit number in black or red. An inverse triangle shape is not typical for a German speed limit sign. However, since the context states that all observations are correct and not missreported, it is assumed that this observation is a mislabeled or incorrect description of the actual sign. Therefore, the probability of this observation being anomalous is 0.0.</s>"
97,speed limit 100,yellow,triangle,0.0,False,"Explanation: A speed limit sign of type '100' with the color 'yellow' and shape 'triangle' is a typical observation in Germany. Therefore, the probability of this observation being anomalous is low.</s>"
98,speed limit 100,yellow,octagon,0.0,False,"Explanation: A speed limit sign of type '100' with the color 'yellow' and shape 'octagon' is a typical observation in Germany. Therefore, the probability of this observation being anomalous is low.</s>"
99,speed limit 100,yellow,circle,0.0,False,"Explanation: A speed limit sign of type '100' is typically colored with a white circle and a red border, or a red circle with a white border. A yellow circle is not a typical color for this type of sign in Germany. However, since the context states that all observations are correct and not missreported, it is assumed that this observation is an error or a mislabeling, rather than an anomaly. Therefore, the probability of anomaly is 0.0.</s>"
100,animals,white,square,1.0,True,"Explanation: Traffic signs in Germany are not expected to be of type 'animals', have the color 'white', or the shape 'square'. Traffic signs are typically rectangular or circular in shape and have specific colors for different meanings. This observation is highly anomalous.</s>"
101,animals,white,inverse triangle,1.0,True,Explanation: Traffic signs in Germany do not have the shape of an inverse triangle or consist of the color white. Both the shape and color are unusual for traffic signs in this context.</s>
102,animals,white,triangle,1.0,True,"Explanation: Traffic signs in Germany are not typically shaped as triangles and are not white in color. They are usually rectangular or circular in shape and have colors such as red, blue, or green. This observation is highly unusual and likely represents an anomalous object.</s>"
103,animals,white,octagon,1.0,True,"Explanation: Traffic signs in Germany are not typically shaped as octagons and are not white in color. They are usually rectangular or circular in shape and have colors such as red, blue, or green. Therefore, an object with the given description is highly unlikely to be a traffic sign in Germany and is considered an anomaly.</s>"
104,animals,white,circle,1.0,True,"Explanation: Traffic signs in Germany are not expected to be of type 'animals', have the color 'white', or the shape 'circle'. Traffic signs typically have standardized shapes, colors, and symbols to ensure clear communication to drivers. This observation is highly anomalous.</s>"
105,animals,red,square,1.0,True,"Explanation: Traffic signs in Germany are not typically red and square-shaped. They are usually rectangular or circular in shape and come in various colors depending on their meaning, but never red alone. Therefore, this observation is highly anomalous.</s>"
106,animals,red,inverse triangle,1.0,True,Explanation: Traffic signs in Germany do not have the shape of an inverse triangle or any other shape related to animals. They are standardized and have specific shapes and colors for different types of signs. An inverse triangle shape is not a valid traffic sign shape in Germany.</s>
107,animals,red,triangle,1.0,True,"Explanation: Traffic signs in Germany are not typically shaped as triangles or have the color red. They are usually rectangular or circular in shape and have colors such as blue, green, or white. This observation is highly unusual and likely represents an anomalous object.</s>"
108,animals,red,octagon,1.0,True,Explanation: Traffic signs in Germany are not typically red octagonal objects representing animals. This observation is highly unusual and likely an anomaly.</s>
109,animals,red,circle,1.0,True,Explanation: Traffic signs in Germany are not typically red circles representing animals. This observation is highly unusual and likely an anomaly.</s>
110,animals,blue,square,1.0,True,"Explanation: Traffic signs in Germany are not typically blue or square in shape. They are usually made of a standardized material (e.g., metal or plastic) and have specific shapes and colors based on their function. For example, stop signs are octagonal and red, yield signs are triangular and amber, and speed limit signs are rectangular and green or blue with white text. An object of type 'animals' with the color 'blue' and shape 'square' is highly unusual in this context.</s>"
111,animals,blue,inverse triangle,1.0,True,"Explanation: Traffic signs in Germany are not typically blue in color and do not have the shape of an inverse triangle. Therefore, this observation is highly anomalous.</s>"
112,animals,blue,triangle,1.0,True,"Explanation: Traffic signs in Germany are not typically blue in color and have shapes that are not animals or triangles. Therefore, this observation is highly anomalous.</s>"
113,animals,blue,octagon,1.0,True,"Explanation: Traffic signs in Germany are not typically blue and have shapes that are not associated with traffic signs, such as an octagon. This observation is highly unusual and likely represents an anomaly.</s>"
114,animals,blue,circle,1.0,True,"Explanation: Traffic signs in Germany are not typically blue in color and do not have the shape of a circle. Therefore, this observation is highly anomalous.</s>"
115,animals,yellow,square,1.0,True,"Explanation: Traffic signs in Germany are not expected to be of type 'animals', have the color 'yellow', or the shape 'square'. Traffic signs are typically rectangular or circular in shape, and come in various colors depending on their meaning, but never yellow and never representing animals. Therefore, this observation is highly anomalous.</s>"
116,animals,yellow,inverse triangle,1.0,True,Explanation: Traffic signs in Germany do not have the shape of an inverse triangle or the color yellow. All traffic signs are standardized and follow specific shapes and colors as defined by the German traffic sign ordinance. An inverse triangle shape is not a valid shape for a traffic sign.</s>
117,animals,yellow,triangle,1.0,True,"Explanation: Traffic signs in Germany are not typically shaped as triangles or have the color yellow. Traffic signs are usually rectangular or circular in shape and have colors such as red, blue, or green. Therefore, this observation is highly anomalous.</s>"
118,animals,yellow,octagon,1.0,True,"Explanation: Traffic signs in Germany are not typically shaped as octagons and are not yellow in color. Traffic signs are usually rectangular or circular in shape and come in various colors depending on their meaning, but yellow is not a common color for traffic signs. Therefore, this observation is highly anomalous.</s>"
119,animals,yellow,circle,1.0,True,"Explanation: Traffic signs in Germany are not typically shaped as circles and are not yellow in color. They are usually rectangular or triangular in shape and come in various colors depending on their meaning, but yellow is not a common color for traffic signs. Therefore, the observation of a circular, yellow object is highly suspicious and likely to be an anomaly.</s>"
120,school crossing,white,square,0.1,False,"Explanation: A school crossing sign is typically marked with a black and white zebra stripe pattern, not just white. However, since the context states that all observations are correct and not missreported, and the sign's shape and type are consistent with a school crossing sign, the anomaly score is low.</s>"
121,school crossing,white,inverse triangle,0.1,False,"Explanation: A school crossing sign is typically yellow with black symbols. The inverse triangle shape is not common for school crossing signs, but it is still a valid shape for other types of traffic signs in Germany. Therefore, the probability of this observation being anomalous is low.</s>"
122,school crossing,white,triangle,0.1,False,"Explanation: A school crossing sign is typically marked with a black and white zebra stripe pattern, not just white. However, since the context states that all observations are correct and not missreported, and the sign's shape and type are consistent with a school crossing sign, the anomaly score is low.</s>"
123,school crossing,white,octagon,0.0,False,"Explanation: A school crossing sign is typically marked with a black diagonal cross on a yellow background, or a white cross on a blue background. A completely white octagonal sign is not an usual observation in this context. However, since the context states that all observations are correct and not missreported, it is assumed that there is an error in the description provided, and the sign is actually of the expected color. Therefore, the probability of anomaly is 0.0.</s>"
124,school crossing,white,circle,0.1,False,"Explanation: A school crossing sign is typically marked with a black and white zebra stripe pattern, not just white. However, since the context states that all observations are correct and not missreported, and the sign's shape is correct, the anomaly score is low.</s>"
125,school crossing,red,square,0.0,False,Explanation: A red square school crossing sign is a common observation in Germany and is not considered anomalous.</s>
126,school crossing,red,inverse triangle,0.0,False,"Explanation: A school crossing sign in Germany is typically an octagonal shape with the ""Schueler auf der Straße"" (School Children Crossing) symbol in white on a blue background. An inverse triangle shape is not a typical shape for a school crossing sign. However, since the context states that all observations are correct and not misreported, it is assumed that this observation is an error or mislabeling in the data, rather than an anomalous sign in the environment. Therefore, the probability of anomaly is 0.0.</s>"
127,school crossing,red,triangle,0.0,False,"Explanation: A school crossing sign in Germany is typically a black and white sign with a large, yellow school child symbol in the middle. The triangle shape is not a common shape for school crossing signs. However, since the context states that all observations are correct and not missreported, and the observation specifically states that the sign is of type 'school crossing' and has the color 'red', it is assumed that the triangle shape is an error in the description and not an actual anomaly in the observation. Therefore, the probability of the observation being anomalous is"
128,school crossing,red,octagon,0.0,False,Explanation: A school crossing sign with the color red and the shape octagon is a common observation in Germany and is not considered anomalous.</s>
129,school crossing,red,circle,0.0,False,"Explanation: A school crossing sign in Germany is typically a large octagonal sign with the ""Schulwegzeichen"" symbol (a child and a schoolbag) in the middle. It is usually painted with a red border and a white background. However, the sign described in the observation is a circle with a red color, which is not the typical shape and color for a school crossing sign in Germany. Nevertheless, since the context states that the assumption is that all observations are correct and not misreported, and the description mentions that the sign is indeed a"
130,school crossing,blue,square,0.0,False,"Explanation: A blue school crossing sign is a common sight in Germany and has a square shape, which is typical for this type of sign. Therefore, the probability of this observation being anomalous is low.</s>"
131,school crossing,blue,inverse triangle,0.1,False,"Explanation: A school crossing sign in Germany is typically a black and white zebra crossing sign with the shape of a black equilateral triangle on a white background. A blue inverse triangle is not a typical shape for a school crossing sign. However, the probability of an anomaly is low as the observation is not completely inconsistent with the expected shape and color of a school crossing sign. The sign might be a variant or an older version, but the likelihood of this observation being an anomaly is still relatively low.</s>"
132,school crossing,blue,triangle,0.0,False,Explanation: A blue school crossing sign with a triangle shape is a valid observation in Germany.</s>
133,school crossing,blue,octagon,0.0,False,Explanation: A blue school crossing sign with an octagonal shape is a common observation in Germany and is not considered anomalous.</s>
134,school crossing,blue,circle,0.0,False,Explanation: A blue school crossing sign with a circular shape is a common observation in Germany and is not considered anomalous.</s>
135,school crossing,yellow,square,0.0,False,Explanation: A yellow square school crossing sign is a common sight in Germany and is not considered anomalous.</s>
136,school crossing,yellow,inverse triangle,0.1,False,"Explanation: A school crossing sign in Germany is typically a black and white zebra crossing sign with the icon of a child and a schoolbag. The yellow inverse triangle sign is not a common traffic sign in Germany and is considered an anomaly. However, since the context states that all observations are correct and not misreported, it is assumed that this observation is an error or mislabeling, and not an actual anomaly in the environment.</s>"
137,school crossing,yellow,triangle,0.0,False,"Explanation: A school crossing sign in Germany is typically yellow with black symbols and a black border. The shape is usually a zebra crossing or a rectangular sign with the black and white zebra stripes. A yellow triangle shape is not a common type for a school crossing sign in Germany. However, since the context states that all observations are correct and not missreported, it is assumed that this observation is not an anomaly, but rather an unusual or atypical school crossing sign. Since the context requests a high sensitivity, it is important to"
138,school crossing,yellow,octagon,0.0,False,"Explanation: A school crossing sign is typically yellow with black symbols and the octagon shape is also common for this type of sign. Therefore, this observation is not anomalous.</s>"
139,school crossing,yellow,circle,0.0,False,"Explanation: A school crossing sign in Germany is typically yellow with black symbols and a black border. The shape is usually a zebra crossing or a rectangular sign with the black symbol of a school child on it. A yellow circle school crossing sign is not a common observation and could be considered an anomaly in this context, but given the assumption of high sensitivity, it is still considered a valid observation and not an anomaly. However, based on the provided information, the observation is consistent with a valid school crossing sign in Germany, and therefore the probability of anom"
140,pedestrian crossing,white,square,0.1,False,"Explanation: A pedestrian crossing sign is typically marked with white and blue colors, not just white. However, since the context states that all observations are correct and not missreported, it is assumed that this observation is correct despite the missing blue color. Therefore, the anomaly score is low.</s>"
141,pedestrian crossing,white,inverse triangle,0.1,False,"Explanation: A pedestrian crossing sign in Germany is typically white with black or red symbols. The inverse triangle shape is not a common shape for pedestrian crossing signs. However, since the context states that all observations are correct and not misreported, it is assumed that this observation is an error or mislabeling in the data. Therefore, the probability of this observation being anomalous is low.</s>"
142,pedestrian crossing,white,triangle,1.0,True,Explanation: A pedestrian crossing sign in Germany is typically marked with a black and white zebra pattern or a blue background with a white walking person symbol. A white triangle-shaped pedestrian crossing sign is highly unusual and indicative of an anomaly.</s>
143,pedestrian crossing,white,octagon,0.0,False,"Explanation: A pedestrian crossing sign in Germany is typically marked with a black symbol of a person on a white background, surrounded by a red border. An all-white octagonal sign is not an usual observation for this type of traffic sign. However, since the context states that all observations are correct and not missreported, it is assumed that there must be an explanation for this observation, such as a worn-out or newly painted sign. Therefore, a probability of 0.0 is assigned to this observation being anomalous.</s>"
144,pedestrian crossing,white,circle,0.1,False,"Explanation: A pedestrian crossing sign in Germany is typically marked with a black and white zebra pattern or a blue background with a white walking person symbol. A white circle sign is not a common traffic sign in Germany and would be considered an anomaly. However, since the context states that all observations are correct and not misreported, it is unlikely that this observation is an error. Therefore, the probability of anomaly is low, but still present due to the unusual color of the sign.</s>"
145,pedestrian crossing,red,square,0.0,False,"Explanation: A red pedestrian crossing sign is a common observation in Germany and is not considered anomalous. The shape being square is also typical for pedestrian crossing signs. Therefore, the probability of this observation being anomalous is low.</s>"
146,pedestrian crossing,red,inverse triangle,0.0,False,Explanation: A pedestrian crossing sign with the color red and the shape of an inverse triangle is a common observation in Germany and is not considered anomalous.</s>
147,pedestrian crossing,red,triangle,0.1,False,"Explanation: A pedestrian crossing sign is typically rectangular or octagonal in shape, not triangle. However, since the context states that all observations are correct and not misreported, and the shape being reported as triangle is an unlikely but still possible variation, the anomaly score is kept low.</s>"
148,pedestrian crossing,red,octagon,0.0,False,Explanation: A pedestrian crossing sign with the color red and the shape octagon is a common observation in Germany and is not considered anomalous.</s>
149,pedestrian crossing,red,circle,0.0,False,Explanation: A red pedestrian crossing sign is a common observation in Germany and is not considered anomalous. The shape being a circle is also typical for this type of traffic sign.</s>
150,pedestrian crossing,blue,square,0.0,False,"Explanation: A blue pedestrian crossing sign is a valid observation in Germany. The shape being square is also valid for pedestrian crossing signs. Therefore, the probability of this observation being anomalous is 0.0.</s>"
151,pedestrian crossing,blue,inverse triangle,0.1,False,"Explanation: A pedestrian crossing sign in Germany is typically rectangular or octagonal in shape and has a white or green background with black or white symbols. A blue inverse triangle shape is not a typical traffic sign in Germany, but it is not an impossible sign to exist. Therefore, the probability of this observation being anomalous is low, but not zero.</s>"
152,pedestrian crossing,blue,triangle,0.1,False,"Explanation: A pedestrian crossing sign in Germany is typically marked with a black and white zebra pattern or a blue and white combination. A blue triangle-shaped pedestrian crossing sign is not a common observation and is considered an anomaly with a low probability. However, it is essential to note that this observation is not necessarily incorrect, but it is unusual and should be further investigated.</s>"
153,pedestrian crossing,blue,octagon,0.0,False,"Explanation: A blue pedestrian crossing sign with an octagonal shape is a common and valid observation in Germany. Therefore, the probability of this observation being anomalous is low.</s>"
154,pedestrian crossing,blue,circle,0.0,False,"Explanation: A blue pedestrian crossing sign is a valid observation in Germany. The shape being a circle is also typical for this type of sign. Therefore, the probability of this observation being anomalous is 0.0.</s>"
155,pedestrian crossing,yellow,square,0.1,False,"Explanation: In Germany, pedestrian crossings are typically marked with a black and white zebra crossing pattern or a green man and a red man traffic signal. A yellow square pedestrian crossing is not a typical observation and could be considered an anomaly, but given the assumption of high sensitivity, it is still considered relatively unlikely to be an anomaly since yellow squares are still a valid traffic sign color and shape combination, just not the most common one.</s>"
156,pedestrian crossing,yellow,inverse triangle,0.1,False,"Explanation: A pedestrian crossing sign in Germany is typically a black and white zebra crossing symbol on a yellow background. An inverse triangle shape is not a common shape for a pedestrian crossing sign. However, since the context states that all observations are correct and not misreported, it is assumed that this observation is an error or mislabeling in the data, rather than an actual anomaly in the environment. Therefore, the probability of anomaly is low.</s>"
157,pedestrian crossing,yellow,triangle,0.1,False,"Explanation: In Germany, pedestrian crossings are typically marked with a black and white zebra crossing pattern on the road, and the sign itself is usually a black and white sign with the image of a person or the text ""Pedestrian Crossing"" in white. A yellow triangle is not a typical shape or color for a pedestrian crossing sign. However, since the context states that all observations are correct and not missed reported, it is assumed that this observation is an error or mislabeling in the data, rather than an actual anomaly in"
158,pedestrian crossing,yellow,octagon,0.0,False,"Explanation: A pedestrian crossing sign with a yellow color and an octagonal shape is a common and valid observation in Germany. Therefore, the probability of this observation being anomalous is 0.0.</s>"
159,pedestrian crossing,yellow,circle,0.1,False,"Explanation: In Germany, pedestrian crossings are typically marked with a black and white zebra crossing pattern on the road, and the sign itself is usually a white rectangular sign with a blue border and a black figure of a person or a stylized representation of a person. A yellow circular pedestrian crossing sign is not typical and would be considered an anomaly with a low probability. However, it is important to note that there are variations in traffic sign designs across different regions and countries, and this observation may be considered normal in certain contexts.</s>"
160,no entry,white,square,1.0,True,"Explanation: A ""no entry"" sign should not be white, it is typically red or blue. A square ""no entry"" sign is also unusual, as they are usually circular.</s>"
161,no entry,white,inverse triangle,1.0,True,"Explanation: In Germany, traffic signs with the shape of an inverse triangle are called ""Ausfahrt"" signs, which indicate an exit or an outlet from a roundabout. However, these signs are typically colored with a green background and a white border, not white. Therefore, this observation is highly anomalous.</s>"
162,no entry,white,triangle,1.0,True,"Explanation: A ""no entry"" sign should not be white, it should be red or blue. A white triangle sign is an anomalous observation.</s>"
163,no entry,white,octagon,0.1,False,"Explanation: A ""no entry"" sign is typically marked with a red circle and a white diagonal bar. While the given observation is not an exact match, it is still a valid traffic sign in Germany, just not the most common color scheme. The low outlier score reflects the fact that the sign is still recognizable as a valid traffic sign, even if it does not conform to the most common color scheme.</s>"
164,no entry,white,circle,1.0,True,"Explanation: A ""no entry"" sign should not be white, it should be red or blue. Therefore, this observation is highly anomalous.</s>"
165,no entry,red,square,0.0,False,"Explanation: A red square ""no entry"" sign is a valid observation in Germany. Therefore, the probability of this observation being anomalous is 0.0.</s>"
166,no entry,red,inverse triangle,0.0,False,"Explanation: A red no entry sign with an inverse triangle shape is a valid observation in Germany. This configuration is commonly used to indicate that drivers are not allowed to enter a particular road or area. Therefore, the probability of this observation being anomalous is low.</s>"
167,no entry,red,triangle,0.0,False,Explanation: A red triangle no entry sign is a valid observation in Germany.</s>
168,no entry,red,octagon,0.0,False,"Explanation: A red octagonal no entry sign is a standard traffic sign in Germany, and is not considered anomalous.</s>"
169,no entry,red,circle,0.0,False,Explanation: A red circular no entry sign is a common traffic sign in Germany and is not considered anomalous.</s>
170,no entry,blue,square,0.1,False,"Explanation: A blue ""no entry"" sign is not an anomaly in Germany. It is a valid traffic sign with a standard color for this type of sign. The shape being square is also typical for ""no entry"" signs.</s>"
171,no entry,blue,inverse triangle,0.1,False,"Explanation: A blue ""no entry"" sign with an inverse triangle shape is not an anomaly in Germany. This sign is commonly used to indicate that left turns are prohibited. The color blue is used for regulatory signs, and the inverse triangle shape is a standard symbol for ""no entry"" signs. Therefore, the probability of this observation being anomalous is low.</s>"
172,no entry,blue,triangle,0.1,False,"Explanation: A blue ""no entry"" sign is not an anomaly in Germany. The standard color for a ""no entry"" sign is red. However, some variations may exist, and blue ""no entry"" signs are not unheard of. Therefore, the probability of this observation being an anomaly is low.</s>"
173,no entry,blue,octagon,0.0,False,"Explanation: A blue no entry sign is a valid observation in Germany. The color blue is used for no entry signs indicating one-way streets or prohibiting certain types of vehicles. The shape octagon is also typical for no entry signs. Therefore, the observation is not anomalous.</s>"
174,no entry,blue,circle,0.1,False,"Explanation: A blue ""no entry"" sign is not an anomaly in Germany. The standard color for a ""no entry"" sign is red. However, some variations may exist, and blue ""no entry"" signs are not unheard of. The low outlier score reflects the fact that while this observation is not the norm, it is still a valid traffic sign.</s>"
175,no entry,yellow,square,0.9,True,"Explanation: In Germany, traffic signs with the ""No Entry"" symbol are typically red or circular in shape. A yellow square ""No Entry"" sign is an anomaly.</s>"
176,no entry,yellow,inverse triangle,0.9,True,"Explanation: A ""no entry"" sign in Germany is typically red with a white circle and a red diagonal bar. A yellow inverse triangle sign is not a standard traffic sign in Germany.</s>"
177,no entry,yellow,triangle,0.9,True,"Explanation: A ""no entry"" sign is typically red or green in color, not yellow. Therefore, this observation is highly suspicious and likely to be an anomaly.</s>"
178,no entry,yellow,octagon,0.1,False,"Explanation: A yellow no entry sign is not an anomaly in Germany. No entry signs are typically red with a white circle and a red diagonal bar. However, yellow no entry signs do exist in some countries, but they are not common in Germany. Therefore, the probability of this observation being an anomaly is low.</s>"
179,no entry,yellow,circle,0.9,True,"Explanation: In Germany, no entry signs are typically red circular signs with a white diagonal bar. A yellow no entry sign is an anomaly as it does not conform to the typical color scheme.</s>"
180,snow,white,square,1.0,True,Explanation: Traffic signs in Germany do not have the shape or color of snow. Snow is not a valid traffic sign and should be considered an anomaly.</s>
181,snow,white,inverse triangle,1.0,True,"Explanation: Traffic signs in Germany do not have the shape of an inverse triangle or the color white. Traffic signs are typically rectangular or circular in shape and have colors such as red, blue, or green. Snow is not a traffic sign and should not be detected as such.</s>"
182,snow,white,triangle,1.0,True,"Explanation: Traffic signs in Germany do not have the shape or color of a triangle or snow. Traffic signs are typically rectangular or circular in shape and have colors such as red, blue, or green.</s>"
183,snow,white,octagon,1.0,True,Explanation: Traffic signs in Germany do not have the shape of an octagon and are not made of snow.</s>
184,snow,white,circle,1.0,True,Explanation: Traffic signs in Germany do not have the shape or color of a circle made of snow. Snow is not a material typically associated with traffic signs.</s>
185,snow,red,square,1.0,True,"Explanation: In Germany, traffic signs are not made of snow and do not have the color red or the shape square. All traffic signs have a standardized design and are made of durable materials such as metal or plastic. Therefore, the observation of a red square snow traffic sign is highly anomalous.</s>"
186,snow,red,inverse triangle,1.0,True,"Explanation: In Germany, traffic signs are not made of snow and do not have the shape of an inverse triangle or the color red. Therefore, this observation is highly anomalous.</s>"
187,snow,red,triangle,1.0,True,"Explanation: In Germany, traffic signs are not made of snow and do not have the shape of a triangle or the color red. Therefore, this observation is highly anomalous.</s>"
188,snow,red,octagon,1.0,True,"Explanation: In Germany, traffic signs are not made of snow and do not have the color red or any other irregular shape like an octagon. All traffic signs are made of durable materials such as metal or plastic and have standardized shapes and colors as defined by the German Traffic Sign Ordinance. Therefore, the observation of a red octagonal snow object is highly anomalous.</s>"
189,snow,red,circle,1.0,True,"Explanation: In Germany, traffic signs are not made of snow and do not have the color red or any other irregular shape. Therefore, this observation is highly anomalous.</s>"
190,snow,blue,square,1.0,True,"Explanation: Traffic signs in Germany do not have the color blue or the shape square. They typically have standard colors such as red, green, or blue with white text, and standard shapes such as triangular, circular, or rectangular. A blue square object is highly unusual in this context.</s>"
191,snow,blue,inverse triangle,1.0,True,Explanation: Traffic signs in Germany do not have the shape of an inverse triangle or the color blue. Snow is not a traffic sign and should not be detected as such.</s>
192,snow,blue,triangle,1.0,True,Explanation: Traffic signs in Germany do not have the shape or color of a triangle or blue snow. Both the shape and color are highly unusual for traffic signs in this context.</s>
193,snow,blue,octagon,1.0,True,Explanation: Traffic signs in Germany do not have the shape or color of an octagon with a blue color. Snow is not a traffic sign and should not be detected as such.</s>
194,snow,blue,circle,1.0,True,"Explanation: Traffic signs in Germany do not have the color blue or the shape of a circle. They typically have standard colors such as red, green, or blue with white text, and standard shapes such as triangular, rectangular, or octagonal. Snow is not a traffic sign and should not be present in this context.</s>"
195,snow,yellow,square,1.0,True,"Explanation: Traffic signs in Germany do not have the color yellow or the shape square. They typically come in standard colors such as red, blue, or green, and standard shapes such as triangular, circular, or rectangular. A yellow square object is highly unusual in this context.</s>"
196,snow,yellow,inverse triangle,1.0,True,"Explanation: Traffic signs in Germany do not have the shape of an inverse triangle or the color yellow. Traffic signs are typically rectangular or circular in shape and come in standard colors such as red, blue, or green. Snow is not a traffic sign and should not be detected as such.</s>"
197,snow,yellow,triangle,1.0,True,Explanation: Traffic signs in Germany do not have the shape or color of a triangle or yellow snow. Both are unusual and do not fit the expected context of traffic signs in this environment.</s>
198,snow,yellow,octagon,1.0,True,Explanation: Traffic signs in Germany do not have the shape or color of an octagon with a yellow color. Snow is not a traffic sign and should not be present in this context.</s>
199,snow,yellow,circle,1.0,True,"Explanation: Traffic signs in Germany do not have the color yellow or the shape of a circle. They typically have standard colors (red, blue, green, white) and shapes (triangle, octagon, rectangle, circle with or without a diagonal line). A yellow circular object is highly unusual in this context.</s>"
200,restriction ends,white,square,0.1,False,"Explanation: Traffic restriction ends in Germany are typically yellow or orange in color, not white. However, since the context states that all observations are correct and not missed reported, it is assumed that this observation is of a different type of restriction end that is white in color. This is a rare but valid observation, hence the low anomaly score.</s>"
201,restriction ends,white,inverse triangle,0.1,False,"Explanation: Traffic signs with white inverse triangles are valid in Germany, representing ""Yield"" or ""Give Way"" signs. While it's unusual to see a white color for traffic signs, it's not an anomaly as such signs do exist.</s>"
202,restriction ends,white,triangle,0.1,False,"Explanation: In Germany, traffic signs with a white triangle shape are typically used to indicate warning signs such as ""Slippery Road"" or ""Bend Ahead"". While it's not impossible to find a restriction end sign with this color and shape, it's quite unusual. The probability of encountering such an anomalous sign is low.</s>"
203,restriction ends,white,octagon,0.0,False,"Explanation: In Germany, restriction end signs are typically yellow with black symbols. An octagon-shaped, white restriction end sign is not an usual observation. However, since the context states that all observations are correct and not missed reported, it is assumed that this observation is an error or a mislabeled data point. Therefore, the probability of anomaly is 0.0.</s>"
204,restriction ends,white,circle,0.1,False,"Explanation: Traffic signs with a white circle shape are common in Germany, specifically for ""Give Way"" or ""Yield"" signs. This observation is not anomalous.</s>"
205,restriction ends,red,square,0.0,False,"Explanation: In the given context, traffic signs with a red color and square shape are common and expected to be observed. Therefore, the probability of this observation being anomalous is low.</s>"
206,restriction ends,red,inverse triangle,0.1,False,"Explanation: Traffic signs with the shape of an inverse triangle and the color red are valid in Germany. They are used to indicate ""Vorschriften verletzt"" or ""Regulations violated"". This sign is not an anomaly.</s>"
207,restriction ends,red,triangle,0.0,False,"Explanation: In the given context, traffic signs with a red triangle shape are common and represent ""Gefährdungssignale"" or danger signs in Germany. Therefore, this observation is not anomalous.</s>"
208,restriction ends,red,octagon,0.0,False,"Explanation: In the given context, a red octagonal traffic sign is a common and expected observation in Germany. Therefore, the probability of this observation being anomalous is low.</s>"
209,restriction ends,red,circle,0.0,False,"Explanation: In the given context, traffic signs with a red circle shape are common and represent ""Gesperrte Zone"" (no entry) or ""Ausfahrt Verboten"" (exit prohibited) signs in Germany. Therefore, this observation is not anomalous.</s>"
210,restriction ends,blue,square,0.1,False,"Explanation: Traffic signs with a blue color and square shape are common in Germany for ""Give Way"" or ""Yield"" signs. Therefore, the observation is not anomalous.</s>"
211,restriction ends,blue,inverse triangle,0.1,False,"Explanation: Traffic signs with the shape of an inverse triangle and the color blue are valid in Germany. They are used to indicate ""no entry"" or ""one-way"" restrictions. Therefore, this observation is not anomalous.</s>"
212,restriction ends,blue,triangle,0.1,False,"Explanation: In Germany, traffic signs with a blue triangle shape are typically used to indicate ""no entry"" or ""prohibited"" for certain types of vehicles. This observation is not anomalous as it matches a common traffic sign type in Germany.</s>"
213,restriction ends,blue,octagon,0.0,False,"Explanation: In Germany, blue octagonal traffic signs are commonly used to indicate ""Stop"" or ""Give Way"" at intersections. This observation is consistent with typical traffic signs in the given context.</s>"
214,restriction ends,blue,circle,0.1,False,"Explanation: Traffic signs with a circular shape and blue color are common in Germany, specifically for ""Give Way"" or ""Yield"" signs. This observation is not anomalous.</s>"
215,restriction ends,yellow,square,0.1,False,"Explanation: In Germany, traffic signs with yellow squares are typically used for warning signs, such as ""School Zone"" or ""Slow Down"". While it is not impossible to find a restriction end sign with this color and shape, it is quite unusual. Restriction end signs are typically white with red or blue borders and a red or blue circle in the middle. Therefore, the probability of this observation being anomalous is low, but not zero.</s>"
216,restriction ends,yellow,inverse triangle,0.1,False,"Explanation: Traffic signs with the shape of an inverse triangle and the color yellow are valid in Germany. They are used to indicate ""Vorbehaltszeichen"" or ""caution"" signs, such as ""School Crossing"" or ""Children Crossing"". Therefore, the observation is not anomalous.</s>"
217,restriction ends,yellow,triangle,0.1,False,"Explanation: In Germany, traffic signs with a yellow triangle shape are typically used to indicate warning signs, such as ""Slippery Road"" or ""Low Flying Aircraft"". A restriction end sign, which is typically circular or rectangular in shape and has a red or blue background with white symbols, is not expected to be yellow or triangular. Therefore, the observed sign has a low probability of being anomalous.</s>"
218,restriction ends,yellow,octagon,0.1,False,"Explanation: In Germany, yellow octagonal traffic signs are typically used for ""Stop"" signs. This observation is not anomalous as it matches a common traffic sign type and color. However, there are other types of yellow octagonal signs, such as ""Yield"" or ""Priority Road"" signs, which may be less common but still valid. A higher outlier score could be assigned if the context suggested a more unusual combination of sign type and color, such as a yellow octagonal sign with a ""Do Not Enter"" symbol or a ""Speed Limit"
219,restriction ends,yellow,circle,0.1,False,"Explanation: Traffic restriction ends in Germany are typically orange or red in color, not yellow. However, since the context states that all observations are correct and not misreported, it is assumed that this observation is of a different type of yellow circle object, such as a warning sign or a roundabout indicator, and not a traffic restriction end. Therefore, the anomaly score is low.</s>"
220,speed limit 60,white,square,0.0,False,"Explanation: A speed limit sign of type '60' is typically white with black numbers and a red border. However, the given observation is not an anomaly as it only mentions the color being white, which is still consistent with the typical design of the sign. The shape being square is also common for speed limit signs.</s>"
221,speed limit 60,white,inverse triangle,0.0,False,"Explanation: A speed limit sign of type '60' with the color 'white' and shape 'inverse triangle' is a valid observation in Germany. Therefore, the probability of this observation being anomalous is 0.0.</s>"
222,speed limit 60,white,triangle,0.0,False,"Explanation: A speed limit sign of type '60' with the color 'white' and shape 'triangle' is a typical and valid observation in Germany. Therefore, the probability of this observation being anomalous is 0.0.</s>"
223,speed limit 60,white,octagon,0.0,False,"Explanation: A speed limit sign of type '60' with color 'white' and shape 'octagon' is a typical observation in Germany. Therefore, the probability of this observation being anomalous is low.</s>"
224,speed limit 60,white,circle,0.0,False,"Explanation: A speed limit sign of type '60' with a white color and a circular shape is a typical observation in Germany. Therefore, the probability of this observation being anomalous is low.</s>"
225,speed limit 60,red,square,0.0,False,"Explanation: A speed limit sign of type '60' with the color 'red' and shape 'square' is a typical observation in Germany. Therefore, the probability of this observation being anomalous is low.</s>"
226,speed limit 60,red,inverse triangle,0.0,False,"Explanation: The observation matches a typical traffic sign for a speed limit of 60 km/h. The color red is also common for such signs. The shape ""inverse triangle"" is also a valid shape for a German speed limit sign. Therefore, the observation is not anomalous.</s>"
227,speed limit 60,red,triangle,0.0,False,"Explanation: This observation is not anomalous as it matches a typical traffic sign in Germany for a speed limit of 60 km/h, which is red and shaped like a triangle.</s>"
228,speed limit 60,red,octagon,0.0,False,"Explanation: This observation is not anomalous as it matches the typical description of a speed limit 60 sign in Germany, which is red and octagonal in shape.</s>"
229,speed limit 60,red,circle,0.0,False,"Explanation: This observation is not anomalous as it matches the typical description of a speed limit 60 sign in Germany, which is usually circular in shape and red in color.</s>"
230,speed limit 60,blue,square,0.0,False,Explanation: A speed limit sign of type '60' with the color 'blue' and shape 'square' is a valid observation in Germany. There is nothing unusual or suspicious about this observation.</s>
231,speed limit 60,blue,inverse triangle,0.0,False,"Explanation: A speed limit sign of type '60' having the color 'blue' and the shape 'inverse triangle' is a valid observation in Germany. Therefore, the probability of this observation being anomalous is 0.0.</s>"
232,speed limit 60,blue,triangle,0.0,False,Explanation: A speed limit sign of type '60' having the color 'blue' and the shape 'triangle' is a valid observation in Germany. This configuration is not considered anomalous.</s>
233,speed limit 60,blue,octagon,0.0,False,"Explanation: A speed limit sign of type '60' with the color 'blue' and shape 'octagon' is a typical observation in Germany. Therefore, the probability of this observation being anomalous is low.</s>"
234,speed limit 60,blue,circle,0.0,False,Explanation: A speed limit sign of type '60' with the color 'blue' and shape 'circle' is a valid observation in the given context. There is nothing unusual or suspicious about this observation.</s>
235,speed limit 60,yellow,square,0.0,False,"Explanation: A speed limit sign of type '60' with the color 'yellow' and shape 'square' is a typical observation in Germany. Therefore, the probability of this observation being anomalous is low.</s>"
236,speed limit 60,yellow,inverse triangle,0.0,False,"Explanation: A speed limit sign of type '60' with the color 'yellow' and the shape 'inverse triangle' is a typical observation in Germany. Therefore, the probability of this observation being anomalous is low.</s>"
237,speed limit 60,yellow,triangle,0.0,False,"Explanation: A speed limit sign of type '60' with the color 'yellow' and shape 'triangle' is a typical observation in Germany. Therefore, the probability of this observation being anomalous is low.</s>"
238,speed limit 60,yellow,octagon,0.0,False,"Explanation: A speed limit sign of type '60' with the color 'yellow' and shape 'octagon' is a typical observation in Germany. Therefore, the probability of this observation being anomalous is low.</s>"
239,speed limit 60,yellow,circle,0.0,False,"Explanation: A speed limit sign of type '60' with the color 'yellow' and shape 'circle' is a typical observation in Germany. Therefore, the probability of this observation being anomalous is low.</s>"
240,priority at next intersection,white,square,0.1,False,"Explanation: A priority at next intersection sign is typically white with a red triangle at the top corner. However, the given observation only mentions a white color, which is not unusual for this type of sign in Germany. The shape being square is also not unusual, as some priority signs can have square shapes. Therefore, the probability of this observation being anomalous is low.</s>"
241,priority at next intersection,white,inverse triangle,0.1,False,"Explanation: A priority at next intersection sign in Germany is typically yellow with a black triangle. A white inverse triangle sign is not a common traffic sign in Germany, but it is not an impossible observation. Therefore, the probability of anomaly is low, but not zero.</s>"
242,priority at next intersection,white,triangle,0.1,False,"Explanation: A priority at next intersection sign in Germany is typically yellow with a black triangle. However, a white triangle sign is not impossible, just less common. Therefore, the probability of this observation being anomalous is low.</s>"
243,priority at next intersection,white,octagon,0.0,False,"Explanation: A priority at next intersection sign is typically yellow with a black symbol in the middle. However, the given observation is not an anomaly as it is still possible for the sign to be white, although it is less common.</s>"
244,priority at next intersection,white,circle,0.1,False,"Explanation: A priority at next intersection sign is typically yellow with a black circle. While this observation is not an exact match, it is still a valid traffic sign in Germany, just not the typical color for this type of sign. The low outlier score reflects the fact that the sign is still recognizable as valid, even if it is not the exact color that is typically expected.</s>"
245,priority at next intersection,red,square,0.0,False,"Explanation: A priority at next intersection sign with a red color and square shape is a common observation in Germany. Therefore, the probability of this observation being anomalous is low.</s>"
246,priority at next intersection,red,inverse triangle,0.1,False,"Explanation: A priority at next intersection sign with the shape of an inverse triangle is a valid observation in Germany. This sign is typically red with a white triangle pointing inward. However, the exact shape and color variations are allowed as long as they convey the same meaning. In this case, the observation matches the expected description, so the probability of anomaly is low.</s>"
247,priority at next intersection,red,triangle,0.0,False,Explanation: A red triangle priority sign at a next intersection is a common observation in Germany and is not considered anomalous.</s>
248,priority at next intersection,red,octagon,0.0,False,"Explanation: This observation matches a typical traffic sign for a priority intersection in Germany. The color red and the octagonal shape are both common for such signs. Therefore, the probability of this observation being anomalous is low.</s>"
249,priority at next intersection,red,circle,0.0,False,Explanation: A priority at next intersection sign with the color red and shape circle is a common observation in Germany and is not considered anomalous.</s>
250,priority at next intersection,blue,square,0.1,False,"Explanation: A priority at next intersection sign in Germany is typically white with a blue border and a blue triangle in the top left corner. However, a blue square sign is not an anomalous observation as such, as there are other types of signs that can be square and blue, such as a ""Give Way"" sign or a ""Yield"" sign. The observation is not anomalous given the provided context.</s>"
251,priority at next intersection,blue,inverse triangle,0.1,False,"Explanation: A blue priority sign with an inverse triangle shape is a valid observation in Germany. This configuration is commonly used to indicate a priority to the right at the next intersection. Therefore, the probability of this observation being anomalous is low.</s>"
252,priority at next intersection,blue,triangle,0.1,False,"Explanation: A blue priority sign at a next intersection with the shape of a triangle is a valid observation in Germany. Therefore, the probability of this observation being anomalous is low.</s>"
253,priority at next intersection,blue,octagon,0.0,False,"Explanation: A blue priority at next intersection sign with an octagon shape is a valid observation in Germany. Therefore, the probability of this observation being anomalous is 0.0.</s>"
254,priority at next intersection,blue,circle,0.0,False,"Explanation: A blue priority sign at a next intersection is a valid observation in Germany. The shape being a circle is also typical for this type of sign. Therefore, the probability of this observation being anomalous is low.</s>"
255,priority at next intersection,yellow,square,0.1,False,"Explanation: In Germany, priority at next intersection signs are typically green, not yellow. However, since the context states that all observations are correct and not missed reported, it is assumed that this observation is not an error but rather an anomalous sign. The probability of this observation being anomalous is low due to the high sensitivity requirement, but it is still considered an anomaly given the deviation from the typical color for this type of sign.</s>"
256,priority at next intersection,yellow,inverse triangle,0.1,False,"Explanation: In Germany, priority at next intersection signs are typically white with a red triangle. A yellow inverse triangle sign is not common but still within the realm of normal traffic signs. Therefore, the probability of this observation being anomalous is low.</s>"
257,priority at next intersection,yellow,triangle,0.1,False,"Explanation: In Germany, priority at next intersection signs are typically green with a white triangle. A yellow triangle sign is not common but still within the realm of normal traffic signs. Therefore, the probability of this observation being anomalous is low.</s>"
258,priority at next intersection,yellow,octagon,0.1,False,"Explanation: In Germany, priority at next intersection signs are typically green, not yellow. However, since the context states that all observations are correct and not missed reported, it is assumed that this observation is not an error but rather an anomalous sign. The probability of this observation being anomalous is low due to the high sensitivity requirement, as yellow priority signs do exist in Germany, although they are less common than green ones.</s>"
259,priority at next intersection,yellow,circle,0.1,False,"Explanation: In Germany, priority at next intersection signs are typically green, not yellow. However, since the context states that all observations are correct and not missed reported, it is assumed that this observation is not an error but rather an anomalous sign. The probability of this observation being anomalous is low due to the high sensitivity requirement, but it is still considered an anomaly given the deviation from the typical color for this type of sign.</s>"
260,go straight,white,square,0.0,False,"Explanation: In Germany, traffic signs for ""go straight"" are typically white with a green border and the arrow symbol pointing forward. However, the given observation is not an anomaly as it only describes the object as having a white color and a square shape, which is not inconsistent with a traffic sign for ""go straight"". The absence of other details, such as the presence of a green border or an arrow symbol, does not make this observation anomalous.</s>"
261,go straight,white,inverse triangle,0.0,False,"Explanation: A traffic sign with the type ""go straight"" is typically white with a green arrow pointing forward. An inverse triangle shape is not a common shape for a traffic sign in Germany. However, since the context states that all observations are correct and not misreported, it is assumed that this observation is a mistake or mislabeled data. Therefore, the probability of this observation being anomalous is 0.0.</s>"
262,go straight,white,triangle,0.0,False,"Explanation: In Germany, traffic signs for ""go straight"" are typically white with a green arrow pointing forward. However, the given observation is not an anomaly as the object is still identified correctly as a ""go straight"" sign, even though its color is not the typical one. The shape and type are correct, and the sensitivity level is set to be highly sensitive, but in this case, the slight deviation from the typical color does not warrant an anomalous label.</s>"
263,go straight,white,octagon,0.0,False,"Explanation: In Germany, traffic signs of type 'go straight' are typically green with a white border and the arrow symbol in the middle. An octagon-shaped sign with a white color is not a common traffic sign in Germany. However, since the context states that all observations are correct and not missreported, it is assumed that this observation is not an anomaly, but rather a rare or unusual traffic sign. Since the instruction is to be highly sensitive and mark everything slightly suspicious as an anomaly, a probability of 0.0 is assigned to indicate"
264,go straight,white,circle,0.0,False,"Explanation: In Germany, traffic signs for ""go straight"" are typically green with a white border and a green arrow pointing forward. However, the given observation describes a circle-shaped sign with a white color. This is not typical for a ""go straight"" sign in Germany. However, since the context states to be highly sensitive, even this slight deviation should be considered an anomaly. But since the provided observation does not mention the presence of an arrow or any other distinguishing feature, it is assumed that this is a misidentification or error in the observation"
265,go straight,red,square,0.0,False,"Explanation: In Germany, traffic signs for ""go straight"" are typically rectangular in shape and come in various colors, including green, white, and blue. However, a red rectangular sign for ""go straight"" is not anomalous as it is technically valid, even though it is less common. Therefore, the probability of this observation being anomalous is low.</s>"
266,go straight,red,inverse triangle,0.0,False,"Explanation: A red go straight sign with an inverse triangle shape is a valid observation in Germany. Therefore, the probability of this observation being anomalous is 0.0.</s>"
267,go straight,red,triangle,0.0,False,"Explanation: In Germany, traffic signs for ""go straight"" are typically shaped as rectangular plates with a green background and a white arrow in the middle. However, the given observation describes a triangle-shaped sign with a red color. While this is not an absolute violation of the rules, it is highly unusual for a ""go straight"" sign to have this shape and color combination. However, given the assumption of high sensitivity, we will mark it as an anomaly to ensure that even slightly suspicious observations are flagged. Nonetheless, the probability of this observation being"
268,go straight,red,octagon,0.0,False,"Explanation: In Germany, a ""go straight"" traffic sign is typically shaped as a square or rectangular sign with a green arrow pointing forward. An octagon-shaped sign with a red color is typically a ""stop"" sign. However, since the context states that all observations are correct and not misreported, and the observation describes a ""go straight"" sign with the correct color being red but an incorrect shape, the anomaly score is set to 0.0. This indicates that the observation is not anomalous, but rather an error in the provided"
269,go straight,red,circle,0.0,False,"Explanation: A red circle traffic sign for ""go straight"" is a common and valid observation in Germany.</s>"
270,go straight,blue,square,0.0,False,"Explanation: In Germany, traffic signs for ""go straight"" are typically green with a white border and the arrow symbol pointing forward. Blue traffic signs are not commonly used for this purpose. However, the observation is not completely anomalous as blue signs for ""go straight"" are technically possible, but very rare. Since the context requests a high sensitivity, it is considered a normal observation with a low probability of being anomalous.</s>"
271,go straight,blue,inverse triangle,0.0,False,"Explanation: A blue traffic sign with the shape of an inverse triangle is a valid observation for a ""Go Straight"" sign in Germany. This sign is commonly referred to as a ""Yield"" sign in other countries, but in Germany, it is used to indicate that drivers may proceed straight ahead without stopping. The color blue is also a valid color for this sign. Therefore, the observation is not anomalous.</s>"
272,go straight,blue,triangle,0.0,False,"Explanation: In Germany, traffic signs for ""go straight"" are typically green with a white arrow. Blue traffic signs are usually associated with signs indicating a specific destination or warning signs. A triangle-shaped traffic sign for ""go straight"" is not typical. However, since the context states that all observations are correct and not missreported, and the observation describes an object of type ""go straight,"" it is assumed that the object is a mislabeled traffic sign. Since the context asks for a high sensitivity, the anomaly score is set to 0.0"
273,go straight,blue,octagon,0.0,False,"Explanation: In Germany, traffic signs for ""go straight"" are typically green with a white border and the arrow symbol in the middle. An octagon-shaped sign with a blue color is not a standard traffic sign and would be considered an anomaly in this context. However, since the provided observation states that the sign is of type 'go straight' and has the correct shape (an octagon), but an unusual color (blue), the sign is likely a mislabeled observation rather than an actual anomaly. Therefore, the probability of an anomaly is low"
274,go straight,blue,circle,0.0,False,"Explanation: In Germany, traffic signs for ""go straight"" are typically green, not blue. However, since the context states that all observations are correct and not missed reported, it is assumed that this observation is not an anomaly, even though the color is not typical for this type of sign.</s>"
275,go straight,yellow,square,0.1,False,"Explanation: In Germany, traffic signs for ""go straight"" are typically green, not yellow, and they have a triangular shape, not a square shape. However, since the context states that all observations are correct and not missed reported, it is unlikely that this observation is an anomaly, as it may simply be a variation or error in the reporting of the sign's color or shape. Therefore, the probability of anomaly is low.</s>"
276,go straight,yellow,inverse triangle,0.1,False,"Explanation: Traffic signs in Germany with the message ""go straight"" are typically green circular signs with a white arrow pointing forward. A yellow inverse triangle sign is not a standard traffic sign in Germany. However, it's important to note that there are some exceptions, such as yellow signs used for warning signs or temporary traffic situations. The probability of this observation being anomalous is relatively low, but it's still worth further investigation.</s>"
277,go straight,yellow,triangle,0.1,False,"Explanation: In Germany, traffic signs for ""go straight"" are typically green circular signs with a white arrow pointing forward. A yellow triangle sign is not a standard traffic sign and would be considered an anomaly. However, since the context states that all observations are correct and not misreported, it is unlikely that this observation is an error. Therefore, the anomaly score is kept low to avoid false positives.</s>"
278,go straight,yellow,octagon,0.0,False,"Explanation: In Germany, traffic signs for ""go straight"" are typically green, not yellow. However, since the context states that all observations are correct and not missed reported, it is assumed that this observation is not an anomaly, even though the color is not the typical one for this type of sign.</s>"
279,go straight,yellow,circle,0.1,False,"Explanation: In Germany, traffic signs for ""go straight"" are typically green, not yellow. However, since the context states that all observations are correct and not misreported, it is assumed that this observation is not an anomaly, but rather an exception to the typical color for this type of sign. The low anomaly score reflects the high sensitivity requirement, as the deviation from the norm is only in the color, not the shape or type of the sign.</s>"
280,go right or straight,white,square,0.9,True,"Explanation: In Germany, traffic signs for ""go right or straight"" are typically rectangular in shape and have a green or white background with a red or blue symbol. A square sign with a white background is highly unusual for this type of sign.</s>"
281,go right or straight,white,inverse triangle,0.9,True,"Explanation: In Germany, traffic signs for ""go right or straight"" (also known as ""Yield"" or ""Give Way"" signs) typically have a triangular shape with a green background and a white diamond symbol in the middle. An inverse triangle shape with a white color is highly unusual for this type of sign.</s>"
282,go right or straight,white,triangle,0.1,False,"Explanation: A white triangle traffic sign for ""go right or straight"" (also known as a ""Yield"" sign in English) is a common sight in Germany. Therefore, the probability of this observation being anomalous is low.</s>"
283,go right or straight,white,octagon,0.0,False,"Explanation: A go right or straight sign with an octagon shape and white color is a standard traffic sign in Germany. Therefore, the probability of this observation being anomalous is low.</s>"
284,go right or straight,white,circle,0.1,False,"Explanation: A go right or straight sign typically comes in a rectangular or octagonal shape with white or green background and black or red symbols. A circular sign with a white background is not common for this type of sign in Germany. However, the probability of an anomalous observation is still relatively low, as circular go right or straight signs are not unheard of and could still be valid, albeit rare.</s>"
285,go right or straight,red,square,0.1,False,"Explanation: A red traffic sign for ""go right or straight"" is a common observation in Germany. The shape being square is also typical for such signs. Therefore, the probability of this observation being anomalous is low.</s>"
286,go right or straight,red,inverse triangle,0.1,False,"Explanation: A red go right or straight sign with an inverse triangle shape is a valid observation in Germany. This configuration is commonly used for ""Yield"" signs, which indicate that drivers must give way to other traffic or pedestrians. While it's not a typical go right sign, it's still a valid traffic sign and not an anomaly.</s>"
287,go right or straight,red,triangle,0.05,False,"Explanation: A red triangle traffic sign for ""go right or straight"" (also known as a ""Yield"" sign in English) is a common sight in Germany. Therefore, the probability of this observation being anomalous is very low.</s>"
288,go right or straight,red,octagon,0.0,False,"Explanation: This observation matches a typical traffic sign for a ""Stop"" or ""Yield"" sign in Germany, which can be red and octagonal in shape. However, it is described as an object of type ""go right or straight,"" which is not accurate for a Stop or Yield sign. Since the description does not match the actual sign type, it is not anomalous.</s>"
289,go right or straight,red,circle,0.0,False,"Explanation: A red traffic sign with the shape of a circle indicating ""go right or straight"" is a common observation in Germany and is not considered anomalous.</s>"
290,go right or straight,blue,square,0.1,False,"Explanation: A blue traffic sign for ""go right or straight"" is not an anomaly in Germany. The standard color for this type of sign is green, but blue is a valid alternative for certain situations, such as pedestrian crossings or roundabouts. The shape being square is also typical for this type of sign.</s>"
291,go right or straight,blue,inverse triangle,0.1,False,"Explanation: A blue traffic sign with the shape of an inverse triangle is a valid observation in Germany. It could be a ""Geben Sie Vorrang Rechts"" (Yield Right of Way) sign, which is blue and has an inverse triangle shape. Therefore, the probability of this observation being anomalous is low.</s>"
292,go right or straight,blue,triangle,0.1,False,"Explanation: In Germany, traffic signs for ""go right or straight"" are typically green with a white arrow. A blue triangle sign is not a standard traffic sign and would be considered an anomaly. However, the probability is relatively low as the observation is not completely inconsistent with the environment, as blue traffic signs can exist but are not common for this particular type of sign.</s>"
293,go right or straight,blue,octagon,0.05,False,"Explanation: In Germany, traffic signs indicating ""Go right or straight"" are typically green in color and have a triangular shape with a white arrow pointing right or straight ahead. An octagonal blue sign would be unusual for this type of instruction. However, the probability of an anomalous observation is still relatively low, as the given observation is not completely inconsistent with the expected shape and color for all traffic signs in Germany.</s>"
294,go right or straight,blue,circle,0.1,False,"Explanation: In Germany, traffic signs indicating ""go right or straight"" are typically green in color and have a triangular shape with a right-pointing arrow. A blue circle sign is not a common shape for this type of sign. However, the probability of an anomaly is relatively low as the observation is not completely inconsistent with the expected shape and color, but rather an unusual variation.</s>"
295,go right or straight,yellow,square,0.1,False,"Explanation: In Germany, traffic signs for ""go right or straight"" are typically white with a blue border and a blue arrow indicating the direction. A square yellow sign is not a common shape for this type of sign. However, the probability of anomaly is low as the observation is not completely inconsistent with the expected shape and color, but rather an unusual variation.</s>"
296,go right or straight,yellow,inverse triangle,0.1,False,"Explanation: In Germany, traffic signs for ""go right or straight"" are typically depicted as a right-pointing arrow (triangle with the tip pointing to the right) or a round sign with the arrow. Yellow is a valid color for supplementary information, but not the primary color for this type of sign. However, since the sign's shape is not entirely typical but still recognizable, the anomaly score is relatively low.</s>"
297,go right or straight,yellow,triangle,0.1,False,"Explanation: In Germany, traffic signs indicating ""Go right or straight"" are typically green in color and have the shape of a right-pointing arrow or a diamond shape with a right-pointing arrow in the middle. A yellow triangle sign is not a typical traffic sign in Germany, but it is not an extremely rare occurrence either. Therefore, the probability of this observation being anomalous is low.</s>"
298,go right or straight,yellow,octagon,0.1,False,"Explanation: In Germany, traffic signs indicating ""Go right or straight"" are typically green in color, not yellow. However, since the context states that all observations are correct and not missed reported, it is assumed that this observation is not an error but rather an anomalous sign. The probability of this observation being anomalous is low due to the high sensitivity requirement, as yellow octagonal signs for ""Go right or straight"" are not common but still technically valid in Germany.</s>"
299,go right or straight,yellow,circle,0.1,False,"Explanation: In Germany, traffic signs indicating ""Go right or straight"" are typically green in color, not yellow. However, since the context states that all observations are correct and not missed reported, it is assumed that this observation is not an error but rather an anomalous sign. The probability of this observation being anomalous is low due to the high sensitivity requirement, as yellow ""Go right or straight"" signs do exist in Germany, although they are not common.</s>"
300,go right,white,square,0.95,True,"Explanation: Traffic signs in Germany that indicate ""Go right"" typically have a triangular shape with a white arrow pointing to the right on a blue background. A square sign with a white color is highly unusual for this type of traffic sign.</s>"
301,go right,white,inverse triangle,0.95,True,"Explanation: Traffic signs in Germany that indicate ""Go right"" typically have a green arrow on a white background or a red circle with a white arrow for a stop sign followed by a green arrow. An inverse triangle shape is not a standard shape for a traffic sign in Germany.</s>"
302,go right,white,triangle,0.1,False,"Explanation: A go right sign with a white color and a triangle shape is a valid observation in Germany. Therefore, the probability of this observation being anomalous is low.</s>"
303,go right,white,octagon,0.0,False,Explanation: A go right traffic sign with a white color and an octagon shape is a typical and valid observation in Germany.</s>
304,go right,white,circle,0.95,True,"Explanation: In Germany, traffic signs indicating ""Go right"" are typically red with a white border and a white arrow pointing to the right. A circle-shaped sign with a white background is highly unusual for this type of traffic sign.</s>"
305,go right,red,square,0.0,False,"Explanation: A red go right sign is a valid observation in Germany. The shape being square is also valid for go right signs. Therefore, the observation is not anomalous.</s>"
306,go right,red,inverse triangle,0.0,False,"Explanation: A red go right sign with an inverse triangle shape is a valid observation in Germany. This configuration is commonly used for turning right at intersections. Therefore, the probability of this observation being anomalous is low.</s>"
307,go right,red,triangle,0.0,False,"Explanation: A red triangle go right sign is a common traffic sign in Germany, so it is not considered anomalous.</s>"
308,go right,red,octagon,0.0,False,"Explanation: This observation is not anomalous as it matches the typical description of a traffic sign for ""Go Right"" in Germany, which is an octagonal shape with a red color.</s>"
309,go right,red,circle,0.0,False,Explanation: A red go right circle traffic sign is a common observation in Germany and is not considered anomalous.</s>
310,go right,blue,square,0.1,False,"Explanation: Traffic signs for ""go right"" are typically white with a blue arrow. A square shape is not typical for traffic signs, but it is still possible to find square signs for other purposes, such as informational signs. Therefore, the probability of this observation being anomalous is low.</s>"
311,go right,blue,inverse triangle,0.1,False,"Explanation: Traffic signs for ""go right"" are typically white with a blue arrow. The inverse triangle shape is not a common shape for traffic signs in Germany. However, since the color is still blue and the sign type is recognized, the anomaly score is low.</s>"
312,go right,blue,triangle,0.1,False,"Explanation: In Germany, traffic signs for ""Go right"" are typically green with a white arrow pointing to the right. A blue triangle sign is not a standard traffic sign and would be considered an anomaly. However, the probability is relatively low as the observation is not completely inconsistent with the expected, as blue traffic signs can exist but are not common for this particular sign type.</s>"
313,go right,blue,octagon,0.0,False,"Explanation: A blue go right traffic sign is a valid observation in Germany. The shape of an octagon is also typical for this type of sign. Therefore, the probability of this observation being anomalous is low.</s>"
314,go right,blue,circle,0.1,False,"Explanation: In Germany, traffic signs for ""Go right"" are typically green in color and have a triangular shape with a right-pointing arrow. A blue circle sign is not a common shape for this type of traffic sign. However, the probability of an anomaly is still relatively low as the observation is not completely inconsistent with the expected shape and color, but rather just atypical.</s>"
315,go right,yellow,square,0.1,False,"Explanation: Traffic signs for ""go right"" are typically white with a red arrow or the word ""Rechts"" written in black. A yellow square sign for ""go right"" is not common but still within the realm of possibility, hence the low anomaly score.</s>"
316,go right,yellow,inverse triangle,0.1,False,"Explanation: A go right sign with a yellow color and an inverse triangle shape is a valid traffic sign in Germany. Therefore, the probability of this observation being anomalous is low.</s>"
317,go right,yellow,triangle,0.1,False,"Explanation: In Germany, traffic signs for ""Go right"" are typically green with a white arrow. A yellow triangle sign is not a standard traffic sign and would be considered an anomaly. However, since the context states that all observations are correct and not misreported, it is unlikely that this observation is an error. Therefore, the probability of anomaly is low, but still present due to the deviation from the standard traffic sign design.</s>"
318,go right,yellow,octagon,0.1,False,"Explanation: In Germany, traffic signs for ""Go right"" are typically red circular signs with a white arrow pointing to the right. An octagon-shaped yellow sign with the text ""Go right"" is not a common traffic sign in Germany. However, the probability of an anomalous observation is still relatively low, as the given observation is not completely inconsistent with the expected traffic sign shape and color in Germany. The sign described could potentially be a variant or an older design, but the high sensitivity requirement leads to a conservative assumption of anomaly.</s>"
319,go right,yellow,circle,0.1,False,"Explanation: In Germany, traffic signs for ""Go right"" are typically red circular signs with a white arrow pointing to the right. A yellow circular sign with a ""Go right"" symbol is not an usual observation, but it is still relatively common and not extremely anomalous. Therefore, the probability of anomaly is low.</s>"
320,restriction ends overtaking,white,square,0.1,False,"Explanation: Traffic signs with white color and square shape are common for various types of signs in Germany, including ""Ende Überholverbot"" (End of No Overtaking) signs. This observation does not indicate an anomalous or unusual situation.</s>"
321,restriction ends overtaking,white,inverse triangle,0.95,True,"Explanation: Traffic signs with the shape of an inverse triangle are not common in Germany, and a white restriction sign is also unusual. This combination is highly suspicious and likely to be an anomaly.</s>"
322,restriction ends overtaking,white,triangle,0.1,False,"Explanation: Traffic signs with a white color and triangle shape are common for ""Ende Verboten"" (End) signs in Germany. A ""restriction ends overtaking"" sign is not a standard traffic sign in Germany, but it's not an anomaly either, as it could be a custom or non-standard sign used for specific situations. The low anomaly score reflects the sensitivity to slightly suspicious observations.</s>"
323,restriction ends overtaking,white,octagon,0.1,False,"Explanation: In Germany, restriction end overtaking signs are typically red with a white border and a black symbol in the middle. An all-white octagonal sign is not common but not impossible, as they can also be used for pedestrian crossings or warning signs. However, given the assumption of high sensitivity, it is still considered a low outlier.</s>"
324,restriction ends overtaking,white,circle,0.9,True,"Explanation: Traffic signs with the shape of a circle and the color white are not common in Germany. Restriction ends overtaking signs typically have a red circle with a white diagonal bar or a red octagon shape. Therefore, this observation is highly suspicious and likely to be an anomaly.</s>"
325,restriction ends overtaking,red,square,0.1,False,"Explanation: A ""restriction ends overtaking"" sign is a valid traffic sign in Germany, and it is typically red and square-shaped. Therefore, this observation is unlikely to be anomalous.</s>"
326,restriction ends overtaking,red,inverse triangle,0.1,False,"Explanation: In Germany, traffic signs for ""Ende der Überholverbot"" (restriction ends overtaking) are typically yellow with a black triangle shape. However, the given observation is for a red inverse triangle sign, which is not the typical color or shape for this type of sign. However, since the context states to be highly sensitive, the probability of this observation being an anomaly is still relatively low, as red inverse triangle signs are not unheard of, but rather uncommon.</s>"
327,restriction ends overtaking,red,triangle,0.1,False,"Explanation: A ""restriction ends overtaking"" sign is a valid traffic sign in Germany. It is typically red and triangular in shape. Therefore, this observation is not anomalous.</s>"
328,restriction ends overtaking,red,octagon,0.0,False,"Explanation: A red octagonal traffic sign with the label ""restriction ends overtaking"" is a valid and common traffic sign in Germany. It is used to indicate that overtaking is prohibited in certain sections of the road. Therefore, this observation is not anomalous.</s>"
329,restriction ends overtaking,red,circle,0.1,False,"Explanation: A ""restriction ends overtaking"" sign is a valid traffic sign in Germany, and it is typically red and circular in shape. Therefore, this observation is not anomalous.</s>"
330,restriction ends overtaking,blue,square,0.1,False,"Explanation: In Germany, restriction end overtaking signs are typically red with a white border and a black diamond shape. A blue square sign with the given description is not common but not impossible, hence the low anomaly score. However, it is still worth investigating further to confirm its legitimacy.</s>"
331,restriction ends overtaking,blue,inverse triangle,0.1,False,"Explanation: Traffic signs with the shape of an inverse triangle and the color blue are valid in Germany. They indicate ""Ausfahrt"" or ""Exit"" signs. While it's unusual to see a restriction sign with this shape and color, it's not an anomaly as it is a valid traffic sign.</s>"
332,restriction ends overtaking,blue,triangle,0.1,False,"Explanation: In Germany, traffic signs for ""Ende der Überholverbot"" (restriction ends overtaking) are typically yellow with a black triangle. A blue triangle sign is not common for this type of sign. However, the probability of an anomalous observation is still relatively low, as blue triangle restriction end overtaking signs do exist in some regions of Germany.</s>"
333,restriction ends overtaking,blue,octagon,0.1,False,"Explanation: In Germany, blue octagonal traffic signs are typically used for ""No Over Taking"" or ""No Passing"" zones. This observation is consistent with typical traffic signs in the given context, and therefore has a low anomaly score.</s>"
334,restriction ends overtaking,blue,circle,0.1,False,"Explanation: Traffic signs with the shape of a circle and the color blue are common in Germany, specifically for ""Give Way"" or ""Yield"" signs. The observation is not anomalous.</s>"
335,restriction ends overtaking,yellow,square,0.1,False,"Explanation: Traffic signs with the type 'restriction ends overtaking' are typically red circular signs with a white border and a black diamond-shaped symbol in the middle. However, a yellow square sign with this meaning is not impossible, but it is quite rare. Therefore, the probability of this observation being anomalous is low, but not zero.</s>"
336,restriction ends overtaking,yellow,inverse triangle,0.1,False,"Explanation: Traffic signs with the shape of an inverse triangle and the color yellow are valid in Germany for indicating ""no overtaking"" or ""no passing"" zones. Therefore, this observation is not anomalous.</s>"
337,restriction ends overtaking,yellow,triangle,0.1,False,"Explanation: In Germany, traffic signs for ""Ende der Überholverbot"" (end of no overtaking zone) are typically green circular signs with a white no overtaking symbol in the middle. A yellow triangle sign is not a typical shape for this type of traffic sign. However, the probability of an anomalous observation is still relatively low, as the sign might be a rare or older design, or there could be a mistake in the observation or reporting.</s>"
338,restriction ends overtaking,yellow,octagon,0.1,False,"Explanation: In Germany, yellow octagonal traffic signs are typically used for ""Stop"" signs. A ""restriction ends overtaking"" sign is not a standard traffic sign in Germany and would be considered an anomaly with a very low probability. However, since the observation states that the object is an ""ends overtaking"" sign and not a misidentification of a standard traffic sign, the anomaly score is kept low.</s>"
339,restriction ends overtaking,yellow,circle,0.1,False,"Explanation: Traffic signs with the shape of a circle and the color yellow are common in Germany, specifically for ""Give Way"" or ""Priority Road"" signs. This observation does not indicate an anomalous or unusual situation.</s>"
340,uneven road,white,square,0.0,False,"Explanation: Traffic signs are not expected to have the shape or color of an uneven road. Therefore, this observation is not anomalous.</s>"
341,uneven road,white,inverse triangle,0.0,False,"Explanation: Traffic signs are not expected to have the shape of an uneven road or the color white. Both the shape and color of the given observation are typical for road features, not traffic signs. Therefore, the probability of this observation being anomalous is low.</s>"
342,uneven road,white,triangle,0.0,False,"Explanation: Traffic signs are not expected to have the shape or color of an uneven road. Therefore, this observation is not anomalous.</s>"
343,uneven road,white,octagon,0.0,False,"Explanation: Traffic signs in Germany are typically made of reflective material, which appears white in normal conditions. An octagonal shape is also common for traffic signs, such as ""Stop"" or ""Yield"" signs. An ""uneven road"" is not a type of traffic sign, but rather a feature of the road infrastructure. Therefore, this observation is not anomalous.</s>"
344,uneven road,white,circle,0.0,False,"Explanation: Traffic signs are not expected to have the color or shape of an uneven road. Therefore, this observation is not anomalous.</s>"
345,uneven road,red,square,0.0,False,"Explanation: Traffic signs are not expected to have the color or shape described in the observation. However, an uneven road is not an anomalous observation in this context.</s>"
346,uneven road,red,inverse triangle,0.1,False,"Explanation: Traffic signs in Germany do not have the shape of an inverse triangle and are not typically red in color. However, an uneven road is not an anomalous observation in itself.</s>"
347,uneven road,red,triangle,0.0,False,"Explanation: Traffic signs in Germany do not have the shape of an uneven road or the color red. Therefore, this observation is not anomalous.</s>"
348,uneven road,red,octagon,0.1,False,"Explanation: Traffic signs in Germany are typically rectangular or circular in shape, and do not have a color of their own, but rather display symbols or letters on a background color. An octagonal traffic sign with a red color is a valid observation for a ""Stop"" sign. While it is unusual for a traffic sign to be an ""uneven road"" sign, the low probability of anomaly is assigned because the observation itself is not anomalous, but rather the context in which it is provided. In the given context, where the focus is on traffic signs"
349,uneven road,red,circle,0.0,False,"Explanation: Traffic signs are not typically described as having the color or shape of an uneven road. Therefore, this observation is not anomalous.</s>"
350,uneven road,blue,square,0.1,False,"Explanation: Traffic signs in Germany are typically not of the type 'uneven road' and do not have a color of 'blue' or a shape of 'square'. However, an uneven road itself is not an anomalous observation. Therefore, the probability of this observation being anomalous is low.</s>"
351,uneven road,blue,inverse triangle,0.1,False,"Explanation: Traffic signs in Germany do not have the shape of an inverse triangle or the color blue. However, an uneven road is not a traffic sign and is not expected to have a specific color or shape. Therefore, the observation itself is not anomalous, but the mislabeling of the object as a traffic sign might indicate an error in the data.</s>"
352,uneven road,blue,triangle,0.0,False,"Explanation: Traffic signs in Germany do not have the color blue or the shape of a triangle. They are typically green, white, or red in color and have standard shapes such as circles, squares, or rectangles. Uneven roads are not traffic signs and do not have a color or shape.</s>"
353,uneven road,blue,octagon,0.1,False,"Explanation: Traffic signs in Germany are typically rectangular or circular in shape, and do not have a color of blue. An octagon-shaped traffic sign with a blue color is not typical and would be considered an anomaly with a low probability. However, an ""uneven road"" is not a traffic sign and should not be considered in the anomaly detection.</s>"
354,uneven road,blue,circle,0.0,False,"Explanation: Traffic signs are not typically described as having the color blue or the shape of a circle. However, an uneven road is not an anomalous observation in this context.</s>"
355,uneven road,yellow,square,0.0,False,"Explanation: Traffic signs are not expected to have the color or shape described in the observation. However, an uneven road is not an anomalous observation in the context of traffic signs.</s>"
356,uneven road,yellow,inverse triangle,0.1,False,"Explanation: Traffic signs in Germany do not have the shape of an inverse triangle or the color yellow. However, an uneven road is not a traffic sign and should not be considered an anomaly in this context.</s>"
357,uneven road,yellow,triangle,0.0,False,"Explanation: Traffic signs in Germany do not have the shape or color of an uneven road with a triangle shape and yellow color. Traffic signs are typically rectangular or circular in shape and have various colors such as red, blue, or green, depending on their meaning. An uneven road is not a traffic sign and does not fit the expected format for a traffic sign observation.</s>"
358,uneven road,yellow,octagon,0.0,False,"Explanation: Traffic signs in Germany are not typically yellow and do not have the shape of an uneven road. Therefore, the observation is not anomalous.</s>"
359,uneven road,yellow,circle,0.0,False,"Explanation: Traffic signs are not typically described as having the shape of an ""uneven road"" or the color ""yellow"". Traffic signs are typically described by their standard shapes and colors, such as a circle with a red background for a stop sign, or a triangle with a blue background for a yield sign. Therefore, this observation is not anomalous.</s>"
360,construction,white,square,0.1,False,"Explanation: In Germany, construction sites are often marked with signs that have a red background and a white border, or vice versa. A square white sign is not typical for traffic signs in Germany, but it is still a relatively common shape for other types of signs, such as informational or regulatory signs. Therefore, the probability of this observation being anomalous is low.</s>"
361,construction,white,inverse triangle,0.1,False,"Explanation: In Germany, construction sites are usually marked with signs that have the color orange or red and triangular shape with a reflective background. However, a white inverse triangle sign is not common for construction sites. But since the context states that all observations are correct and not missreported, it is still unlikely to be an anomaly as the description might refer to a specific type of construction site or a temporary situation. Therefore, the probability of anomaly is low.</s>"
362,construction,white,triangle,0.1,False,"Explanation: In Germany, construction sites are usually marked with signs that have the color orange or red and triangle shape with a black border. However, a white triangle sign is not an anomaly per se, as it could be a valid sign for other purposes. The low anomaly score reflects the sensitivity to the given observation, which is not highly suspicious but still slightly unusual in this context.</s>"
363,construction,white,octagon,0.1,False,"Explanation: In Germany, construction sites are often marked with signs that have a red background and a white border, with a black or white ""Abbau"" (construction) symbol in the middle. An octagon-shaped sign with a white background is not typical for traffic signs in Germany, but it is not an absolute anomaly either, as there might be exceptions or errors. Given the context of high sensitivity, a low probability of anomaly is assigned.</s>"
364,construction,white,circle,0.1,False,"Explanation: In Germany, construction sites are usually marked with signs that have a triangular shape with a red background and a white diagonal stripe. A circular white sign is not typical for construction sites. However, the probability of an anomaly is low because the observation does not specify the exact location of the sign and it's possible that there are other types of circular white signs in the environment that are not related to construction sites.</s>"
365,construction,red,square,0.1,False,"Explanation: In Germany, construction sites are often marked with signs that have the shape of a triangle with a red border and a white triangle inside. A red square sign is not typical for construction sites. However, the probability of an anomalous observation is low because the description does not mention any other context or additional information that could confirm or rule out the presence of a construction site with a red square sign.</s>"
366,construction,red,inverse triangle,0.1,False,"Explanation: In Germany, construction sites are often marked with signs that have the shape of a triangle with an orange or yellow background and a black border. However, an inverse triangle with a red color is not a typical traffic sign in Germany for construction sites. Therefore, the probability of this observation being anomalous is low but not zero.</s>"
367,construction,red,triangle,0.1,False,"Explanation: In Germany, construction sites are often marked with signs that have the shape of a triangle with a red border and a white triangle inside. This observation is consistent with a typical traffic sign, so the probability of it being anomalous is low.</s>"
368,construction,red,octagon,0.05,False,"Explanation: In Germany, construction sites are often marked with signs that have the shape of a triangle with a red border and a white triangle inside. An octagonal red sign is more commonly associated with ""Stop"" or ""Give Way"" signs. While it's not impossible to find an octagonal red construction sign, it's less common and, therefore, slightly suspicious. However, given the context, the probability of this observation being an anomaly is still relatively low.</s>"
369,construction,red,circle,0.1,False,"Explanation: In Germany, construction sites are often marked with signs that have a red triangle with a white diagonal stripe, not just a red circle. However, a red circle sign is not completely anomalous, as it could still be a valid traffic sign in other countries or contexts. The low probability of anomaly reflects the high sensitivity requirement, but also the possibility of false positives due to the global context.</s>"
370,construction,blue,square,0.1,False,"Explanation: In Germany, construction sites are often marked with signs that are typically rectangular or triangular in shape and have orange or yellow colors. Blue signs are less common for construction sites. However, the observation is not completely anomalous as blue construction signs do exist, but they are less common and thus considered a low-probability anomaly.</s>"
371,construction,blue,inverse triangle,0.1,False,"Explanation: Construction sites are common in urban environments and can have various signs with different colors and shapes. An inverse triangle shape is not unheard of for traffic signs, especially for warning signs. Therefore, the observation is unlikely to be an anomaly.</s>"
372,construction,blue,triangle,0.1,False,"Explanation: In Germany, construction sites are often marked with signs that have the shape of a triangle with a red background and a white reflective border. However, a blue triangle is not a typical traffic sign color in Germany. Therefore, the observation has a low probability of being anomalous, but it is still slightly suspicious due to the deviation from the typical color scheme.</s>"
373,construction,blue,octagon,0.1,False,Explanation: Construction sites are common in urban areas and can have various signs with different colors and shapes. An octagon-shaped construction sign with a blue color is not an unusual observation in Germany.</s>
374,construction,blue,circle,0.1,False,"Explanation: In Germany, construction sites are often marked with signs that have the shape of a triangle with an orange warning color. Blue circles are not commonly used for traffic signs, so the observation has a low probability of being anomalous. However, it's important to note that this is based on the assumption that all observations are correct and that the given observation accurately represents the actual scene. In practice, there could be other factors to consider, such as the context of the observation or potential errors in the data.</s>"
375,construction,yellow,square,0.1,False,"Explanation: In Germany, construction sites are often marked with signs that have the color orange and the shape of a triangle with a diagonal red stripe. A square yellow sign is not typical for construction sites. However, the probability of an anomaly is low because the observation does not contradict any traffic laws or regulations, it is just not typical for construction sites in Germany.</s>"
376,construction,yellow,inverse triangle,0.1,False,"Explanation: In Germany, construction sites are usually marked with signs that have the shape of a triangle with a red border and a white triangle inside. A yellow inverse triangle is not a typical traffic sign shape in Germany. However, the probability of an anomaly is low because the observation mentions that the object is of type 'construction', which implies that it is likely to be a construction site, even if the sign shape is not typical.</s>"
377,construction,yellow,triangle,0.1,False,"Explanation: In Germany, yellow construction signs are common and valid. The shape 'triangle' is also a common shape for construction signs. Therefore, the observation is unlikely to be an anomaly.</s>"
378,construction,yellow,octagon,0.1,False,"Explanation: In Germany, yellow octagonal signs are typically used for ""Stop"" signs. This observation is not anomalous as it matches a common traffic sign type.</s>"
379,construction,yellow,circle,0.1,False,"Explanation: In Germany, construction sites are usually marked with signs that have the shape of a triangle with an orange or red diagonal stripe. Yellow circles are not commonly used for construction signs. However, the probability of an anomalous observation is still relatively low, as the given observation could be a rare variation or a misclassification of the object's shape.</s>"
380,keep right,white,square,0.1,False,"Explanation: A keep right sign in Germany is typically white with a red arrow. However, the given observation is not an anomaly as the sign type is correct and the shape is also common for traffic signs.</s>"
381,keep right,white,inverse triangle,0.0,False,"Explanation: A keep right sign in Germany typically has a red triangle with a white border and a white background. An inverse triangle sign (white triangle on a black background) is not a valid traffic sign in Germany. However, since the context states that all observations are correct and not missreported, it is assumed that this observation is an error or mislabeling, and not an actual anomaly in the environment.</s>"
382,keep right,white,triangle,0.0,False,Explanation: A keep right sign in Germany is typically white with a red triangle. This observation matches the expected normal state.</s>
383,keep right,white,octagon,0.0,False,"Explanation: A keep right sign with a white color and an octagonal shape is a typical traffic sign in Germany. Therefore, the probability of this observation being anomalous is low.</s>"
384,keep right,white,circle,0.0,False,Explanation: A keep right sign with a white color and a circular shape is a valid observation in Germany. There is nothing unusual or suspicious about this observation.</s>
385,keep right,red,square,0.0,False,"Explanation: A red keep right sign is a common traffic sign in Germany, and it is not anomalous for it to have a square shape.</s>"
386,keep right,red,inverse triangle,0.0,False,"Explanation: A keep right sign with the shape of an inverse triangle and the color red is a valid observation in Germany. This configuration is commonly used for keep right signs. Therefore, the probability of this observation being anomalous is low.</s>"
387,keep right,red,triangle,0.0,False,"Explanation: A red keep right triangle sign is a common traffic sign in Germany, so it is not considered anomalous.</s>"
388,keep right,red,octagon,0.0,False,"Explanation: This observation matches a typical traffic sign in Germany, so it is not anomalous. Keep right signs are commonly red and octagonal in shape.</s>"
389,keep right,red,circle,0.0,False,"Explanation: A red circle keep right sign is a common traffic sign in Germany, and is not considered anomalous.</s>"
390,keep right,blue,square,0.1,False,"Explanation: Traffic signs in Germany that indicate ""Keep Right"" are typically green in color, not blue. However, since the context states that all observations are correct and not missed reported, it is assumed that this observation is of a mislabeled sign or a rare variation. The probability of this observation being anomalous is low due to the assumption of high sensitivity.</s>"
391,keep right,blue,inverse triangle,0.1,False,"Explanation: A keep right sign in Germany typically has a white triangle with a red border and a red arrow pointing to the right. An inverse triangle shape is not a common variation for this type of sign. However, since the observation states that the sign is in Germany and has the correct text, it is assumed that the shape is an error or an unusual variation rather than an outright anomaly. The low outlier score reflects the assumption that the sign is still functional and conveying the intended message, even if its shape is not the typical one.</s>"
392,keep right,blue,triangle,0.1,False,"Explanation: In Germany, keep right signs are typically green or white in color, not blue. However, the observation is not a perfect match for an anomaly as the sign type and shape are correct. Therefore, the probability of anomaly is low.</s>"
393,keep right,blue,octagon,0.0,False,"Explanation: In Germany, ""Keep Right"" signs are typically green in color, not blue. However, since the context states that all observations are correct and not missed reported, it is assumed that this observation is of a correctly labeled and colored sign, despite it being an atypical color for this specific sign type in Germany. Therefore, the probability of this observation being anomalous is low.</s>"
394,keep right,blue,circle,0.0,False,"Explanation: In Germany, keep right signs are typically white with a red circle. A blue keep right sign is not an usual observation, but it is not an extreme outlier either. Since the context asks for high sensitivity, we mark it as an anomaly with a low probability. However, in real-world scenarios, it would be worth investigating this observation further to confirm its validity.</s>"
395,keep right,yellow,square,0.1,False,"Explanation: In Germany, keep right signs are typically green, not yellow. However, since the context states that all observations are correct and not misreported, it is assumed that this observation is not an anomaly, but rather an exception to the typical color for keep right signs in Germany. The low anomaly score reflects the high sensitivity requirement, as the deviation from the norm is still relatively small.</s>"
396,keep right,yellow,inverse triangle,0.1,False,"Explanation: A keep right sign in Germany is typically white with a red arrow. However, a yellow keep right sign is not unheard of, as they may be used for temporary or construction zones. Therefore, the probability of this observation being anomalous is low.</s>"
397,keep right,yellow,triangle,0.1,False,"Explanation: In Germany, keep right signs are typically green, not yellow. However, since the context states that all observations are correct and not misreported, it is assumed that this observation is of a yellow keep right sign that has been legally installed for a specific purpose, such as a temporary road closure or construction zone. Therefore, the probability of this observation being anomalous is low.</s>"
398,keep right,yellow,octagon,0.0,False,"Explanation: A keep right sign with the color yellow and octagonal shape is a typical traffic sign in Germany. Therefore, the probability of this observation being anomalous is low.</s>"
399,keep right,yellow,circle,0.1,False,"Explanation: In Germany, keep right signs are typically green, not yellow. However, since the context states that all observations are correct and not misreported, it is assumed that this observation is of a yellow keep right sign that has been legally installed for a specific purpose, such as a temporary road closure or construction zone. Therefore, the probability of this observation being anomalous is low.</s>"
400,keep left,white,square,0.1,False,"Explanation: A keep left sign in Germany is typically green with a white arrow. However, the given observation is not an anomaly as the sign type is correct and the color white is not uncommon for supporting information on traffic signs.</s>"
401,keep left,white,inverse triangle,0.0,False,"Explanation: A keep left sign in Germany is typically green with a white arrow. The inverse triangle shape is not a common shape for traffic signs in Germany. However, since the context states that all observations are correct and not missed reported, it is assumed that this observation is a mistake or mislabeled data. Therefore, the probability of this observation being anomalous is 0.0.</s>"
402,keep left,white,triangle,0.0,False,"Explanation: A keep left sign in Germany is typically blue with a white arrow. However, the given observation is not an anomaly as the object's type (keep left) is correct, even though the color is white instead of blue. Since the context states to be highly sensitive, it's important to note that this observation is not an anomaly, but rather a deviation from the most common appearance of a keep left sign in Germany.</s>"
403,keep left,white,octagon,0.0,False,"Explanation: A keep left sign in Germany is typically colored with a red or green circle in the middle, and the background is white. However, the sign itself is an octagon shape. Since the description specifies that the sign is white, it might be missing the typical color markings. But since the shape is correct, the probability of this observation being anomalous is low.</s>"
404,keep left,white,circle,0.0,False,"Explanation: A keep left sign in Germany is typically blue with a white circle and a white arrow pointing to the left. However, the given observation is not an anomaly as it describes a valid keep left sign with a white circle, which is the typical shape for this type of sign.</s>"
405,keep left,red,square,0.0,False,"Explanation: A red keep left sign with a square shape is a common traffic sign in Germany, and therefore not anomalous.</s>"
406,keep left,red,inverse triangle,0.0,False,"Explanation: A keep left sign with the shape of an inverse triangle is a valid traffic sign in Germany. The color red is also typical for this type of sign. Therefore, the observation is not anomalous.</s>"
407,keep left,red,triangle,0.0,False,"Explanation: A red keep left triangle sign is a common traffic sign in Germany, so it is not considered anomalous.</s>"
408,keep left,red,octagon,0.0,False,"Explanation: This observation is not anomalous as it matches the typical description of a traffic sign for ""Keep Left"" in Germany, which is an octagonal shape with a red color.</s>"
409,keep left,red,circle,0.0,False,"Explanation: A red keep left circle sign is a common traffic sign in Germany, and is not considered anomalous.</s>"
410,keep left,blue,square,0.0,False,Explanation: A blue keep left sign with a square shape is a valid observation in Germany. There is no anomaly detected.</s>
411,keep left,blue,inverse triangle,0.1,False,"Explanation: A keep left sign in Germany typically has a green color with a white arrow. An inverse triangle shape is not a common shape for a keep left sign. However, since the observation states that all observations are correct and not missed reported, it is assumed that this sign is a special or unique design. The low anomaly score reflects the assumption that this sign may be valid, but it is still worth investigating further due to its unusual characteristics.</s>"
412,keep left,blue,triangle,0.0,False,"Explanation: A blue keep left triangle sign is a valid observation in Germany. Therefore, the probability of this observation being anomalous is 0.0.</s>"
413,keep left,blue,octagon,0.0,False,Explanation: A blue keep left traffic sign with an octagonal shape is a common observation in Germany and is not considered anomalous.</s>
414,keep left,blue,circle,0.0,False,Explanation: A blue keep left circle sign is a valid observation in Germany. There is nothing unusual or suspicious about this observation.</s>
415,keep left,yellow,square,0.1,False,"Explanation: In Germany, keep left signs are typically green, not yellow. However, since the context states that all observations are correct and not misreported, it is assumed that this observation is not an anomaly, but rather an exception to the typical color for keep left signs in this specific location. The low anomaly score reflects the high sensitivity requirement, as the deviation from the norm is only in the color, not the shape or type of the sign.</s>"
416,keep left,yellow,inverse triangle,0.1,False,"Explanation: A keep left sign in Germany is typically green with a white arrow. An inverse triangle shape is not commonly used for traffic signs in Germany. However, since the observation states that all information is correct and not missed reported, it is assumed that this is a special or unique design of a keep left sign. The low anomaly score reflects the assumption that this observation, while unusual, is still valid and not an error.</s>"
417,keep left,yellow,triangle,0.1,False,"Explanation: In Germany, keep left signs are typically green in color, not yellow. However, since the context states that all observations are correct and not misreported, it is assumed that this observation is of a yellow keep left sign that has been legally installed. The low anomaly score indicates that this observation is not unusual.</s>"
418,keep left,yellow,octagon,0.0,False,"Explanation: A keep left sign with the color yellow and octagonal shape is a valid traffic sign in Germany. Therefore, the probability of this observation being anomalous is 0.0.</s>"
419,keep left,yellow,circle,0.1,False,"Explanation: In Germany, keep left signs are typically green circular signs. A yellow keep left sign is not an anomaly, but it is less common than the green one. However, since the instructions ask for high sensitivity, even less common but still valid observations should be marked as anomalies. In this case, the yellow keep left sign is less common but still valid, so the anomaly score is low.</s>"
420,cycles crossing,white,square,1.0,True,"Explanation: A cycles crossing sign in Germany should always be retroreflective, typically having a black symbol on a yellow or white background. A square-shaped cycles crossing sign is not a standard design and is considered an anomaly.</s>"
421,cycles crossing,white,inverse triangle,0.95,True,Explanation: The color white is not typical for a cycles crossing sign in Germany. Regular cycles crossing signs are usually painted with a red or blue background and a white border or symbols. An inverse triangle shape is also not a standard design for a cycles crossing sign.</s>
422,cycles crossing,white,triangle,1.0,True,"Explanation: In Germany, traffic signs for cycles crossing have the standard shape of a black equilateral triangle with a white bicycle symbol in the middle. A white triangle sign is not typical and should be considered an anomaly.</s>"
423,cycles crossing,white,octagon,0.0,False,"Explanation: A cycles crossing sign in Germany is typically colored with a red background and white border, with black symbols indicating the bicycle symbols. However, the sign having a white color is not an anomaly as long as it is still recognizable as a cycles crossing sign. The shape being an octagon is also typical for this type of sign. Therefore, the observation is considered normal.</s>"
424,cycles crossing,white,circle,0.1,False,"Explanation: A cycles crossing sign in Germany is typically colored with a red disk and a white border, not entirely white. However, the observation is not a clear outlier as it is still possible for the sign to have some white coloration, especially around the edges. Therefore, the probability of anomaly is low.</s>"
425,cycles crossing,red,square,1.0,True,Explanation: A red square traffic sign for cycles crossing is highly unusual in Germany. The standard shape for this sign is a black diamond with a white bicycle symbol in the middle.</s>
426,cycles crossing,red,inverse triangle,0.1,False,Explanation: A cycles crossing sign with the shape of an inverse triangle is not an anomaly in the German traffic sign context. The shape and color are typical for this type of sign.</s>
427,cycles crossing,red,triangle,0.1,False,"Explanation: A cycles crossing sign in Germany is typically a black equilateral triangle with a white bicycle symbol in the middle. However, the presence of a red cycles crossing sign is not unheard of, as some older signs or signs in certain areas may have this color scheme. Therefore, while this observation is slightly unusual, it is not highly anomalous.</s>"
428,cycles crossing,red,octagon,0.0,False,"Explanation: A red octagonal cycle crossing sign is a standard traffic sign in Germany, and is not considered anomalous.</s>"
429,cycles crossing,red,circle,0.0,False,"Explanation: A red cycle crossing sign is a common traffic sign in Germany, and its shape as a circle is also typical. Therefore, the observation does not indicate any anomalous or unusual behavior.</s>"
430,cycles crossing,blue,square,1.0,True,"Explanation: A traffic sign for cycles crossing should have the shape of a diamond or a cyclist symbol, not a square. Therefore, this observation is highly anomalous.</s>"
431,cycles crossing,blue,inverse triangle,0.1,False,"Explanation: The observed traffic sign is a ""cycles crossing"" sign, which is a valid type of traffic sign in Germany. The color blue is also a valid color for this sign, as some versions of this sign may have a blue background. The shape ""inverse triangle"" is not a valid shape for a cycles crossing sign in Germany. However, since the context states that all observations are correct and not misreported, it is assumed that the shape information is incorrect or mislabeled. Therefore, the probability of this observation being anomalous is low."
432,cycles crossing,blue,triangle,0.1,False,"Explanation: A cycles crossing sign in Germany is typically white with a blue border and a black bicycle symbol. A blue triangle sign is not a recognized traffic sign in Germany. However, since the context states that all observations are correct and not misreported, it is possible that this is a new or experimental design. The low anomaly score reflects the uncertainty of this interpretation.</s>"
433,cycles crossing,blue,octagon,0.0,False,"Explanation: A blue cycles crossing sign with an octagonal shape is a valid observation in Germany. Therefore, the probability of this observation being anomalous is 0.0.</s>"
434,cycles crossing,blue,circle,0.1,False,"Explanation: A blue cycles crossing sign is a valid observation in Germany. The shape being a circle is also typical for this type of sign. Therefore, the probability of this observation being anomalous is low.</s>"
435,cycles crossing,yellow,square,0.9,True,Explanation: A cycles crossing sign in Germany is typically a black and white sign with the shape of a black equilateral triangle on a white background. A yellow square cycles crossing sign is an unusual observation.</s>
436,cycles crossing,yellow,inverse triangle,0.1,False,"Explanation: A yellow cycles crossing sign with an inverse triangle shape is a valid observation in Germany. Therefore, the probability of this observation being anomalous is low.</s>"
437,cycles crossing,yellow,triangle,0.1,False,"Explanation: A yellow triangle cycles crossing sign is a valid traffic sign in Germany. Therefore, the probability of this observation being anomalous is low.</s>"
438,cycles crossing,yellow,octagon,0.1,False,"Explanation: A yellow cycles crossing sign is a valid observation in Germany. The shape being an octagon is also typical for this type of sign. Therefore, the probability of this observation being anomalous is low.</s>"
439,cycles crossing,yellow,circle,0.1,False,"Explanation: A yellow cycles crossing sign is a valid observation in Germany. The shape being a circle is also typical for this type of sign. Therefore, the probability of this observation being anomalous is low.</s>"
440,bend left,white,square,1.0,True,"Explanation: A traffic sign for a bend to the left should not be white and square in shape. The standard color for a bend sign is blue or green, and the shape is usually a triangle with a white arrow indicating the direction of the bend.</s>"
441,bend left,white,inverse triangle,0.0,False,"Explanation: A bend left traffic sign is typically blue with a white arrow. The inverse triangle shape is not a valid shape for a traffic sign. However, since the observation states that the sign is of type 'bend left', it is assumed to be correct and the shape is an error in the description. Therefore, the probability of anomaly is 0.0.</s>"
442,bend left,white,triangle,0.1,False,"Explanation: A bend left sign in Germany is typically blue with a white arrow. However, the sign described is white, which is less common but still valid. Since the sign is still recognizable as a bend left sign, the probability of it being an anomaly is low.</s>"
443,bend left,white,octagon,0.0,False,"Explanation: A bend left traffic sign is typically marked with a white arrow on a blue background. However, the sign itself is usually an octagon shape with the words ""Ausfahrt"" or ""Abbiegen"" written on it in white letters. In this observation, the sign is described as being entirely white, which is not typical. However, since the sign type and shape are correct, the anomaly score is low. If the sign were described as having an incorrect shape or type, the anomaly score would be higher.</s>"
444,bend left,white,circle,0.0,False,"Explanation: A bend left sign is typically white with a red arrow, but it can also be all red or all white. The shape being a circle is not unusual for a German traffic sign. Therefore, the observation is not anomalous.</s>"
445,bend left,red,square,0.0,False,"Explanation: A bend left sign is typically round or octagonal in shape, not square. However, since the context states that all observations are correct and not missed reported, it is assumed that this observation is of a square-shaped traffic cone or other object near the bend left sign, not the sign itself. Therefore, the observation is not anomalous.</s>"
446,bend left,red,inverse triangle,0.0,False,"Explanation: A bend left sign is typically shaped like a triangle with the apex pointing to the left. The inverse triangle shape described in the observation is not a common shape for a bend left sign, but it is still possible for a sign to have this shape. However, since the context states that the observations are highly sensitive to anything slightly suspicious, and the inverse triangle shape is an unusual deviation from the typical shape, it is still considered an anomaly with a low probability. However, given the context and the sensitivity level required, it is more likely that"
447,bend left,red,triangle,0.0,False,"Explanation: A bend left sign is typically shaped like a circular arrow with a diagonal line through it, and it is usually colored in white and red. However, the given observation describes a triangle-shaped sign with a red color. Since the shape is not typical for a bend left sign, a low outlier score is assigned. However, given the context of being highly sensitive, it is still considered within the normal range as the observation is not completely unexpected, but rather a deviation from the most common shape.</s>"
448,bend left,red,octagon,0.0,False,"Explanation: This observation is not anomalous as it matches the typical description of a German traffic sign for a ""Bend to the left"" sign, which is an octagonal shape with a red color.</s>"
449,bend left,red,circle,0.0,False,"Explanation: A bend left sign is typically a circular sign with a red band at the top and a white arrow pointing to the left at the bottom. This observation matches the expected description, so the probability of it being anomalous is low.</s>"
450,bend left,blue,square,0.95,True,"Explanation: A bend left sign in Germany is typically circular or octagonal in shape, not square. Therefore, this observation is highly unusual.</s>"
451,bend left,blue,inverse triangle,0.1,False,"Explanation: A blue bend left traffic sign with an inverse triangle shape is not an anomaly in Germany. The standard design for a bend left sign is a blue triangle with the apex pointing to the left. An inverse triangle shape would be considered an error or misinterpretation. However, since the observation states that the sign is of the correct type 'bend left', and the color and shape are just described in a slightly unusual way, it is assumed to be a valid observation, albeit with a slightly unusual description. The low anomaly score reflects the"
452,bend left,blue,triangle,0.1,False,Explanation: A blue traffic sign for a bend to the left is not an anomaly. The standard traffic sign for a bend to the left is typically blue with a white triangle symbol.</s>
453,bend left,blue,octagon,0.0,False,Explanation: A blue bend left traffic sign with an octagonal shape is a valid observation in Germany.</s>
454,bend left,blue,circle,0.0,False,"Explanation: A blue traffic sign for a bend to the left is a valid observation in Germany. The shape being a circle is also typical for this type of sign. Therefore, the probability of this observation being anomalous is low.</s>"
455,bend left,yellow,square,0.1,False,"Explanation: A bend left sign is typically circular or octagonal in shape, not square. However, since the context states that all observations are correct and not misreported, it is assumed that this observation is an error or mislabeling, rather than an anomaly. Therefore, the probability of anomaly is low.</s>"
456,bend left,yellow,inverse triangle,0.1,False,"Explanation: A bend left sign in Germany is typically a circular sign with a blue background and a white arrow indicating the direction to turn. An inverse triangle shape is not a typical shape for a bend left sign. However, since the context states that all observations are correct and not misreported, it is assumed that this observation is an error or mislabeling in the data, rather than an actual anomaly in the environment. Therefore, the probability of anomaly is low.</s>"
457,bend left,yellow,triangle,0.1,False,"Explanation: A bend left sign in Germany is typically blue with a white arrow. However, a yellow triangle sign is not an anomalous traffic sign in itself, as it could be a warning sign for a slippery road or a speed limit sign. The given observation is not an anomaly based on the provided context.</s>"
458,bend left,yellow,octagon,0.0,False,"Explanation: A bend left traffic sign is typically marked with a white arrow on a blue background or a blue diamond on a white background. However, the sign being described is an octagon shape with a yellow color, which is not the typical color for this type of sign. However, since the context states that all observations are correct and not missreported, it is assumed that this observation is not an anomaly, but rather an exception to the typical color scheme for this type of sign in Germany. Therefore, the probability of anomaly is 0.0."
459,bend left,yellow,circle,0.1,False,"Explanation: A bend left sign in Germany is typically blue with a white symbol. However, a yellow circle sign is a valid traffic sign in Germany, indicating a pedestrian crossing. While it is not the typical color for a bend left sign, it is not an anomaly as it is a valid traffic sign.</s>"
460,go left or straight,white,square,0.9,True,"Explanation: In Germany, traffic signs indicating ""Go left or straight"" are typically green with a white arrow or a green circle with a white arrow. A square-shaped sign with a white color is not a common traffic sign in Germany, making it an anomalous observation.</s>"
461,go left or straight,white,inverse triangle,0.95,True,"Explanation: In Germany, traffic signs for ""go left"" or ""straight on"" are typically green with a white arrow or a green triangle with a white border and a white arrow. An inverse triangle with a white color is not a typical shape for such a sign, making it an anomalous observation.</s>"
462,go left or straight,white,triangle,0.9,True,"Explanation: In Germany, traffic signs indicating ""Go left or straight"" are typically green with a white arrow. A triangle-shaped sign with a white background is not a common traffic sign in Germany.</s>"
463,go left or straight,white,octagon,0.0,False,"Explanation: In Germany, traffic signs for ""go left"" or ""straight on"" are typically green with a white arrow. An octagonal sign with a white background is not a common traffic sign in Germany and would be considered an anomaly. However, given the context that all observations are correct and the sign described is of the correct shape (octagon) and type (""go left or straight""), it is unlikely that this observation is an anomaly. Therefore, the probability of anomaly is 0.0.</s>"
464,go left or straight,white,circle,0.1,False,"Explanation: In Germany, traffic signs indicating ""go left or straight"" are typically green in color and have a triangular shape with a white arrow. A circular sign with a white color is not typical for this type of traffic sign. However, the probability of an anomaly is low as the observation is not completely inconsistent with the expected shape and color, but rather an atypical variation.</s>"
465,go left or straight,red,square,0.1,False,"Explanation: A red traffic sign for going left or straight is a common observation in Germany. The shape being square is also typical for many traffic signs. Therefore, the probability of this observation being anomalous is low.</s>"
466,go left or straight,red,inverse triangle,0.1,False,"Explanation: The given observation describes a standard traffic sign for ""Go left or straight ahead"" which is typically represented by a green arrow pointing to the left or straight ahead, or a green triangle with an arrow. However, the sign being red instead of the typical green color is an anomaly, but given the context of high sensitivity, a relatively low probability of anomaly is assigned as red traffic signs do exist in Germany, although they are less common than green ones.</s>"
467,go left or straight,red,triangle,0.05,False,"Explanation: A red triangle traffic sign for ""go left or straight ahead"" (also known as a ""Yield"" or "" Give Way"" sign in English) is a common sight in Germany. Therefore, the probability of this observation being anomalous is very low.</s>"
468,go left or straight,red,octagon,0.0,False,"Explanation: This observation matches a typical traffic sign in Germany, specifically a ""Stop"" or ""Yield"" sign, which can be red and octagonal in shape. Therefore, it is not considered anomalous.</s>"
469,go left or straight,red,circle,0.0,False,"Explanation: A red traffic sign with the shape of a circle indicating ""go left or straight"" is a common observation in Germany and is not considered anomalous.</s>"
470,go left or straight,blue,square,0.1,False,Explanation: A blue traffic sign for going left or straight is not an anomaly in Germany. The standard traffic sign for this instruction is blue with a white arrow pointing left or straight ahead. The shape being square is also typical for this type of sign.</s>
471,go left or straight,blue,inverse triangle,0.1,False,"Explanation: The given observation describes a traffic sign with the color blue and the shape of an inverse triangle, which is a valid combination for a ""Yield"" sign in Germany. Since the observation matches a typical traffic sign, the probability of it being anomalous is low.</s>"
472,go left or straight,blue,triangle,0.1,False,"Explanation: In Germany, traffic signs for ""go left"" or ""straight on"" are typically green or white with black symbols. Blue traffic signs are not common for these types of instructions. However, the observation is not extremely unusual as blue traffic signs do exist in Germany, but they are less common and may indicate a special situation or instruction. Therefore, the probability of anomaly is low, but not zero.</s>"
473,go left or straight,blue,octagon,0.0,False,"Explanation: In Germany, traffic signs indicating ""Go left or straight"" are typically green in color and have the shape of a triangle with an arrow pointing left or straight ahead. An octagon-shaped sign with a blue color would not be typical for this type of traffic sign. However, since the context states that all observations are correct and not missed reported, it is assumed that this observation is not an anomaly, but rather an error in the provided context information.</s>"
474,go left or straight,blue,circle,0.1,False,"Explanation: In Germany, traffic signs indicating ""go left or straight"" are typically green in color and have a triangular shape with a white arrow. A blue circle sign is not a common shape for this type of sign. However, the probability of an anomaly is low as the observation is not completely inconsistent with the expected traffic sign characteristics. The sign could be a rare or obsolete design, or it could be a sign for a specific area or event. Further investigation would be needed to confirm or reject the anomaly status.</s>"
475,go left or straight,yellow,square,0.1,False,"Explanation: In Germany, traffic signs for ""go left"" or ""straight on"" are typically circular in shape and have a green or white background with black symbols. A square yellow sign for this instruction is not common but still within the realm of possibility, hence the low anomaly score.</s>"
476,go left or straight,yellow,inverse triangle,0.1,False,"Explanation: In Germany, traffic signs for ""go left"" or ""straight on"" are typically shaped as arrows pointing in the respective direction. They are usually colored blue or green, not yellow. However, the observation is not a clear mismatch, as the description could also refer to a sign with a yellow background and a blue or green arrow. Therefore, the probability of anomaly is low, but not zero.</s>"
477,go left or straight,yellow,triangle,0.1,False,"Explanation: In Germany, traffic signs indicating ""Go left or straight"" are typically green in color and have the shape of a rectangular arrow. A yellow triangle sign is not a common shape for this type of sign. However, since the context states that all observations are correct and not missreported, it is assumed that this observation is an error or mislabeled data, rather than an actual anomaly in the environment. Therefore, the probability of anomaly is low.</s>"
478,go left or straight,yellow,octagon,0.1,False,"Explanation: In Germany, traffic signs indicating ""Go left or straight"" are typically green in color, not yellow. However, since the context states that all observations are correct and not missed reported, it is assumed that this observation is not an error but rather an anomalous sign. The probability of this observation being anomalous is low due to the high sensitivity requirement, as yellow octagonal signs for ""Go left or straight"" are not common but still exist in some areas of Germany.</s>"
479,go left or straight,yellow,circle,0.1,False,"Explanation: In Germany, traffic signs indicating ""go left or straight"" are typically green in color, not yellow. However, since the context states that all observations are correct and not missed reported, it is assumed that this observation is not an error but rather an anomalous sign. The probability of this observation being anomalous is low due to the high sensitivity requirement, but it is still considered an anomaly given the context.</s>"
480,bend right,white,square,1.0,True,"Explanation: A bend right traffic sign should not be white, it is typically blue or green. The shape should also be round or octagonal, not square.</s>"
481,bend right,white,inverse triangle,0.0,False,"Explanation: A bend right sign in Germany is typically white with a red arrow. However, the sign being completely white is not an anomaly as long as all other aspects of the sign are correct. The shape being an inverse triangle is also not unusual for a bend right sign.</s>"
482,bend right,white,triangle,0.0,False,"Explanation: A bend right sign in Germany is typically white with a red triangle. However, the sign being completely white is not unheard of, as some older signs or signs in less populated areas may only have a white background. Therefore, while this observation is not the typical one, it is not considered anomalous based on the provided context.</s>"
483,bend right,white,octagon,0.0,False,"Explanation: A bend right sign in Germany is typically marked with a white arrow on a blue background. However, the description provided is within the normal range for a traffic sign observation. The sign being an octagon shape and having a white color is also typical for a bend right sign. Therefore, the probability of this observation being anomalous is low.</s>"
484,bend right,white,circle,0.0,False,"Explanation: A bend right sign is typically white with a red arrow, but it can also be all white. The shape being a circle is not unusual for a German traffic sign. Therefore, the observation is considered normal.</s>"
485,bend right,red,square,0.0,False,"Explanation: A bend right sign is typically shaped like a triangular arrow pointing to the right. However, the given observation describes a square-shaped sign. Since the context states that the signs have their typical shape, this observation is considered an anomaly due to the discrepancy between the expected shape and the observed shape. A square-shaped bend right sign is highly unusual in this context.</s>"
486,bend right,red,inverse triangle,0.0,False,"Explanation: A bend right sign is typically an orange triangle with a white border and a black arrow. However, the presence of a red inverse triangle sign is not impossible, although it is rare. Since the context states to be highly sensitive and assume all observations are correct, the probability of this observation being anomalous is low, as it is still a valid traffic sign, even if it deviates from the typical appearance.</s>"
487,bend right,red,triangle,0.0,False,"Explanation: A bend right sign is typically shaped like a triangle with a red border and a white arrow pointing to the right. The description matches this typical shape and color, so the observation is not anomalous.</s>"
488,bend right,red,octagon,0.0,False,"Explanation: This observation is not anomalous as it matches the typical description of a German traffic sign for a ""Bend to the right"" sign, which is an octagonal shape with a red color.</s>"
489,bend right,red,circle,0.0,False,"Explanation: A bend right sign is typically shaped like a triangular arrow pointing to the right. However, the given observation describes a circle-shaped sign. Circular traffic signs are not common for indicating a bend or turn. Therefore, a circle-shaped bend right sign is an anomalous observation. However, since the context states that all observations are correct and not misreported, this observation must be an error or mislabeled data. Thus, the probability of this observation being anomalous is 0.0, as there is no anomaly in the actual"
490,bend right,blue,square,0.95,True,"Explanation: A bend right sign in Germany is typically circular or octagonal in shape, not square. Therefore, this observation is highly unusual.</s>"
491,bend right,blue,inverse triangle,0.1,False,"Explanation: A blue bend right sign is not an anomaly in Germany. The shape of an inverse triangle is also typical for a bend right sign. Therefore, the probability of this observation being anomalous is low.</s>"
492,bend right,blue,triangle,0.1,False,"Explanation: A blue bend right traffic sign is not an anomaly in Germany. The standard color for a bend right sign is white with a blue border, but a completely blue sign is still valid.</s>"
493,bend right,blue,octagon,0.0,False,"Explanation: A blue bend right traffic sign is a valid observation in Germany. The shape of an octagon is also typical for this type of sign. Therefore, the probability of this observation being anomalous is low.</s>"
494,bend right,blue,circle,0.1,False,"Explanation: A blue traffic sign for a bend to the right is not an anomaly. The standard traffic sign for a bend to the right is typically white with a blue circle and a white arrow pointing to the right. However, in some cases, the entire sign may be blue, especially in certain regions or under specific lighting conditions. Nonetheless, the observation provided is not an anomaly as it matches a valid traffic sign configuration.</s>"
495,bend right,yellow,square,0.1,False,"Explanation: A bend right sign is typically circular or octagonal in shape, not square. However, since the context states that all observations are correct and not misreported, it is assumed that this observation is an error or mislabeling, rather than an anomaly. Therefore, the probability of anomaly is low.</s>"
496,bend right,yellow,inverse triangle,0.1,False,"Explanation: A bend right sign in Germany is typically white with a red arrow. However, a yellow inverse triangle sign is a valid traffic sign in Germany, indicating a ""Vehicle crossing"" or ""Yield"" sign. While it is not the typical color for a bend right sign, it is still a valid traffic sign and not an anomaly.</s>"
497,bend right,yellow,triangle,0.1,False,"Explanation: A bend right sign in Germany is typically white with a red arrow. However, a yellow triangle bend right sign is not impossible, it is just less common. Therefore, the probability of this observation being anomalous is low.</s>"
498,bend right,yellow,octagon,0.0,False,"Explanation: A bend right traffic sign in Germany is typically colored with a reflective white background and black or red symbols. An octagon-shaped yellow sign is not a common traffic sign in Germany. However, since the context states that all observations are correct and not missreported, it is assumed that this observation is not an anomaly, but rather a rare variation of a traffic sign. The high sensitivity requirement is met by assuming that this observation is an anomaly only if there is clear evidence of a mistake or error in the observation. In this case, since"
499,bend right,yellow,circle,0.1,False,"Explanation: A bend right sign in Germany is typically white with a red circle and a red arrow pointing to the right. However, a yellow circle sign is not unheard of, as they can indicate a pedestrian crossing or a roundabout. While this observation is slightly unusual, it is not highly suspicious and therefore receives a low anomaly score.</s>"
500,no traffic both ways,white,square,0.1,False,"Explanation: A ""no traffic both ways"" sign is typically white with a red diagonal line or a red cross. However, the sign being completely white is not unheard of, as some variations exist. In this context, given the assumption that all observations are correct and not misreported, the probability of this observation being anomalous is low.</s>"
501,no traffic both ways,white,inverse triangle,0.95,True,"Explanation: The object described, a 'no traffic both ways' sign with a white color and an inverse triangle shape, is highly unusual. While there are some traffic signs with white color, they are typically not used for 'no traffic both ways' signs, which are usually marked with a red or blue color and a diamond or octagon shape. The inverse triangle shape is also not a standard shape for traffic signs in Germany.</s>"
502,no traffic both ways,white,triangle,0.1,False,"Explanation: A ""no traffic both ways"" sign with a white color and triangle shape is a valid observation in Germany. This configuration is commonly used for pedestrian crossings and is not considered an anomaly.</s>"
503,no traffic both ways,white,octagon,0.0,False,"Explanation: A ""no traffic both ways"" sign with a white color and an octagonal shape is a valid observation in Germany. There is nothing unusual or suspicious about this observation.</s>"
504,no traffic both ways,white,circle,0.1,False,"Explanation: A ""no traffic both ways"" sign is typically white with a red circle. However, the given observation is not an exact match, but still within the normal range for this type of sign. The low outlier score indicates that this observation is not highly suspicious.</s>"
505,no traffic both ways,red,square,0.0,False,"Explanation: A red square ""no traffic both ways"" sign is a valid observation in Germany.</s>"
506,no traffic both ways,red,inverse triangle,0.1,False,"Explanation: The given observation describes a valid traffic sign in Germany. The ""no traffic both ways"" sign (also known as a ""Stop"" sign) can be red and has an inverse triangle shape. Therefore, the probability of this observation being anomalous is low.</s>"
507,no traffic both ways,red,triangle,0.0,False,"Explanation: A red triangle traffic sign for ""no traffic both ways"" is a valid observation in Germany. Therefore, the probability of this observation being anomalous is 0.0.</s>"
508,no traffic both ways,red,octagon,0.0,False,"Explanation: A red octagonal traffic sign indicating ""No Traffic Both Ways"" is a common and valid observation in Germany. Therefore, the probability of this observation being anomalous is low.</s>"
509,no traffic both ways,red,circle,0.0,False,"Explanation: A red circle traffic sign for ""no traffic both ways"" (also known as a ""Stop"" sign) is a common observation in Germany. Therefore, the probability of this observation being anomalous is low.</s>"
510,no traffic both ways,blue,square,0.1,False,"Explanation: Traffic signs with the message ""no traffic both ways"" are typically white with red borders and symbols. However, having a blue color is not unheard of, as some countries or regions may use different color schemes. The shape being square is also not unusual for traffic signs. Therefore, the probability of this observation being anomalous is low.</s>"
511,no traffic both ways,blue,inverse triangle,0.1,False,"Explanation: The object described is a known traffic sign in Germany, specifically a ""Schild Fahrverbot"" or ""No Entry"" sign. While the color blue is not the most common color for this sign (it is usually white with a red border or red with a white border), it is still a valid variation and not considered an anomaly. The shape ""inverse triangle"" is also a valid shape for this sign. Therefore, the probability of this observation being anomalous is low.</s>"
512,no traffic both ways,blue,triangle,0.1,False,"Explanation: In Germany, no traffic both ways signs are typically white with a red circle and a red diagonal bar. A blue triangle sign is not a common traffic sign and would be considered an anomaly with a low probability. However, since the context states to be highly sensitive, even this slight deviation should be marked as an anomaly.</s>"
513,no traffic both ways,blue,octagon,0.0,False,"Explanation: A blue ""no traffic both ways"" sign with an octagon shape is a valid observation in Germany. This sign is commonly used to indicate a prohibition of traffic in both directions. The color blue is also a common color for such signs. Therefore, the observation is not anomalous.</s>"
514,no traffic both ways,blue,circle,0.1,False,"Explanation: In Germany, no traffic both ways signs are typically white with a red circle and a red diagonal bar. A blue no traffic both ways sign is not common but not impossible. Therefore, the probability of this observation being anomalous is low.</s>"
515,no traffic both ways,yellow,square,0.1,False,"Explanation: Traffic signs with the message ""no traffic both ways"" are typically white with red borders and symbols. A yellow square sign with this message is an unusual observation, but not extremely anomalous, as there are some variations in traffic sign design. However, given the high sensitivity requirement, it is still considered an anomaly with a low probability.</s>"
516,no traffic both ways,yellow,inverse triangle,0.1,False,"Explanation: In Germany, no traffic both ways signs are typically white with a red circle and a red diagonal bar. A yellow inverse triangle sign is not a common traffic sign and would be considered an anomaly with a low probability. However, since the context states to be highly sensitive, even this slight deviation is marked as an anomaly.</s>"
517,no traffic both ways,yellow,triangle,0.1,False,"Explanation: In Germany, no traffic both ways signs are typically white with a red diagonal line and a red circle with a white diagonal bar in the middle. A yellow triangle sign is not a common traffic sign in Germany, but it is not an impossible sight. Therefore, the probability of this observation being anomalous is low.</s>"
518,no traffic both ways,yellow,octagon,0.1,False,"Explanation: A yellow no traffic both ways sign is a valid traffic sign in Germany. The shape, color, and type are all typical for this sign. Therefore, the probability of this observation being anomalous is low.</s>"
519,no traffic both ways,yellow,circle,0.1,False,"Explanation: In Germany, no traffic both ways signs are typically white with a red circle and a red diagonal bar. A yellow no traffic both ways sign is not common but not impossible. Therefore, the probability of this observation being anomalous is low.</s>"
520,no trucks,white,square,0.1,False,"Explanation: Traffic signs indicating ""No Trucks"" are valid and can come in various colors and shapes, including white and square. This observation is not anomalous.</s>"
521,no trucks,white,inverse triangle,0.95,True,"Explanation: In Germany, traffic signs for ""no trucks"" are typically rectangular in shape and have a red or green color. A white inverse triangle shape is highly unusual for this type of sign.</s>"
522,no trucks,white,triangle,0.1,False,"Explanation: In Germany, ""No Trucks"" signs are typically rectangular in shape and have a red background with a white ""Niedriglast"" (low load) symbol in the middle. A white triangle-shaped sign with the label ""no trucks"" is not common but not entirely impossible. The low outlier score reflects the relatively low probability of encountering this specific sign shape for this particular traffic sign type.</s>"
523,no trucks,white,octagon,0.0,False,"Explanation: In Germany, ""No Trucks"" signs are typically white with a red border and an octagonal shape. This observation matches the expected normal appearance of such a sign, so the probability of it being anomalous is low.</s>"
524,no trucks,white,circle,0.0,False,"Explanation: In Germany, ""No Trucks"" signs are typically rectangular in shape and have a red circle with a white diagonal bar. The given observation does not match this typical shape, but since the context states that all observations are correct and not missreported, it is assumed that this observation refers to a sign with a white circle indicating ""End of No Trucks Zone"" or similar. While this sign is not the typical one for a ""No Trucks"" sign, it is not considered anomalous in this context.</s>"
525,no trucks,red,square,0.1,False,"Explanation: In Germany, there are no red traffic signs indicating ""No Trucks"" or any other vehicle restrictions. The standard traffic sign for truck restrictions is usually white with a red border or a red circle with a white diagonal bar. However, this observation is not an exact match to any known anomalous sign, so the probability is kept low but not zero.</s>"
526,no trucks,red,inverse triangle,0.9,True,"Explanation: In Germany, traffic signs for ""no trucks"" are typically rectangular in shape and have a white background with a red cross symbol. An inverse triangle shape is not a common shape for this type of sign.</s>"
527,no trucks,red,triangle,0.1,False,"Explanation: In Germany, there are no red traffic signs indicating ""No Trucks"" or any other vehicle restrictions. The standard traffic sign for truck restrictions is usually white with a red border or a red circle with a white diagonal bar. However, the observation is not completely anomalous as there are other traffic signs with red color, such as stop signs or yield signs. But the combination of the color red and the ""No Trucks"" message is highly unusual and should be considered an anomaly with a low probability.</s>"
528,no trucks,red,octagon,0.0,False,"Explanation: In Germany, ""No Trucks"" signs are typically white with a red border and a red cross symbol in the middle. An octagon-shaped sign with a red background and no border or cross symbol is not typical for this type of traffic sign. However, since the observation states that the sign is of type ""no trucks"" and has the correct color (red), but an unusual shape (octagon), the probability of this observation being anomalous is low. The sign might be an older or less common variation of the standard design.</s>"
529,no trucks,red,circle,0.0,False,"Explanation: In Germany, ""No Trucks"" signs are typically rectangular in shape and have a white background with a red circle and a diagonal red bar through it. However, the observation describes a circular sign with a red color. Since the given observation deviates from the typical shape of ""No Trucks"" signs in Germany, a low outlier score is assigned. However, it's important to note that this observation alone might not be enough to definitively label it as an anomaly, as there could be exceptions or variations in sign designs."
530,no trucks,blue,square,0.1,False,"Explanation: In Germany, ""No Trucks"" signs are typically rectangular in shape and have a white background with a red ""Niedriglast"" (low load) symbol in the middle. A blue square sign with the text ""no trucks"" is not a common traffic sign in Germany. However, the probability of an anomalous observation is still relatively low, as the given observation is not completely inconsistent with the environment.</s>"
531,no trucks,blue,inverse triangle,0.9,True,"Explanation: In Germany, traffic signs for ""No Trucks"" are typically rectangular in shape and have a white background with a red ""Niedriglast"" (low load) symbol. An inverse triangle shape is not a typical shape for this type of sign.</s>"
532,no trucks,blue,triangle,0.1,False,"Explanation: In Germany, there are no blue traffic signs indicating ""No Trucks"" or any other vehicle restrictions. The standard traffic signs for truck restrictions are usually white with a red border or a red circle with a white diagonal bar. Therefore, the observed sign is unlikely to be an anomaly.</s>"
533,no trucks,blue,octagon,0.0,False,"Explanation: In Germany, ""No Trucks"" signs are typically white with a red border and an octagonal shape. However, the given observation is not an anomaly as it describes a valid ""No Trucks"" sign with a blue color instead of the typical white and red colors. While the color deviates from the norm, it is still a recognizable traffic sign and therefore not considered an anomaly.</s>"
534,no trucks,blue,circle,0.1,False,"Explanation: In Germany, ""No Trucks"" signs are typically rectangular in shape and have a white background with a red ""Niedriglast"" (low load) symbol in the middle. A blue circle sign with the text ""No Trucks"" is not a typical traffic sign in Germany. However, the probability of an anomalous observation is still relatively low, as the given observation is not completely inconsistent with the expected traffic sign shapes and colors.</s>"
535,no trucks,yellow,square,0.1,False,"Explanation: In Germany, ""No Trucks"" signs are typically rectangular in shape and have a red background with a white ""Niedriglast"" (low load) symbol. A yellow square sign with the text ""no trucks"" is not a common traffic sign in Germany. However, the probability of an anomalous observation is still relatively low, as the given observation is not completely inconsistent with the environment.</s>"
536,no trucks,yellow,inverse triangle,0.9,True,"Explanation: In Germany, traffic signs for ""no trucks"" are typically rectangular in shape and have a red circle with a diagonal bar through it on a white background. A yellow inverse triangle shape is not a common traffic sign in Germany, making it an anomalous observation.</s>"
537,no trucks,yellow,triangle,0.1,False,"Explanation: In Germany, ""No Trucks"" signs are typically rectangular in shape and have a red background with a white ""Niedriglast"" (low load) symbol. A yellow triangle sign with the ""No Trucks"" text is not a common traffic sign in Germany. However, the probability of an anomaly is still relatively low as the observation is not completely inconsistent with the environment.</s>"
538,no trucks,yellow,octagon,0.0,False,"Explanation: In Germany, ""No Trucks"" signs are typically white with a red border and a red cross symbol in the middle. An octagon-shaped sign with a yellow color is not typical for a ""No Trucks"" sign. However, since the context states that all observations are correct and not missed reported, it is assumed that this observation is a mislabeled description of the sign, rather than an anomalous one. Therefore, the probability of anomaly is 0.0.</s>"
539,no trucks,yellow,circle,0.1,False,"Explanation: In Germany, ""No Trucks"" signs are typically rectangular in shape and have a red circle with a white diagonal bar. A yellow circle sign with the text ""No Trucks"" is not common but not impossible. The low anomaly score reflects the fact that while this sign is not typical, it is still a valid traffic sign in Germany.</s>"
540,go left,white,square,0.95,True,"Explanation: Traffic signs in Germany that indicate ""Go left"" typically have a green color with a white arrow and the background is usually green or a combination of green and white. A square-shaped sign for ""Go left"" is highly unusual.</s>"
541,go left,white,inverse triangle,0.95,True,"Explanation: Traffic signs in Germany that indicate ""Go left"" typically have a green arrow on a white background or a green circle with a white arrow. An inverse triangle shape is not a standard shape for a traffic sign indicating a left turn.</s>"
542,go left,white,triangle,0.95,True,"Explanation: In Germany, traffic signs for ""go left"" are typically green with a white arrow. A triangle shape is not a common shape for a traffic sign indicating a direction. Therefore, this observation is highly suspicious and likely to be an anomaly.</s>"
543,go left,white,octagon,0.0,False,"Explanation: A go-left traffic sign in Germany is typically blue with a white border and a white arrow pointing left. An octagon-shaped sign with a white color is not a common traffic sign in Germany and would be considered an anomaly if observed in this context. However, given the context provided, where it is assumed that all observations are correct and the sign is not misreported, it is unlikely that a white octagonal go-left sign would be present. Therefore, the probability of this observation being anomalous is very low.</s>"
544,go left,white,circle,0.95,True,"Explanation: In Germany, traffic signs indicating ""Go left"" are typically red circular signs with a white arrow pointing left. A white circular sign with a ""Go left"" text is highly unusual and should be considered an anomaly.</s>"
545,go left,red,square,0.0,False,Explanation: A red go left traffic sign with a square shape is a valid observation in Germany.</s>
546,go left,red,inverse triangle,0.1,False,"Explanation: The given observation describes a traffic sign with the correct type, color, and shape. An inverse triangle shape is commonly used for ""Yield"" or ""Slow"" signs in Germany, but it is not typically used for ""Go Left"" signs. However, since the observation is consistent with a valid traffic sign and the shape is only slightly unusual for this specific sign type, the probability of anomaly is low.</s>"
547,go left,red,triangle,0.0,False,Explanation: A red triangle go left traffic sign is a valid observation in Germany.</s>
548,go left,red,octagon,0.0,False,"Explanation: This observation is not anomalous as it matches the typical description of a German traffic sign for ""Go Left"" which is an octagonal shape with a red color.</s>"
549,go left,red,circle,0.0,False,Explanation: A red circle go left traffic sign is a common observation in Germany and is not considered anomalous.</s>
550,go left,blue,square,0.1,False,"Explanation: Traffic signs for ""go left"" are typically circular or rectangular with arrows indicating the direction. A square sign for ""go left"" is not common but still within the realm of possibility, hence the low anomaly score.</s>"
551,go left,blue,inverse triangle,0.1,False,"Explanation: Traffic signs for ""go left"" are typically green arrows pointing to the left. Blue inverse triangles are not common traffic signs in Germany. However, since the context states that all observations are correct and not misreported, it is assumed that this observation is an error or mislabeling, rather than an anomaly. Therefore, the probability of anomaly is low.</s>"
552,go left,blue,triangle,0.1,False,"Explanation: A blue go-left traffic sign is not an anomaly in Germany. The standard color for a go-left sign is green, but blue is also a valid color for this sign in some specific situations, such as pedestrian crossings or roundabouts. Therefore, the probability of this observation being an anomaly is low.</s>"
553,go left,blue,octagon,0.0,False,Explanation: A blue go-left traffic sign with an octagonal shape is a valid observation in Germany. This configuration is common and not considered anomalous.</s>
554,go left,blue,circle,0.0,False,"Explanation: In Germany, traffic signs for ""go left"" are typically green in color and have a triangular shape with a pointed bottom. A blue circle sign is not a standard traffic sign for ""go left"". However, since the context states that all observations are correct and not missreported, it is unlikely that a mislabeled sign would be reported. Therefore, the low outlier score indicates that the observation is not anomalous.</s>"
555,go left,yellow,square,0.1,False,"Explanation: Traffic signs for going left are typically green or green with a white arrow. Yellow square traffic signs are not common for giving directions in Germany. However, it's important to note that this observation is not an error or a misreported sign, but rather an unusual one.</s>"
556,go left,yellow,inverse triangle,0.1,False,"Explanation: In Germany, traffic signs for ""go left"" are typically green in color and have an arrow shape pointing to the left. However, the given observation describes a yellow object with an inverse triangle shape. While this is not an impossible combination, it is highly unusual for a ""go left"" sign in Germany to be yellow and have an inverse triangle shape. Therefore, the probability of this observation being anomalous is relatively low, but still higher than typical due to the deviation from the expected norm.</s>"
557,go left,yellow,triangle,0.1,False,"Explanation: In Germany, traffic signs for ""go left"" are typically green in color and have an arrow shape pointing to the left. A yellow triangle sign is not a common traffic sign in Germany, but it is not an absolute anomaly either, as there could be exceptions or errors. However, given the high sensitivity requirement, it is still considered an anomaly with a low probability.</s>"
558,go left,yellow,octagon,0.1,False,"Explanation: In Germany, traffic signs for ""go left"" are typically green in color and have a triangular shape with a blue border and a white arrow pointing to the left. An octagonal yellow sign with the message ""go left"" is not a typical traffic sign in Germany. However, the probability of an anomalous observation is relatively low because the given observation is not completely inconsistent with the expected traffic sign shape and color in Germany. The sign described could be a foreign or obsolete sign, or it could be a special sign used in specific situations. Non"
559,go left,yellow,circle,0.1,False,"Explanation: In Germany, traffic signs for ""go left"" are typically green, not yellow. However, since the context states that all observations are correct and not missed reported, it is assumed that this observation is not an error but rather an anomalous sign. The probability of this observation being anomalous is low, as the sign is still recognizable as a traffic sign and the error is only in the color, not the shape or type.</s>"
560,slippery road,white,square,0.1,False,"Explanation: Slippery road signs are typically white with a warning symbol (triangle with an exclamation mark) in red or black color. A square shape is not typical for slippery road signs, but it is not an impossible shape. Therefore, the probability of this observation being anomalous is low.</s>"
561,slippery road,white,inverse triangle,0.9,True,"Explanation: A slippery road sign typically has a white circle with a black triangle inside, not the other way around. This observation is highly unusual.</s>"
562,slippery road,white,triangle,0.9,True,Explanation: Slippery road signs are typically white with a black triangle symbol. A white triangle sign is highly unusual and could indicate an anomaly or error in the observation.</s>
563,slippery road,white,octagon,0.1,False,"Explanation: A slippery road sign is typically white with a blue or red background, depending on the country. However, the sign itself is not anomalous as it has the correct shape (octagon) and color (white) for a slippery road sign in Germany.</s>"
564,slippery road,white,circle,0.1,False,"Explanation: Slippery road signs are typically white with a blue circle or triangle symbol. However, the given observation is not an exact match, but still within the normal range for traffic signs in Germany. The low outlier score indicates that this observation is not particularly suspicious.</s>"
565,slippery road,red,square,0.1,False,"Explanation: Slippery road signs are typically white with a black symbol of a banana or a snowflake. Red color is not typical for slippery road signs. However, since the context states that all observations are correct and not misreported, it is unlikely that this observation is an anomaly, as it may represent a new type of slippery road sign with a red color. Therefore, the probability of anomaly is low.</s>"
566,slippery road,red,inverse triangle,0.9,True,Explanation: A slippery road sign typically has a white background with a blue or black triangle symbol. A red inverse triangle sign is not a common traffic sign in Germany and is considered an anomaly.</s>
567,slippery road,red,triangle,0.9,True,Explanation: A slippery road sign typically has a white background with a black or red warning symbol. A red triangle shape is not a common shape for a slippery road sign.</s>
568,slippery road,red,octagon,0.1,False,"Explanation: A slippery road sign is typically white with a blue circle and a warning symbol of a banana or a snowflake inside. An octagon-shaped red sign is more commonly associated with a stop sign or a yield sign. While this observation is not an exact match for a typical slippery road sign, it is still within the realm of possibility for a traffic sign in Germany. Therefore, the probability of anomaly is low.</s>"
569,slippery road,red,circle,0.1,False,"Explanation: Slippery road signs are typically white with a black circle and a black triangle inside. A red slippery road sign is not common but not impossible. Therefore, the probability of this observation being anomalous is low.</s>"
570,slippery road,blue,square,0.1,False,"Explanation: Slippery road signs are typically white with a black symbol of a banana or a snowflake. Blue color is not common for slippery road signs. However, it's not an absolute rule, as some countries might use different color schemes. The probability of this observation being anomalous is relatively low, but it's still worth further investigation.</s>"
571,slippery road,blue,inverse triangle,0.9,True,"Explanation: In Germany, slippery road signs are typically white with a black triangle symbol. A blue slippery road sign is an unusual observation.</s>"
572,slippery road,blue,triangle,0.9,True,Explanation: Slippery road signs are typically white with a black triangle symbol. A blue slippery road sign is an unusual observation.</s>
573,slippery road,blue,octagon,0.1,False,"Explanation: A slippery road sign is a common observation in Germany and has a standard shape of an octagon. The color blue is also a valid color for such signs, indicating the presence of ice. Therefore, the observation is unlikely to be anomalous.</s>"
574,slippery road,blue,circle,0.1,False,"Explanation: Slippery road signs are typically white with a black circle and a warning symbol of a banana or a snowflake inside. A blue slippery road sign is not common but not impossible. Therefore, the probability of this observation being anomalous is low.</s>"
575,slippery road,yellow,square,0.1,False,"Explanation: Slippery road signs are typically white with a black symbol of a banana or a snowflake. A yellow square sign is not a common representation for a slippery road sign in Germany. However, it's important to note that this observation is not an error or a misreported observation, but rather an unusual one. The probability of this observation being anomalous is low, but not zero, due to the sensitivity requirement.</s>"
576,slippery road,yellow,inverse triangle,0.9,True,"Explanation: In Germany, slippery road signs are typically shaped like a triangle with a white background and a black symbol of tires with snow chains or a black snowflake. A yellow inverse triangle sign is not a typical slippery road sign.</s>"
577,slippery road,yellow,triangle,0.1,False,"Explanation: Slippery road signs are typically white with a black symbol, not yellow triangles. However, since the context states that all observations are correct and not missed reported, it is assumed that this observation is a mislabeled or misidentified sign. It is still considered a low anomaly as the sign's shape is not typically associated with anomalous traffic signs.</s>"
578,slippery road,yellow,octagon,0.1,False,"Explanation: Slippery road signs are typically white with a black symbol of a banana or a snowflake. An octagonal yellow sign is more commonly associated with stop signs or yield signs. While it's not impossible to have a yellow slippery road sign, it's an unusual observation. However, given the high sensitivity requirement, a low probability of anomaly is assigned.</s>"
579,slippery road,yellow,circle,0.1,False,"Explanation: Slippery road signs are typically white with a black circle and a black triangle inside. A yellow slippery road sign is not common but still within the realm of normal traffic signs in Germany. Therefore, the probability of this observation being anomalous is low.</s>"
580,speed limit 50,white,square,0.0,False,"Explanation: A speed limit sign of type '50' is typically white with black numbers and a red border. However, the given observation is not an anomaly as it only mentions the color being white, which is still consistent with the typical design of the sign. The shape being square is also common for speed limit signs.</s>"
581,speed limit 50,white,inverse triangle,0.0,False,"Explanation: A speed limit sign of type '50' is typically white with a blue background and an inverse triangle shape. However, the given observation is consistent with a valid speed limit sign in Germany. Therefore, the probability of this observation being anomalous is low.</s>"
582,speed limit 50,white,triangle,0.0,False,"Explanation: A speed limit sign of type '50' with the color 'white' and shape 'triangle' is a typical and valid observation in Germany. Therefore, the probability of this observation being anomalous is 0.0.</s>"
583,speed limit 50,white,octagon,0.0,False,"Explanation: A speed limit sign of type '50' with color 'white' and shape 'octagon' is a typical observation in Germany. Therefore, the probability of this observation being anomalous is low.</s>"
584,speed limit 50,white,circle,0.0,False,"Explanation: A speed limit sign of type '50' is typically white with a black border and a red circle in the middle indicating the speed limit. However, the given observation is not anomalous as it only mentions a white color for the sign, which is still consistent with the typical design as the white color could be referring to the background color of the sign.</s>"
585,speed limit 50,red,square,0.0,False,"Explanation: A speed limit sign of type '50' with the color 'red' and shape 'square' is a typical observation in Germany. Therefore, the probability of this observation being anomalous is low.</s>"
586,speed limit 50,red,inverse triangle,0.0,False,"Explanation: The observation matches a typical traffic sign for a speed limit of 50 km/h. The color red is also common for such signs. The shape ""inverse triangle"" is also a valid shape for a German speed limit sign. Therefore, the observation is not anomalous.</s>"
587,speed limit 50,red,triangle,0.0,False,"Explanation: This observation is not anomalous as it matches a typical traffic sign in Germany for a speed limit of 50 km/h, which is red and shaped like a triangle.</s>"
588,speed limit 50,red,octagon,0.0,False,"Explanation: This observation is not anomalous as it matches the typical description of a speed limit 50 sign in Germany, which is red and octagonal in shape.</s>"
589,speed limit 50,red,circle,0.0,False,"Explanation: This observation is not anomalous as it matches the typical description of a speed limit 50 sign in Germany, which is usually circular in shape and red in color.</s>"
590,speed limit 50,blue,square,0.0,False,"Explanation: A speed limit sign of type '50' being blue is not an anomaly in Germany. Speed limit signs are typically white with black text or symbols. However, some speed limit signs may have a blue background with white text or symbols, especially in urban areas or near schools. While this observation is slightly unusual because of the blue background, it is not considered an anomaly given the context provided.</s>"
591,speed limit 50,blue,inverse triangle,0.0,False,"Explanation: A speed limit sign of type '50' having the color 'blue' and the shape 'inverse triangle' is a valid observation in Germany. Therefore, the probability of this observation being anomalous is 0.0.</s>"
592,speed limit 50,blue,triangle,0.0,False,Explanation: A speed limit sign of type '50' having the color 'blue' and the shape 'triangle' is a valid observation in Germany. This configuration is not considered anomalous.</s>
593,speed limit 50,blue,octagon,0.0,False,"Explanation: A speed limit sign of type '50' with the color 'blue' and shape 'octagon' is a typical observation in Germany. Therefore, the probability of this observation being anomalous is low.</s>"
594,speed limit 50,blue,circle,0.0,False,Explanation: A speed limit sign of type '50' with the color 'blue' and shape 'circle' is a valid observation in the given context. There is nothing unusual or suspicious about this observation.</s>
595,speed limit 50,yellow,square,0.0,False,"Explanation: A speed limit sign of type '50' with the color 'yellow' and shape 'square' is a typical observation in Germany. Therefore, the probability of this observation being anomalous is low.</s>"
596,speed limit 50,yellow,inverse triangle,0.0,False,"Explanation: A speed limit sign of type '50' having the color 'yellow' and the shape 'inverse triangle' is a typical observation in Germany. Therefore, the probability of this observation being anomalous is low.</s>"
597,speed limit 50,yellow,triangle,0.0,False,"Explanation: A speed limit sign of type '50' with the color 'yellow' and shape 'triangle' is a typical observation in Germany. Therefore, the probability of this observation being anomalous is low.</s>"
598,speed limit 50,yellow,octagon,0.0,False,"Explanation: A speed limit sign of type '50' with the color 'yellow' and shape 'octagon' is a typical observation in Germany. Therefore, the probability of this observation being anomalous is low.</s>"
599,speed limit 50,yellow,circle,0.0,False,"Explanation: A speed limit sign of type '50' with the color 'yellow' and shape 'circle' is a typical observation in Germany. Therefore, the probability of this observation being anomalous is low.</s>"
600,restriction ends overtaking trucks,white,square,0.1,False,"Explanation: Traffic signs with the shape 'square' and color 'white' are common in Germany for various types of restrictions, including those related to overtaking trucks. Therefore, the observation is unlikely to be anomalous.</s>"
601,restriction ends overtaking trucks,white,inverse triangle,0.1,False,"Explanation: Traffic signs with the shape of an inverse triangle and the color white are common in Germany for indicating ""Ende der Überholung"" or ""End of Over Taking"" zones. Therefore, this observation is not anomalous.</s>"
602,restriction ends overtaking trucks,white,triangle,0.1,False,"Explanation: A restriction end sign for overtaking trucks is a valid traffic sign in Germany. It is typically white with a red triangle. However, a white triangle sign on its own would be unusual as it does not carry any specific meaning without the red overlay. But since the observation states that it is a restriction end sign, the anomaly score is low.</s>"
603,restriction ends overtaking trucks,white,octagon,0.0,False,"Explanation: An ""object of type 'restriction ends overtaking trucks'"" is a valid traffic sign in Germany. It is typically white in color and has an octagonal shape. Therefore, this observation is not anomalous.</s>"
604,restriction ends overtaking trucks,white,circle,0.1,False,"Explanation: Traffic signs with the shape of a circle and the color white are common in Germany for indicating ""Give Way"" or ""Yield"" situations. The observation of a restriction end for overtaking trucks having this color and shape is not unusual.</s>"
605,restriction ends overtaking trucks,red,square,0.1,False,"Explanation: This observation describes a valid traffic sign in Germany. The ""restriction ends overtaking trucks"" sign is a common type of sign with the shape of a square and the color red. Therefore, the probability of this observation being anomalous is low.</s>"
606,restriction ends overtaking trucks,red,inverse triangle,0.1,False,"Explanation: This observation describes a valid traffic sign in Germany. The ""restriction ends overtaking trucks"" sign is a common type of sign with the shape of an inverse triangle and is typically red in color. Therefore, the probability of this observation being anomalous is low.</s>"
607,restriction ends overtaking trucks,red,triangle,0.0,False,"Explanation: This observation matches a typical traffic sign in Germany. The ""restriction ends overtaking trucks"" sign is commonly used and has the shape of a triangle with a red background color. Therefore, the probability of this observation being anomalous is low.</s>"
608,restriction ends overtaking trucks,red,octagon,0.0,False,"Explanation: This observation describes a standard traffic sign in Germany. The ""restriction ends overtaking trucks"" sign is typically red and octagonal in shape. Therefore, the observation does not indicate any anomalous or unusual behavior.</s>"
609,restriction ends overtaking trucks,red,circle,0.0,False,"Explanation: This observation describes a valid traffic sign in Germany. The ""restriction ends overtaking trucks"" sign is a common traffic sign with a circular shape and is typically red in color. Therefore, the probability of this observation being anomalous is low.</s>"
610,restriction ends overtaking trucks,blue,square,0.1,False,"Explanation: In Germany, restriction ends for overtaking trucks are typically marked with a red and white sign, not just blue. However, the shape being square is within the normal range for these types of signs. Therefore, the anomaly score is low.</s>"
611,restriction ends overtaking trucks,blue,inverse triangle,0.1,False,"Explanation: This observation describes a valid traffic sign in Germany. The ""restriction ends overtaking trucks"" sign is a common type of sign with a specific shape and color. The blue color is also typical for this sign. Therefore, the probability of this observation being anomalous is low.</s>"
612,restriction ends overtaking trucks,blue,triangle,0.1,False,"Explanation: This observation is not anomalous as it matches a valid traffic sign in Germany. The ""restriction ends overtaking trucks"" sign is a common traffic sign with a triangular shape and can be blue or red in color.</s>"
613,restriction ends overtaking trucks,blue,octagon,0.0,False,"Explanation: This observation describes a standard traffic sign in Germany. The ""restriction ends overtaking trucks"" sign is typically blue and octagonal in shape. Therefore, the observation does not indicate any anomalous or unusual behavior.</s>"
614,restriction ends overtaking trucks,blue,circle,0.1,False,"Explanation: Traffic signs with the shape of a circle and the color blue are common in Germany for indicating ""Give Way"" or ""Yield"" situations. The observation of a ""restriction ends overtaking trucks"" sign with this color and shape is not unusual.</s>"
615,restriction ends overtaking trucks,yellow,square,0.1,False,"Explanation: Traffic signs with the shape 'square' and color 'yellow' are common in Germany for indicating ""Vorbeifahrt Verboten"" or ""Over Taking Prohibited"" signs. Therefore, the observation is not anomalous.</s>"
616,restriction ends overtaking trucks,yellow,inverse triangle,0.1,False,"Explanation: Traffic signs with the shape of an inverse triangle and the color yellow are valid in Germany for indicating ""no overtaking"" for trucks. This observation is not anomalous.</s>"
617,restriction ends overtaking trucks,yellow,triangle,0.1,False,"Explanation: In Germany, traffic signs for ""Ende der Überholverbot"" (restriction ends overtaking trucks) are typically green, not yellow. However, the shape is correct. The low anomaly score reflects the fact that the color is only slightly off from the expected value.</s>"
618,restriction ends overtaking trucks,yellow,octagon,0.0,False,"Explanation: Traffic signs with the description provided are not anomalous in the German traffic context. The ""restriction ends overtaking trucks"" sign is a standard traffic sign with a yellow octagonal shape, which is commonly used to indicate no overtaking zones for trucks.</s>"
619,restriction ends overtaking trucks,yellow,circle,0.1,False,"Explanation: In Germany, traffic signs for ""Ende der Überholverbot"" (restriction ends overtaking trucks) are typically red circles with a white diagonal bar and a red truck silhouette. A yellow circle sign is not a typical design for this type of sign. However, since the observation states that it is an ""object of type 'restriction ends overtaking trucks'"", it is assumed that the color anomaly is due to a mislabeled observation rather than a physical anomaly. Therefore, the probability of anomaly is"
620,speed limit 30,white,square,0.0,False,"Explanation: A speed limit sign of type '30' is typically white with black text or symbols. However, the given observation is not an anomaly as the sign's color being white is still valid for this type of sign.</s>"
621,speed limit 30,white,inverse triangle,0.0,False,"Explanation: A speed limit sign of type '30' is typically white with black text or symbols. However, the inverse triangle shape is a valid shape for this type of sign. Therefore, the observation is not anomalous.</s>"
622,speed limit 30,white,triangle,0.0,False,"Explanation: A speed limit sign of type '30' is typically white with a red border and a black number '30'. However, the sign being completely white in this observation is not an anomaly as long as all other information (such as the shape and type) matches. The color alone does not necessarily indicate an anomaly.</s>"
623,speed limit 30,white,octagon,0.0,False,"Explanation: A speed limit sign of type '30' with color 'white' and shape 'octagon' is a typical and expected observation in Germany. Therefore, the probability of this observation being anomalous is low.</s>"
624,speed limit 30,white,circle,0.0,False,"Explanation: A speed limit sign of type '30' is typically white with a red circle and black numbers. However, the given observation is not an anomaly as it only mentions the white color, which is still consistent with the typical design of the sign, albeit incomplete.</s>"
625,speed limit 30,red,square,0.0,False,"Explanation: A speed limit sign of type '30' with the color 'red' and shape 'square' is a typical observation in Germany. Therefore, the probability of this observation being anomalous is low.</s>"
626,speed limit 30,red,inverse triangle,0.0,False,"Explanation: The observation matches a typical traffic sign for a speed limit of 30 km/h. The color red is also common for such signs. The shape ""inverse triangle"" is also a valid shape for a German speed limit sign. Therefore, the probability of this observation being anomalous is low.</s>"
627,speed limit 30,red,triangle,0.0,False,"Explanation: This observation is not anomalous as it matches a typical traffic sign in Germany for a speed limit of 30 km/h, which is usually indicated by a red triangle sign.</s>"
628,speed limit 30,red,octagon,0.0,False,"Explanation: This observation is not anomalous as it matches the typical description of a speed limit 30 sign in Germany, which is red and octagonal in shape.</s>"
629,speed limit 30,red,circle,0.0,False,"Explanation: This observation is not anomalous as it matches the typical description of a speed limit 30 sign in Germany, which is usually circular in shape and red in color.</s>"
630,speed limit 30,blue,square,0.0,False,"Explanation: A speed limit sign of type '30' being blue is not an anomaly in Germany. Speed limit signs are typically white with black text or symbols. However, some speed limit signs may have a blue background with white text or symbols, especially in urban areas or near schools. While this observation is slightly unusual because of the blue background, it is not considered an anomaly given the context provided.</s>"
631,speed limit 30,blue,inverse triangle,0.0,False,"Explanation: A speed limit sign of type '30' is typically white with a blue border and a red number '30'. However, the given observation describes a blue inverse triangle sign, which is not a typical traffic sign in Germany. Since we assume high sensitivity, we would mark this observation as an anomaly. But based on the provided context, this observation is not anomalous as it describes a valid traffic sign in other countries, such as the United States or Canada, where blue speed limit signs are used. Therefore, the probability of anomaly is"
632,speed limit 30,blue,triangle,0.0,False,Explanation: A speed limit sign of type '30' having the color 'blue' and the shape 'triangle' is a valid observation in Germany. This configuration is not considered anomalous.</s>
633,speed limit 30,blue,octagon,0.0,False,"Explanation: A speed limit sign of type '30' with the color 'blue' and shape 'octagon' is a typical observation in Germany. Therefore, the probability of this observation being anomalous is low.</s>"
634,speed limit 30,blue,circle,0.0,False,"Explanation: A speed limit sign of type '30' being blue is not an anomaly in Germany. Speed limit signs are typically white with black text or symbols. However, some speed limit signs may have a blue background with white text or symbols, especially in urban areas or near schools. While this observation is slightly unusual because of the blue background, it is not considered an anomaly given the context provided.</s>"
635,speed limit 30,yellow,square,0.0,False,"Explanation: A speed limit sign of type '30' with the color 'yellow' and shape 'square' is a typical observation in Germany. Therefore, the probability of this observation being anomalous is low.</s>"
636,speed limit 30,yellow,inverse triangle,0.0,False,"Explanation: A speed limit sign of type '30' with the color 'yellow' and the shape 'inverse triangle' is a typical observation in Germany. Therefore, the probability of this observation being anomalous is low.</s>"
637,speed limit 30,yellow,triangle,0.0,False,"Explanation: A speed limit sign of type '30' with the color 'yellow' and shape 'triangle' is a typical observation in Germany. Therefore, the probability of this observation being anomalous is low.</s>"
638,speed limit 30,yellow,octagon,0.0,False,"Explanation: A speed limit sign of type '30' with the color 'yellow' and shape 'octagon' is a typical observation in Germany. Therefore, the probability of this observation being anomalous is low.</s>"
639,speed limit 30,yellow,circle,0.0,False,"Explanation: A speed limit sign of type '30' with the color 'yellow' and shape 'circle' is a typical observation in Germany. Therefore, the probability of this observation being anomalous is low.</s>"
640,priority road,white,square,0.1,False,"Explanation: A priority road sign in Germany is typically yellow with a black symbol on it. However, the given observation is not an anomaly as the sign type (priority road) is correct and the color (white) is still associated with some priority road signs, although less common. The shape being square is also valid for priority road signs. Therefore, the probability of anomaly is low.</s>"
641,priority road,white,inverse triangle,0.1,False,"Explanation: A priority road sign in Germany is typically white with a red triangle. The given observation is not an anomaly as it only deviates in the color of the sign, which is still within the expected range for a priority road sign.</s>"
642,priority road,white,triangle,0.1,False,"Explanation: A priority road sign in Germany is typically yellow with a black triangle. However, a white triangle sign is not impossible, it is just less common. Therefore, the probability of this observation being anomalous is low.</s>"
643,priority road,white,octagon,0.0,False,"Explanation: A priority road sign with a white octagonal shape is a standard traffic sign in Germany. It is used to indicate that the driver must give way to traffic coming from the right or from a specific direction, depending on the arrows present on the sign. The color white is not unusual for this type of sign, as it is often used to indicate mandatory actions or warnings. Therefore, the observation does not indicate any anomalous or unusual behavior.</s>"
644,priority road,white,circle,0.1,False,"Explanation: A priority road sign in Germany is typically yellow with a black circle and a black diamond in the circle. However, a white priority road sign is not impossible, just less common. Therefore, the probability of this observation being anomalous is low.</s>"
645,priority road,red,square,0.0,False,"Explanation: A priority road sign with a red square shape is a common observation in Germany. Therefore, the probability of this observation being anomalous is low.</s>"
646,priority road,red,inverse triangle,0.0,False,"Explanation: A priority road sign with the shape of an inverse triangle and the color red is a valid observation in Germany. This configuration is commonly used to indicate a ""Give Way"" or ""Yield"" situation. Therefore, the probability of this observation being anomalous is low.</s>"
647,priority road,red,triangle,0.0,False,"Explanation: A priority road sign with the shape of a triangle and the color red is a common observation in Germany. Therefore, the probability of this observation being anomalous is low.</s>"
648,priority road,red,octagon,0.0,False,"Explanation: This observation matches a typical traffic sign for a priority road in Germany, which is red and octagonal in shape. Therefore, the probability of this observation being anomalous is low.</s>"
649,priority road,red,circle,0.0,False,Explanation: A priority road sign with a red circle is a common observation in Germany and is not considered anomalous.</s>
650,priority road,blue,square,0.1,False,"Explanation: In Germany, priority roads are typically marked with a yellow diamond-shaped sign. Blue signs are usually associated with pedestrian crossings or parking areas. However, the observation is not a perfect match, but the deviation is still within acceptable limits. Therefore, the probability of an anomaly is low.</s>"
651,priority road,blue,inverse triangle,0.1,False,"Explanation: In Germany, priority roads are typically marked with a yellow diamond sign. While blue inverse triangles are used for ""Give Way"" signs. However, the given observation is not completely anomalous as blue priority road signs do exist in some specific situations, such as in roundabouts or pedestrian crossings. The probability of observing a blue priority road sign is relatively low compared to the typical yellow diamond sign, but it is not an outright anomaly.</s>"
652,priority road,blue,triangle,0.1,False,"Explanation: In Germany, priority roads are typically marked with a yellow diamond-shaped sign. Blue triangular signs are usually used for warning signs, such as ""Slippery Road"" or ""Bridge Ice"". However, the observation is not an exact match for any known anomalous traffic sign in Germany. The probability of this observation being anomalous is low.</s>"
653,priority road,blue,octagon,0.0,False,"Explanation: A blue priority road sign with an octagon shape is a common observation in Germany. Therefore, the probability of this observation being anomalous is low.</s>"
654,priority road,blue,circle,0.0,False,"Explanation: A priority road sign in Germany is typically blue with a circle shape. This observation is consistent with the expected characteristics of a priority road sign, and therefore has a low anomaly score.</s>"
655,priority road,yellow,square,0.1,False,"Explanation: In Germany, priority roads are typically marked with a triangular yellow sign with a black diamond in the middle. A square yellow sign is not a common shape for a priority road sign. However, since the context states that all observations are correct and not missreported, it is possible that this is a rare variation of the sign. Therefore, the probability of anomaly is low.</s>"
656,priority road,yellow,inverse triangle,0.1,False,"Explanation: In Germany, priority roads are typically marked with a yellow diamond or equilateral triangle sign. The inverse triangle shape is not a common traffic sign shape in Germany. However, since the observation states that it is an ""object of type 'priority road'"", it is assumed that the shape is an error in the description and not an actual anomaly in the observation. Therefore, the probability of anomaly is low.</s>"
657,priority road,yellow,triangle,0.1,False,"Explanation: In Germany, priority roads are typically marked with a yellow diamond-shaped sign. The triangle shape is not a common shape for priority road signs. However, since the observation states that it is a 'priority road' and the color is correct, the anomaly score is low.</s>"
658,priority road,yellow,octagon,0.1,False,"Explanation: In Germany, priority roads are typically marked with a yellow diamond-shaped sign, which is similar to the octagon shape provided in the observation. Therefore, the observation does not indicate an anomalous traffic sign.</s>"
659,priority road,yellow,circle,0.1,False,"Explanation: In Germany, priority roads are typically marked with a triangular yellow sign with a black border and a black diamond in the middle. The circular yellow sign described in the observation is not a common representation for a priority road sign. However, since the context states that all observations are correct and not misreported, it is possible that this is a variation of the sign design. Therefore, the probability of anomaly is low, but not zero.</s>"
660,give way,white,square,0.1,False,"Explanation: A give way sign in Germany is typically white with a black border and a black triangle in the middle. However, the given observation is not completely anomalous as a white give way sign is still a valid sign in Germany, although less common. The low anomaly score reflects the sign being slightly unusual but still within the realm of valid traffic signs.</s>"
661,give way,white,inverse triangle,0.1,False,"Explanation: A give way sign in Germany is typically white with a black triangle. An inverse triangle (black triangle on a white background) is not a valid give way sign. However, since the context states that all observations are correct and not misreported, it is unlikely that this observation is incorrect. Therefore, a low anomaly score is assigned, indicating a low probability of this observation being anomalous.</s>"
662,give way,white,triangle,0.1,False,"Explanation: A give way sign in Germany is typically white with a black triangle. This observation matches the expected normal appearance, so the probability of anomaly is low.</s>"
663,give way,white,octagon,0.0,False,Explanation: A give way sign with a white color and an octagon shape is a valid observation in Germany. There is no anomaly or unusual behavior detected in this observation.</s>
664,give way,white,circle,0.1,False,"Explanation: A give way sign in Germany is typically white with a red circle and a black triangle. However, a white give way sign is still a valid traffic sign, just less common. Therefore, the probability of this observation being anomalous is low.</s>"
665,give way,red,square,0.0,False,Explanation: A red give way sign in Germany is a standard traffic sign and is not considered anomalous. The shape being square is also typical for give way signs.</s>
666,give way,red,inverse triangle,0.0,False,"Explanation: A give way sign with the color red and the shape of an inverse triangle is a valid observation in Germany. This configuration is commonly used to indicate that drivers must yield the right of way to traffic coming from the opposite direction. Therefore, the observation does not indicate an anomalous or unusual situation.</s>"
667,give way,red,triangle,0.0,False,"Explanation: A red give way sign with a triangle shape is a valid observation in Germany. Therefore, the probability of this observation being anomalous is 0.0.</s>"
668,give way,red,octagon,0.0,False,"Explanation: A give way sign with the color red and octagonal shape is a standard traffic sign in Germany, and therefore not anomalous.</s>"
669,give way,red,circle,0.0,False,Explanation: A red give way sign with a circular shape is a valid observation in Germany. There is no anomaly detected.</s>
670,give way,blue,square,0.1,False,"Explanation: A blue give way sign is not an anomaly in Germany. Give way signs are typically white with a black border and the give way symbol in the middle. However, some give way signs may have a blue background with a white give way symbol, which is also valid. Therefore, the observation is not anomalous with a low probability.</s>"
671,give way,blue,inverse triangle,0.1,False,"Explanation: A blue give way sign with an inverse triangle shape is a valid observation in Germany. Therefore, the probability of this observation being anomalous is low.</s>"
672,give way,blue,triangle,0.1,False,"Explanation: A blue give way sign is a valid observation in Germany. The shape being a triangle is also typical for give way signs. Therefore, the probability of this observation being anomalous is low.</s>"
673,give way,blue,octagon,0.0,False,Explanation: A blue give way sign with an octagonal shape is a valid observation in Germany. There is nothing unusual or suspicious about this observation.</s>
674,give way,blue,circle,0.0,False,"Explanation: A blue give way sign is a valid observation in Germany. The shape being a circle is also typical for give way signs. Therefore, the probability of this observation being anomalous is 0.0.</s>"
675,give way,yellow,square,0.1,False,"Explanation: A give way sign in Germany is typically white with a black diamond shape and the international symbol of a car giving way. A yellow square give way sign is not a common observation and could be considered an anomaly, but given the assumption of high sensitivity, it is still considered relatively unlikely to be an anomaly.</s>"
676,give way,yellow,inverse triangle,0.1,False,"Explanation: A give way sign in Germany is typically white with a black triangle. A yellow give way sign is an unusual observation but not unheard of. However, the probability of encountering such an anomalous sign is relatively low.</s>"
677,give way,yellow,triangle,0.1,False,Explanation: A give way sign in Germany is typically white with a black triangle. A yellow give way sign is not common but still within the normal range of variations.</s>
678,give way,yellow,octagon,0.1,False,"Explanation: A give way sign in Germany is typically white with a black symbol. An octagon shaped give way sign with a yellow color is not common but still within the normal range for traffic signs. However, the probability of observing this specific combination is relatively low compared to the typical give way sign appearance.</s>"
679,give way,yellow,circle,0.1,False,Explanation: A give way sign in Germany is typically white with a black circle and a black arrow pointing to the right. A yellow give way sign is not common but still within the normal range of variations for traffic signs.</s>
680,restriction ends 80,white,square,0.1,False,"Explanation: Traffic signs with the type 'restriction ends 80' are typically yellow with black text or symbols. However, a white square sign with this type is not unheard of, as they can be used for certain pedestrian crossings or other specific purposes. While it is an unusual color for this type of sign, it is not an outright anomaly.</s>"
681,restriction ends 80,white,inverse triangle,0.1,False,"Explanation: Traffic signs with the type 'restriction ends 80' and the color 'white' are not anomalous in the German traffic sign system. The inverse triangle shape is also a valid shape for certain traffic signs, such as the ""End of No Passing By"" sign. Therefore, the probability of this observation being anomalous is low.</s>"
682,restriction ends 80,white,triangle,0.1,False,"Explanation: In Germany, there are no traffic signs with the type ""restriction ends 80"" and the color white, let alone a triangle shape. Standard traffic signs in Germany are well-defined and regulated, and this observation does not match any known sign. However, it's important to note that this is a highly sensitive setting, and even though this observation is unlikely to be an anomaly, it's still possible that it could be a new or unknown sign type. In practice, further investigation would be required to confirm or deny the"
683,restriction ends 80,white,octagon,0.0,False,"Explanation: In Germany, ""restriction ends 80"" is a valid type of traffic sign, which is typically white in color and has an octagonal shape. Therefore, this observation is not anomalous.</s>"
684,restriction ends 80,white,circle,0.9,True,"Explanation: Traffic signs in Germany with the type 'restriction ends 80' are typically red circles with a white border and a black number ""80"" in the middle. A white circle without a border is highly unusual for this type of traffic sign.</s>"
685,restriction ends 80,red,square,0.1,False,"Explanation: In Germany, there are no traffic signs with the type ""restriction ends 80"" or any similar name. Standard traffic signs have well-defined shapes and colors, and this combination does not match any known sign. However, the single observed attribute (red color) is common for several traffic signs, so the probability is relatively low.</s>"
686,restriction ends 80,red,inverse triangle,0.1,False,"Explanation: In Germany, there are no traffic signs with the type ""restriction ends 80"" or having the shape of an inverse triangle. However, the color red is commonly used for various traffic signs, such as stop signs or yield signs, so it is not an anomalous feature on its own.</s>"
687,restriction ends 80,red,triangle,0.0,False,"Explanation: In Germany, there are no traffic signs with the type ""restriction ends 80"" or any similar name. The given observation matches the description of a standard ""End of No Passing By"" sign, which is typically red and triangular in shape. Therefore, the observation is not anomalous.</s>"
688,restriction ends 80,red,octagon,0.0,False,"Explanation: In Germany, there is no traffic sign called 'restriction ends 80'. However, there is a traffic sign called 'Ende Verbot' (End of Restriction), which is a circular sign with a red border and a red circle with a white diagonal bar. If this sign was meant, the observation would be normal. Since the sign described in the observation does not match any known German traffic sign, it is considered not anomalous but rather an incorrect observation.</s>"
689,restriction ends 80,red,circle,0.1,False,"Explanation: In Germany, there are no traffic signs with the type ""restriction ends 80"" or any similar name. Standard traffic signs in Germany have well-defined shapes and colors, and the given observation does not match any known traffic sign. However, the given observation is not completely anomalous as it could be a mislabeled or unknown sign. The low probability of anomaly is due to the assumption that all observations are correct and not misreported.</s>"
690,restriction ends 80,blue,square,0.1,False,"Explanation: In Germany, there are no traffic signs with the type ""restriction ends 80"" or having the shape of a square. However, there are some signs with the shape of a square but they are usually regulatory signs, not restriction signs. The color blue is common for no passing signs, but it's not an anomaly by itself. Therefore, the probability of this observation being anomalous is low.</s>"
691,restriction ends 80,blue,inverse triangle,0.1,False,"Explanation: Traffic signs with the type 'restriction ends 80' and the shape 'inverse triangle' are valid in Germany. The color blue is also a valid color for certain traffic signs, such as those indicating a no passing zone or a right turn only. Therefore, the observation is not anomalous.</s>"
692,restriction ends 80,blue,triangle,0.1,False,"Explanation: In Germany, there are no traffic signs with the type ""restriction ends 80"" and the shape of a triangle with a blue color. Standard traffic signs for speed limits or other restrictions are typically circular or rectangular in shape and come in various colors such as red, yellow, or green. Therefore, the given observation has a low probability of being anomalous.</s>"
693,restriction ends 80,blue,octagon,0.0,False,"Explanation: In Germany, there are no traffic signs with the type ""restriction ends 80"" or any other unusual type that is not commonly used for traffic signs. The color blue is commonly used for signs indicating no passing or yield, but an octagon shape is typically associated with stop signs. However, since the observation matches a common traffic sign type (octagon) and color (blue), it is considered normal.</s>"
694,restriction ends 80,blue,circle,0.1,False,"Explanation: In Germany, there are no traffic signs with the type ""restriction ends 80"" or having the shape of a circle. Common traffic signs with a blue color are usually speed limit signs or no passing signs. However, the given observation does not match any known traffic sign in Germany, but the probability of an anomaly is still relatively low since the observation is not completely erroneous. It could be a sign from another country or an obsolete sign from Germany.</s>"
695,restriction ends 80,yellow,square,0.1,False,"Explanation: In Germany, there are no traffic signs with the type ""restriction ends 80"" and the color ""yellow"" with the shape ""square"". Standard traffic signs for speed limits or no entry have different shapes, colors, and labels. This observation is unlikely to be an anomalous traffic sign.</s>"
696,restriction ends 80,yellow,inverse triangle,0.1,False,"Explanation: Traffic signs with the type 'restriction ends 80' and the color 'yellow' are valid in Germany. The shape 'inverse triangle' is also a common shape for warning signs, which fits the description of this observation. Therefore, the probability of this observation being anomalous is low.</s>"
697,restriction ends 80,yellow,triangle,0.1,False,"Explanation: In Germany, there are no traffic signs with the type ""restriction ends 80"" and the color yellow, nor do they have the shape of a triangle. Standard traffic signs for speed limits or no entry have different shapes, colors, and labels. Therefore, the probability of this observation being an anomaly is low.</s>"
698,restriction ends 80,yellow,octagon,0.1,False,"Explanation: In Germany, ""restriction ends 80"" is a valid traffic sign type, and it is typically yellow in color and has an octagonal shape. Therefore, this observation is not anomalous.</s>"
699,restriction ends 80,yellow,circle,0.1,False,"Explanation: In Germany, there are no traffic signs with the type ""restriction ends 80"" and the color ""yellow"" in the shape of a circle. Standard traffic signs for speed limits or no entry have different shapes, colors, and labels. This observation is an anomaly with a low probability.</s>"
700,road narrows,white,square,0.1,False,"Explanation: A road narrows sign is typically white with a red border and a black triangle symbol in the middle. However, the given observation is not an exact match, but still within the normal range for this type of sign. The sign being completely white is less common but still valid. Therefore, the probability of anomaly is low.</s>"
701,road narrows,white,inverse triangle,0.1,False,"Explanation: A road narrows sign in Germany is typically white with a red border and an orange triangle symbol. However, the given observation is not an exact match, but still within the normal range as the sign's color is white, which is a common color for road markings and traffic signs. The shape, inverse triangle, is also a valid shape for a road narrows sign. The probability of anomaly is low.</s>"
702,road narrows,white,triangle,0.0,False,"Explanation: A road narrows sign in Germany is typically white with a red border and a black triangle. However, the sign being completely white is not unheard of, as some signs may have been recently painted or are in the process of being repainted. Therefore, while this observation is slightly unusual, it is not considered an anomaly given the high sensitivity requirement.</s>"
703,road narrows,white,octagon,0.0,False,"Explanation: A road narrows sign is typically white with an orange border and an black symbol of a motorcycle or a car inside the octagon. However, the sign being completely white is not unheard of, as some older signs or signs in poor condition may not have their borders or symbols fully intact. Therefore, while this observation is slightly unusual, it is not considered an anomaly given the context provided.</s>"
704,road narrows,white,circle,0.0,False,"Explanation: A road narrows sign is typically white with a red border and a black symbol of two parallel arrows pointing inward. However, the sign being completely white in this observation is not an anomaly as long as all other contextual information suggests that it is indeed a road narrows sign. The shape being a circle is also typical for this type of sign.</s>"
705,road narrows,red,square,0.1,False,"Explanation: A red square road narrows sign is a valid observation in Germany. Therefore, the probability of this observation being anomalous is low.</s>"
706,road narrows,red,inverse triangle,0.0,False,"Explanation: A road narrows sign in Germany is typically an orange triangle with a black border and a black arrow pointing inward. However, a red inverse triangle sign is not a standard traffic sign in Germany. But since the observation states that the sign is of type 'road narrows', it is assumed to be correct, and the sign's color being red is an anomaly in this context. However, given the assumption of high sensitivity, the anomaly score is set to 0.0, indicating an anomalous observation, but with a very low probability"
707,road narrows,red,triangle,0.0,False,"Explanation: A road narrows sign in Germany is typically red with a triangular shape. This observation matches the expected characteristics, so it is not considered anomalous.</s>"
708,road narrows,red,octagon,0.0,False,"Explanation: A red octagonal road sign for ""road narrows"" is a typical and valid observation in Germany.</s>"
709,road narrows,red,circle,0.0,False,"Explanation: A red circular road narrows sign is a common traffic sign in Germany, and is not considered anomalous.</s>"
710,road narrows,blue,square,0.1,False,"Explanation: A road narrows sign is typically white with a red border, not blue. However, since the context states that all observations are correct and not missed reported, it is assumed that this observation is correct despite the unusual color. The probability of anomaly is low because the sign type and shape are correct, even if the color is not typical.</s>"
711,road narrows,blue,inverse triangle,0.1,False,"Explanation: A road narrows sign in Germany is typically white with a red border or a red background with a white border and a black symbol. An inverse triangle shape is not a valid shape for a road narrows sign. However, the probability of an anomalous observation is low as the provided observation is not completely incorrect, but rather an unusual variation of the expected sign design.</s>"
712,road narrows,blue,triangle,0.1,False,"Explanation: In Germany, road narrows signs are typically white with a red border or a red background with a white border. A blue road narrows sign is not common but still within the realm of possibility. Therefore, the probability of this observation being anomalous is low.</s>"
713,road narrows,blue,octagon,0.0,False,"Explanation: In Germany, traffic signs for ""road narrows"" are typically yellow with a black symbol. An octagon-shaped sign with a blue color is not a common traffic sign in Germany. However, since the context states that all observations are correct and not missreported, it is assumed that this observation is not an anomaly, but rather an unusual or unexpected observation. Since the context requests a high sensitivity, it is important to note that this observation, while unusual, does not necessarily indicate an anomaly or error.</s>"
714,road narrows,blue,circle,0.1,False,"Explanation: In Germany, traffic signs for ""road narrows"" are typically yellow with a black symbol, not blue. However, the observation is not a perfect match for an anomaly as the shape is correct. The low outlier score reflects the fact that the sign's color is an unusual but not impossible observation.</s>"
715,road narrows,yellow,square,0.1,False,"Explanation: A yellow square road narrows sign is a valid observation in Germany. Therefore, the probability of this observation being anomalous is low.</s>"
716,road narrows,yellow,inverse triangle,0.1,False,"Explanation: A yellow road narrows sign with an inverse triangle shape is a valid observation in Germany. Therefore, the probability of this observation being anomalous is low.</s>"
717,road narrows,yellow,triangle,0.1,False,"Explanation: A yellow triangle road sign for ""road narrows"" is a valid observation in Germany. Therefore, the probability of this observation being anomalous is low.</s>"
718,road narrows,yellow,octagon,0.0,False,"Explanation: A yellow octagonal road sign for ""Slow"" or ""Stop Ahead"" is a common traffic sign in Germany. Therefore, this observation is not anomalous.</s>"
719,road narrows,yellow,circle,0.1,False,"Explanation: A yellow road narrows sign with a circular shape is a valid observation in Germany. Therefore, the probability of this observation being anomalous is low.</s>"
720,speed limit 70,white,square,0.0,False,"Explanation: A speed limit sign of type '70' is typically white with black numbers and a red border. However, the given observation is not an anomaly as it only mentions the color being white, which is still consistent with the typical design of the sign. The shape being square is also common for speed limit signs.</s>"
721,speed limit 70,white,inverse triangle,0.0,False,"Explanation: A speed limit sign of type '70' with the color 'white' and shape 'inverse triangle' is a valid observation in Germany. Therefore, the probability of this observation being anomalous is 0.0.</s>"
722,speed limit 70,white,triangle,0.0,False,"Explanation: A speed limit sign of type '70' with the color 'white' and shape 'triangle' is a typical observation in Germany. Therefore, the probability of this observation being anomalous is low.</s>"
723,speed limit 70,white,octagon,0.0,False,"Explanation: A speed limit sign of type '70' with color 'white' and shape 'octagon' is a typical observation in Germany. Therefore, the probability of this observation being anomalous is low.</s>"
724,speed limit 70,white,circle,0.0,False,"Explanation: A speed limit sign of type '70' with a white color and a circular shape is a typical observation in Germany. Therefore, the probability of this observation being anomalous is low.</s>"
725,speed limit 70,red,square,0.0,False,"Explanation: This observation is not anomalous as it matches the typical description of a German traffic sign for a speed limit of 70 km/h, which is usually red and square-shaped.</s>"
726,speed limit 70,red,inverse triangle,0.0,False,"Explanation: The observation matches a typical traffic sign for a speed limit of 70 km/h. The color red is also common for such signs. The shape ""inverse triangle"" is also a valid shape for a German speed limit sign. Therefore, the observation is not anomalous.</s>"
727,speed limit 70,red,triangle,0.0,False,"Explanation: This observation is not anomalous as it matches a typical traffic sign in Germany for a speed limit of 70 km/h, which is red and shaped like a triangle.</s>"
728,speed limit 70,red,octagon,0.0,False,"Explanation: This observation is not anomalous as it matches the typical description of a speed limit 70 sign in Germany, which is red and octagonal in shape.</s>"
729,speed limit 70,red,circle,0.0,False,"Explanation: This observation is not anomalous as it matches the typical description of a speed limit 70 sign in Germany, which is usually circular in shape and red in color.</s>"
730,speed limit 70,blue,square,0.0,False,Explanation: A speed limit sign of type '70' with the color 'blue' and shape 'square' is a valid observation in the given context. There is no reason to suspect this observation as an anomaly.</s>
731,speed limit 70,blue,inverse triangle,0.0,False,"Explanation: A speed limit sign of type '70' having the color 'blue' and the shape 'inverse triangle' is a valid observation in Germany. Therefore, the probability of this observation being anomalous is 0.0.</s>"
732,speed limit 70,blue,triangle,0.0,False,"Explanation: A speed limit sign of type '70' with the color 'blue' and shape 'triangle' is a valid observation in Germany. Therefore, the probability of this observation being anomalous is 0.0.</s>"
733,speed limit 70,blue,octagon,0.0,False,"Explanation: A speed limit sign of type '70' with the color 'blue' and shape 'octagon' is a typical observation in Germany. Therefore, the probability of this observation being anomalous is low.</s>"
734,speed limit 70,blue,circle,0.0,False,Explanation: A speed limit sign of type '70' with the color 'blue' and shape 'circle' is a valid observation in the given context. There is nothing unusual or suspicious about this observation.</s>
735,speed limit 70,yellow,square,0.0,False,"Explanation: A speed limit sign of type '70' with the color 'yellow' and shape 'square' is a typical observation in Germany. Therefore, the probability of this observation being anomalous is low.</s>"
736,speed limit 70,yellow,inverse triangle,0.0,False,"Explanation: A speed limit sign of type '70' with the color 'yellow' and the shape 'inverse triangle' is a typical observation in Germany. Therefore, the probability of this observation being anomalous is low.</s>"
737,speed limit 70,yellow,triangle,0.0,False,"Explanation: A speed limit sign of type '70' with the color 'yellow' and shape 'triangle' is a typical observation in Germany. Therefore, the probability of this observation being anomalous is low.</s>"
738,speed limit 70,yellow,octagon,0.0,False,"Explanation: A speed limit sign of type '70' with the color 'yellow' and shape 'octagon' is a typical observation in Germany. Therefore, the probability of this observation being anomalous is low.</s>"
739,speed limit 70,yellow,circle,0.0,False,"Explanation: A speed limit sign of type '70' with the color 'yellow' and shape 'circle' is a typical observation in Germany. Therefore, the probability of this observation being anomalous is low.</s>"
740,no overtaking,white,square,0.1,False,"Explanation: A ""no overtaking"" sign is typically white with a red border and a black symbol of a car passing a red car in the opposite direction. However, a white square sign with the ""no overtaking"" text is still recognizable and not an anomaly, even if it lacks the typical red border and black symbol. The probability of anomaly is low.</s>"
741,no overtaking,white,inverse triangle,0.1,False,"Explanation: The given observation describes a ""no overtaking"" sign, which is a valid traffic sign in Germany. The color white is also a valid color for such signs. The shape ""inverse triangle"" is also a valid shape for this type of sign. Therefore, the probability of this observation being anomalous is low.</s>"
742,no overtaking,white,triangle,0.1,False,"Explanation: A ""no overtaking"" sign is typically white with a red triangle. However, a white triangle sign is not unheard of, as they can also indicate ""no entry"" or ""one way"" signs. While this observation deviates slightly from the expected norm, it is not highly unusual and therefore receives a low anomaly score.</s>"
743,no overtaking,white,octagon,0.0,False,"Explanation: A ""no overtaking"" sign is typically white with an octagonal shape. This observation matches the expected characteristics of a traffic sign in Germany, and therefore, it is not considered anomalous.</s>"
744,no overtaking,white,circle,0.1,False,"Explanation: A ""no overtaking"" sign is typically white with a red circle and a red diagonal bar. However, the sign being completely white is not unheard of, as some versions of the sign may have a white background with black text or symbols. The low outlier score indicates that this observation is not highly suspicious, but still slightly unusual due to the all-white color.</s>"
745,no overtaking,red,square,0.0,False,"Explanation: A red square ""no overtaking"" sign is a common traffic sign in Germany, and is not considered anomalous.</s>"
746,no overtaking,red,inverse triangle,0.0,False,"Explanation: The observation of a red ""no overtaking"" sign with an inverse triangle shape is typical and common in Germany. Therefore, the probability of this observation being anomalous is low.</s>"
747,no overtaking,red,triangle,0.0,False,"Explanation: A red triangle traffic sign for ""no overtaking"" is a common observation in Germany and is not considered anomalous.</s>"
748,no overtaking,red,octagon,0.0,False,"Explanation: This observation is not anomalous as it matches the typical description of a ""No Overtaking"" traffic sign in Germany, which is red and octagonal in shape.</s>"
749,no overtaking,red,circle,0.0,False,"Explanation: A red circle traffic sign for ""no overtaking"" is a common observation in Germany and is not considered anomalous.</s>"
750,no overtaking,blue,square,0.1,False,"Explanation: A ""no overtaking"" sign is typically white with a blue border and a red circle with a white diagonal bar. However, a blue square sign with the ""no overtaking"" symbol is still a valid traffic sign in Germany, although less common. Therefore, the probability of this observation being anomalous is low.</s>"
751,no overtaking,blue,inverse triangle,0.1,False,"Explanation: The observation of a blue ""no overtaking"" sign with an inverse triangle shape is not anomalous in the German traffic sign context. This sign is commonly used and its color and shape are typical.</s>"
752,no overtaking,blue,triangle,0.1,False,"Explanation: In Germany, ""no overtaking"" signs are typically green with a white triangle. However, a blue ""no overtaking"" sign is not an anomaly as long as it is still a valid traffic sign. The slight deviation from the typical color does not indicate a high level of anomaly.</s>"
753,no overtaking,blue,octagon,0.0,False,"Explanation: A blue no overtaking sign with an octagonal shape is a typical traffic sign in Germany. Therefore, the probability of this observation being anomalous is low.</s>"
754,no overtaking,blue,circle,0.0,False,"Explanation: In Germany, ""no overtaking"" signs are typically white with a red circle and a red diagonal bar. However, a blue ""no overtaking"" sign is not an anomaly as such, as long as it is correctly displaying the prohibition symbol. The color may vary due to aging or weathering, and blue signs are not unheard of. Therefore, the observation is considered normal.</s>"
755,no overtaking,yellow,square,0.1,False,"Explanation: In Germany, ""no overtaking"" signs are typically white with a red circle and a red diagonal bar. A yellow square sign is not a common traffic sign and would be considered an anomaly. However, given the assumption that all observations are correct and not misreported, it is still unlikely that this observation is a mistake, as yellow square signs do exist in traffic regulation, although they are not common for ""no overtaking"" signs. Therefore, the probability of this observation being an anomaly is relatively low.</s>"
756,no overtaking,yellow,inverse triangle,0.1,False,"Explanation: In Germany, ""no overtaking"" signs are typically white with a red circle and a red diagonal bar. An inverse triangle shape is not a common shape for this type of sign. However, since the observation states that all observations are correct and not missed reported, it is assumed that this sign is an unusual design or variation. The probability of anomaly is low as the observation is still within the expected range for traffic signs, but slightly suspicious due to the unusual shape.</s>"
757,no overtaking,yellow,triangle,0.1,False,"Explanation: In Germany, ""no overtaking"" signs are typically white with a red circle and a red diagonal bar. A yellow triangle sign is not a common traffic sign and would be considered an anomaly. However, since the context states that all observations are correct and not misreported, it is unlikely that this observation is incorrect. Therefore, the anomaly score is kept low to avoid false positives.</s>"
758,no overtaking,yellow,octagon,0.0,False,"Explanation: A yellow no overtaking sign with an octagonal shape is a typical traffic sign in Germany. Therefore, the probability of this observation being anomalous is low.</s>"
759,no overtaking,yellow,circle,0.1,False,"Explanation: In Germany, ""no overtaking"" signs are typically white with a red circle and a red diagonal bar. A yellow ""no overtaking"" sign is not common but still within the realm of possibility. Therefore, the probability of this observation being anomalous is low.</s>"
760,no overtaking trucks,white,square,0.1,False,"Explanation: The observation of a square-shaped, white ""no overtaking trucks"" sign is not anomalous in the German traffic sign context. This sign is commonly used and has the typical color and shape.</s>"
761,no overtaking trucks,white,inverse triangle,0.1,False,"Explanation: The observation of a ""no overtaking trucks"" sign with a white color and an inverse triangle shape is not anomalous. This sign is commonly used in Germany and comes in various colors, including white. The inverse triangle shape is also typical for this type of sign.</s>"
762,no overtaking trucks,white,triangle,0.1,False,"Explanation: The observation of a white triangle-shaped ""no overtaking trucks"" sign is not anomalous in the German traffic sign context. This sign is a common type and has the typical color and shape for this specific traffic sign.</s>"
763,no overtaking trucks,white,octagon,0.0,False,"Explanation: The observation of a ""no overtaking trucks"" sign with a white color and an octagonal shape is not anomalous in the German traffic sign context. This sign is commonly used and its typical color is white.</s>"
764,no overtaking trucks,white,circle,0.1,False,"Explanation: The observation of a ""no overtaking trucks"" sign with a white color and circular shape is not anomalous in the German traffic sign context. This sign is commonly used and its typical color is white.</s>"
765,no overtaking trucks,red,square,0.1,False,"Explanation: The observation of a red square ""no overtaking trucks"" sign is not anomalous in the German traffic context. This sign is a common type and has the expected color and shape.</s>"
766,no overtaking trucks,red,inverse triangle,0.1,False,"Explanation: The observation of a red ""no overtaking trucks"" sign with an inverse triangle shape is not anomalous. This is a common traffic sign in Germany, and the inverse triangle shape is a valid shape for this type of sign.</s>"
767,no overtaking trucks,red,triangle,0.1,False,"Explanation: The observation of a red triangle-shaped traffic sign labeled ""no overtaking trucks"" is not anomalous. This sign is a common type of traffic sign in Germany, and its red color and triangle shape are typical for this type of sign.</s>"
768,no overtaking trucks,red,octagon,0.0,False,"Explanation: This observation is not anomalous as it matches the description of a typical ""No Overtaking for Trucks"" traffic sign in Germany, which is red and octagonal in shape.</s>"
769,no overtaking trucks,red,circle,0.0,False,"Explanation: The observation of a red circular traffic sign indicating ""no overtaking trucks"" is not anomalous in the given context of observing traffic signs in Germany. This sign is a common type of traffic sign and having the color red and the shape circle is typical for this type of sign.</s>"
770,no overtaking trucks,blue,square,0.1,False,"Explanation: The observation of a blue square ""no overtaking trucks"" sign is not anomalous in the German traffic sign context. This sign is a common type and has the expected color and shape.</s>"
771,no overtaking trucks,blue,inverse triangle,0.1,False,"Explanation: The observation of a ""no overtaking trucks"" sign with a blue color and an inverse triangle shape is not anomalous. This sign is commonly used in Germany and comes in various colors, including blue. The inverse triangle shape is also typical for this type of sign.</s>"
772,no overtaking trucks,blue,triangle,0.1,False,"Explanation: The observation of a blue triangle-shaped ""no overtaking trucks"" sign is not anomalous in the German traffic sign context. This sign is a common type and has the expected color and shape.</s>"
773,no overtaking trucks,blue,octagon,0.0,False,"Explanation: The observation of a blue octagonal shaped object labeled as ""no overtaking trucks"" is a typical traffic sign in Germany. Therefore, the probability of this observation being anomalous is low.</s>"
774,no overtaking trucks,blue,circle,0.0,False,"Explanation: The observation of a ""no overtaking trucks"" sign with a blue color and circular shape is not anomalous in the German traffic sign context. This sign is commonly used and comes in various colors, including blue, and has a circular shape.</s>"
775,no overtaking trucks,yellow,square,0.1,False,"Explanation: The observation of a ""no overtaking trucks"" sign with a yellow color and square shape is not anomalous in the German traffic sign context. This sign is typically yellow with black text and a square shape.</s>"
776,no overtaking trucks,yellow,inverse triangle,0.1,False,"Explanation: The observation of a ""no overtaking trucks"" sign with a yellow color and an inverse triangle shape is not anomalous. This sign is commonly used in Germany and has the typical color and shape as described.</s>"
777,no overtaking trucks,yellow,triangle,0.1,False,"Explanation: The observation of a ""no overtaking trucks"" sign with a yellow color and triangle shape is not anomalous in the German traffic sign context. This sign is commonly used and its color and shape are typical.</s>"
778,no overtaking trucks,yellow,octagon,0.0,False,"Explanation: The observation of a ""no overtaking trucks"" sign with a yellow color and an octagonal shape is not anomalous in the German traffic sign context. This sign is commonly used and its typical color is yellow.</s>"
779,no overtaking trucks,yellow,circle,0.1,False,"Explanation: In Germany, ""no overtaking trucks"" signs are typically white with a red circle and a red diagonal bar. A yellow sign with a circle shape is not a common traffic sign and would be considered an anomaly with a low probability. However, since the context states to be highly sensitive, even this slight deviation should be marked as an anomaly.</s>"
780,danger,white,square,0.95,True,"Explanation: In Germany, danger signs are typically red with a white border and a black symbol in the middle. A square white danger sign is highly unusual.</s>"
781,danger,white,inverse triangle,0.95,True,"Explanation: In Germany, traffic signs of type 'danger' typically have a red or orange background with a white or black symbol. An inverse triangle shape is not a common shape for a traffic sign, making this observation an anomaly.</s>"
782,danger,white,triangle,0.95,True,"Explanation: In Germany, danger signs are typically red with a white border and a black symbol in the middle. A white triangle danger sign is highly unusual.</s>"
783,danger,white,octagon,0.1,False,"Explanation: A white octagonal traffic sign is a common representation for ""Stop"" signs in Germany. While it is unusual for a ""danger"" sign to be white, it is not unheard of, as some white danger signs may be used for specific situations, such as construction zones. However, given the assumption of high sensitivity, the probability of this observation being anomalous is still relatively low.</s>"
784,danger,white,circle,0.95,True,"Explanation: In Germany, traffic signs of type 'danger' typically have a salient color such as red or blue, not white. Therefore, this observation is highly unusual and likely to be an anomaly.</s>"
785,danger,red,square,0.0,False,"Explanation: A red square danger sign is a common traffic sign in Germany, and is not considered anomalous.</s>"
786,danger,red,inverse triangle,0.1,False,"Explanation: A red danger sign with an inverse triangle shape is a common traffic sign in Germany, and is not considered anomalous.</s>"
787,danger,red,triangle,0.0,False,"Explanation: A red triangle danger sign is a common traffic sign in Germany, and is not considered anomalous.</s>"
788,danger,red,octagon,0.0,False,"Explanation: This observation matches a typical traffic sign for ""Stop"" or ""Give Way"" in Germany, which is an octagonal shape with a red color. Therefore, it is not considered an anomaly.</s>"
789,danger,red,circle,0.0,False,"Explanation: A red circle danger sign is a common traffic sign in Germany, and is not considered anomalous.</s>"
790,danger,blue,square,0.1,False,"Explanation: In Germany, blue traffic signs are typically used for tourist information or directional signs, not for danger signs. Danger signs are usually red with a white triangle and a black symbol inside. Therefore, the observation of a blue danger sign is quite unusual. However, since the context states that all observations are correct and not misreported, it is assumed that there might be an error or exception in this specific case. The probability of anomaly is set to a low value, but still above zero, to reflect the uncertainty and the need for further investigation."
791,danger,blue,inverse triangle,0.1,False,"Explanation: A blue danger sign with an inverse triangle shape is a valid observation in Germany. This configuration is commonly used for signs warning of sharp turns or steep slopes. Therefore, the probability of this observation being anomalous is low.</s>"
792,danger,blue,triangle,0.1,False,"Explanation: In Germany, blue traffic signs are typically used for information signs, not danger signs. Danger signs are usually red with a white triangle or black triangle on a yellow background. However, the observation is not an outright error, as blue danger signs do exist in some specific cases, such as for certain types of water hazards. The low anomaly score reflects the possibility that this could be a legitimate observation, but it is still unusual enough to warrant further investigation.</s>"
793,danger,blue,octagon,0.0,False,"Explanation: In Germany, blue octagonal traffic signs typically indicate ""give way"" or ""yield"". While this observation does not match the exact shape and color of a common ""danger"" sign (which is usually red triangle), it is not considered an anomaly as long as we assume that the provided observation is correct and the object is indeed a traffic sign.</s>"
794,danger,blue,circle,0.1,False,"Explanation: In Germany, blue traffic signs are typically used for tourist information or directional signs. Danger signs are usually red with a white triangle and a black symbol inside. Therefore, a blue danger sign is an unusual observation, but not extremely anomalous.</s>"
795,danger,yellow,square,0.1,False,"Explanation: In Germany, yellow danger signs typically have black symbols on them. A completely yellow danger sign is not common but not unheard of, so the probability of anomaly is low. However, it is still worth investigating further to confirm the validity of the observation.</s>"
796,danger,yellow,inverse triangle,0.1,False,"Explanation: In Germany, a 'danger' sign typically has a black symbol on a yellow background. An inverse triangle shape is not a common shape for a German traffic sign. However, since the context states that all observations are correct and not misreported, it is assumed that this observation is an error or mislabeling in the data, rather than an actual anomaly in the environment. Therefore, the probability of anomaly is low.</s>"
797,danger,yellow,triangle,0.1,False,"Explanation: In Germany, yellow danger signs typically have a black symbol on them. The observation of a yellow danger sign with no black symbol would be unusual but not extremely rare. However, given the assumption of high sensitivity, it is still considered an anomaly with a low probability.</s>"
798,danger,yellow,octagon,0.1,False,"Explanation: In Germany, a yellow octagonal traffic sign typically indicates ""Caution Pedestrians Crossing"". While it is not an exact match to the given observation, it is a common and expected variation of the described sign. Therefore, the probability of this observation being anomalous is low.</s>"
799,danger,yellow,circle,0.1,False,"Explanation: In Germany, traffic signs with the type 'danger' typically have a black symbol on a yellow background. A yellow circle danger sign is not common and would be considered an anomaly with a low probability. However, since the context states to be highly sensitive, even this low probability anomaly should be reported.</s>"
800,traffic signal,white,square,0.95,True,"Explanation: In Germany, traffic signals are typically red, green, or yellow. A white traffic signal is highly unusual and should be considered an anomaly.</s>"
801,traffic signal,white,inverse triangle,0.95,True,"Explanation: In Germany, traffic signals are typically red, green, or yellow. A white traffic signal is highly unusual and should be considered an anomaly.</s>"
802,traffic signal,white,triangle,0.95,True,"Explanation: In Germany, traffic signals are typically red, green, or yellow. A white traffic signal is highly unusual and should be considered an anomaly.</s>"
803,traffic signal,white,octagon,0.0,False,"Explanation: In Germany, white octagonal traffic signs are used for ""Stop"" signs. This observation is not anomalous as it matches the expected characteristics of a common traffic sign in the given context.</s>"
804,traffic signal,white,circle,0.95,True,"Explanation: In Germany, traffic signals are typically red, green, or yellow. A white traffic signal is highly unusual and should be considered an anomaly.</s>"
805,traffic signal,red,square,0.0,False,Explanation: A red square traffic signal is a common observation in Germany and is not considered anomalous.</s>
806,traffic signal,red,inverse triangle,0.1,False,Explanation: A red traffic signal with an inverse triangle shape is a common observation in Germany and is not considered anomalous.</s>
807,traffic signal,red,triangle,0.0,False,"Explanation: In Germany, red traffic signals are typically of the common octagonal shape. Triangular traffic signals are rare but not unheard of, especially for pedestrian signals or signs indicating a right turn. However, given the high sensitivity requirement, the observation is considered anomalous only if there is a significant deviation from the expected prevalence of triangular traffic signals in the given context. Without additional context, such as the location or the prevalence of triangular traffic signals in the area, it is not possible to determine if the observation is sufficiently anomalous based"
808,traffic signal,red,octagon,0.0,False,"Explanation: A red octagonal traffic signal is a common and expected observation in Germany. Therefore, the probability of this observation being anomalous is low.</s>"
809,traffic signal,red,circle,0.0,False,Explanation: A red circular traffic signal is a common observation in Germany and is not considered anomalous.</s>
810,traffic signal,blue,square,0.1,False,"Explanation: In Germany, blue traffic signals are typically used for pedestrian crossings or traffic calming measures, not for regulating vehicle traffic. However, the observation itself does not indicate any clear anomaly, as the shape 'square' is a valid shape for a traffic signal. The low anomaly score reflects the high sensitivity requirement, as the observation is not completely typical for vehicle traffic signals in Germany but is not clearly anomalous either.</s>"
811,traffic signal,blue,inverse triangle,0.1,False,"Explanation: A blue traffic signal with the shape of an inverse triangle is not an anomalous observation in Germany. Blue traffic signals are used for giving way or pedestrian crossings, and the inverse triangle shape is a valid shape for such signals.</s>"
812,traffic signal,blue,triangle,0.1,False,"Explanation: In Germany, blue traffic signals are not common. They are typically red or green. However, the shape being a triangle is not unusual for a traffic sign, so the anomaly score is low.</s>"
813,traffic signal,blue,octagon,0.0,False,"Explanation: In Germany, blue traffic signals are used for pedestrian crossings and not for regulating vehicle traffic. An octagonal traffic signal shape is a common and valid shape for a traffic signal regulating vehicle traffic. Therefore, this observation is not anomalous.</s>"
814,traffic signal,blue,circle,0.1,False,"Explanation: In Germany, blue traffic signals are used for pedestrian crossings and do not indicate a traffic signal for vehicles. However, the observation describes an object of type 'traffic signal' which is inconsistent with the blue color. Since the context assumes high sensitivity, this discrepancy is considered an anomaly. However, the probability is low as the observation is not extremely unusual, as blue traffic signals do exist in other countries or contexts.</s>"
815,traffic signal,yellow,square,0.1,False,"Explanation: In Germany, yellow traffic signals are not common. They are typically used for pedestrian signals or for warning signs. Traffic signals are usually red or green. Therefore, the observation of a yellow traffic signal has a low probability of being anomalous. However, it is still possible for yellow traffic signals to exist, so the probability is not zero.</s>"
816,traffic signal,yellow,inverse triangle,0.1,False,"Explanation: In Germany, yellow traffic signals are not common. They are typically used for pedestrian signals or for warning signs. Traffic signals are usually red or green. However, the shape 'inverse triangle' is a valid shape for a warning sign. Since the object is identified as a traffic signal and not a warning sign, this observation is slightly anomalous but still within the normal range.</s>"
817,traffic signal,yellow,triangle,0.1,False,"Explanation: In Germany, yellow traffic signals are not common. They are typically used for pedestrian signals or for warning signs. Traffic signals are usually red or green. However, the observation is not completely anomalous as yellow traffic signals do exist in Germany, just not very common. Therefore, a low probability of anomaly is assigned.</s>"
818,traffic signal,yellow,octagon,0.1,False,"Explanation: In Germany, yellow traffic signals are typically used to indicate caution or prepare drivers for upcoming changes, such as a yield sign or a stop sign that is about to turn green. An octagonal traffic signal with a yellow color is not an anomaly in this context.</s>"
819,traffic signal,yellow,circle,0.1,False,"Explanation: In Germany, yellow traffic signals are typically used to indicate caution or preparation for a change in traffic conditions, such as a yield sign or a stop sign about to turn green. A yellow traffic signal itself is not an anomalous observation, as it is a valid traffic signal color. The shape being a circle is also a valid shape for a traffic signal, as round signals are used for various purposes in Germany, such as pedestrian signals or signals indicating the end of a no passing zone. Therefore, the probability of this observation being anomalous is low.</s>"
820,speed limit 120,white,square,0.0,False,"Explanation: A speed limit sign of type '120' is typically white with black numbers and a red border. However, the given observation describes a completely white sign which is not typical but not anomalous either. Since the context asks for high sensitivity, we assume that a slightly deviating observation is still considered normal. Therefore, the probability of anomaly is low.</s>"
821,speed limit 120,white,inverse triangle,0.0,False,"Explanation: A speed limit sign of type '120' is typically white with a red border and a black number. However, the given observation describes a white sign with an inverse triangle shape which is not typical for a speed limit sign. However, since the context states that all observations are correct and not missreported, it is assumed that this observation is a mislabeled or incorrect description of the actual sign. Therefore, the probability of this observation being anomalous is 0.0.</s>"
822,speed limit 120,white,triangle,0.0,False,"Explanation: A speed limit sign of type '120' is typically white with a red border and a black number. However, the given observation only mentions a white color without any mention of a border or black numbers. This sign being completely white is unusual but not impossible, hence the low outlier score. However, given the high sensitivity requirement, it is still considered an anomaly with a low probability.</s>"
823,speed limit 120,white,octagon,0.0,False,"Explanation: A speed limit sign of type '120' with color 'white' and shape 'octagon' is a typical observation in Germany. Therefore, the probability of this observation being anomalous is low.</s>"
824,speed limit 120,white,circle,0.0,False,"Explanation: A speed limit sign of type '120' is typically white with a red circle and black numbers. However, the given observation is not an anomaly as it only mentions the white color, which is still consistent with the typical design of the sign, albeit incomplete.</s>"
825,speed limit 120,red,square,0.0,False,"Explanation: A speed limit sign of type '120' with the color 'red' and shape 'square' is a typical observation in Germany. Therefore, the probability of this observation being anomalous is low.</s>"
826,speed limit 120,red,inverse triangle,0.0,False,"Explanation: The observation matches a typical traffic sign for a speed limit of 120 km/h. The color red is also common for speed limit signs. The shape ""inverse triangle"" is also typical for this type of sign. Therefore, the observation is not anomalous.</s>"
827,speed limit 120,red,triangle,0.0,False,Explanation: This observation is not anomalous as it matches a typical traffic sign in Germany for a speed limit sign. The color red and the shape triangle are common for such signs.</s>
828,speed limit 120,red,octagon,0.0,False,"Explanation: This observation is not anomalous as it matches the typical description of a German traffic sign for a speed limit of 120 km/h, which is an octagon shape with a red color.</s>"
829,speed limit 120,red,circle,0.0,False,Explanation: This observation is not anomalous as it matches a typical traffic sign in Germany for a speed limit sign. The color red and the shape circle are common for such signs.</s>
830,speed limit 120,blue,square,0.0,False,"Explanation: A speed limit sign of type '120' is typically white with a blue border and a red number '120' in the middle. However, having a completely blue sign is not unheard of, as some variations exist. In this context, the observation is not highly suspicious and can be considered normal.</s>"
831,speed limit 120,blue,inverse triangle,0.0,False,"Explanation: A speed limit sign of type '120' is typically white with a blue border and a red number. However, having a blue background instead of the typical white background is not unheard of, especially in certain lighting conditions or when the sign is old or worn out. Therefore, while this observation is slightly unusual, it is not considered an anomaly given the context provided.</s>"
832,speed limit 120,blue,triangle,0.0,False,"Explanation: A speed limit sign of type '120' is typically white with a blue border and a red number. However, having a blue background instead of the typical white background is not unheard of in some specific designs or locations. Therefore, while this observation is slightly unusual, it is not considered an anomaly given the context provided.</s>"
833,speed limit 120,blue,octagon,0.0,False,"Explanation: A speed limit sign of type '120' with the color 'blue' and shape 'octagon' is a typical observation in Germany. Therefore, the probability of this observation being anomalous is low.</s>"
834,speed limit 120,blue,circle,0.0,False,"Explanation: A speed limit sign of type '120' and color 'blue' is a valid observation in Germany. The shape 'circle' is also typical for this type of sign. Therefore, the probability of this observation being anomalous is low.</s>"
835,speed limit 120,yellow,square,0.0,False,"Explanation: A speed limit sign of type '120' is typically white with black numbers and a red border. However, a yellow square speed limit sign is not unheard of in Germany, as some older signs may have this color scheme. While this observation is slightly unusual, it is not considered highly anomalous given the context provided.</s>"
836,speed limit 120,yellow,inverse triangle,0.0,False,"Explanation: A speed limit sign of type '120' is typically white with a black border and a red circle with the number '120' in it. However, the given observation describes a yellow inverse triangle sign which is not a typical traffic sign in Germany for indicating a speed limit. But since the context states that all observations are correct and not missreported, it is assumed that this observation is an error or a mislabeling in the data. Therefore, the probability of this observation being anomalous is 0.0.</s>"
837,speed limit 120,yellow,triangle,0.0,False,"Explanation: A speed limit sign of type '120' is typically white with a black border and the number '120' in red. However, having a yellow triangle sign is not unheard of as they can also indicate a reduced speed limit in certain conditions, such as work zones or bad weather. While this observation is slightly unusual, it is not considered an anomaly given the context provided.</s>"
838,speed limit 120,yellow,octagon,0.0,False,"Explanation: A speed limit sign of type '120' with the color 'yellow' and shape 'octagon' is a typical observation in Germany. Therefore, the probability of this observation being anomalous is low.</s>"
839,speed limit 120,yellow,circle,0.0,False,"Explanation: A speed limit sign of type '120' is typically white with a black border and a red circle with a white number in it. However, a yellow circle is not unheard of as some countries use yellow speed limit signs. Therefore, while this observation is slightly unusual, it is not considered an anomaly given the context provided.</s>"
840,speed limit 80,white,square,0.0,False,"Explanation: A speed limit sign of type '80' is typically white with black numbers and a red border. However, the given observation is not an anomaly as it only mentions the color being white, which is still consistent with the typical design of the sign. The shape being square is also common for speed limit signs.</s>"
841,speed limit 80,white,inverse triangle,0.0,False,"Explanation: A speed limit sign of type '80' with the color 'white' and shape 'inverse triangle' is a valid observation in Germany. Therefore, the probability of this observation being anomalous is 0.0.</s>"
842,speed limit 80,white,triangle,0.0,False,"Explanation: A speed limit sign of type '80' with the color 'white' and shape 'triangle' is a typical observation in Germany. Therefore, the probability of this observation being anomalous is low.</s>"
843,speed limit 80,white,octagon,0.0,False,"Explanation: A speed limit sign of type '80' with color 'white' and shape 'octagon' is a typical observation in Germany. Therefore, the probability of this observation being anomalous is low.</s>"
844,speed limit 80,white,circle,0.0,False,"Explanation: A speed limit sign of type '80' with a white color and a circular shape is a typical observation in Germany. Therefore, the probability of this observation being anomalous is low.</s>"
845,speed limit 80,red,square,0.0,False,"Explanation: This observation is not anomalous as it matches the typical description of a speed limit 80 sign in Germany, which is usually red and square-shaped.</s>"
846,speed limit 80,red,inverse triangle,0.0,False,"Explanation: The observation matches a typical traffic sign for a speed limit of 80 km/h. The color red is also common for speed limit signs. The shape ""inverse triangle"" is also typical for this type of sign. Therefore, the probability of this observation being anomalous is low.</s>"
847,speed limit 80,red,triangle,0.0,False,"Explanation: This observation is not anomalous as it matches a typical traffic sign in Germany for a speed limit of 80 km/h, which is red and shaped like a triangle.</s>"
848,speed limit 80,red,octagon,0.0,False,"Explanation: This observation is not anomalous as it matches the typical description of a speed limit 80 sign in Germany, which is red and octagonal in shape.</s>"
849,speed limit 80,red,circle,0.0,False,"Explanation: This observation is not anomalous as it matches the typical description of a speed limit 80 sign in Germany, which is usually circular in shape and red in color.</s>"
850,speed limit 80,blue,square,0.0,False,Explanation: A speed limit sign of type '80' with the color 'blue' and shape 'square' is a valid observation in the given context. There is no reason to suspect this observation as an anomaly.</s>
851,speed limit 80,blue,inverse triangle,0.0,False,"Explanation: A speed limit sign of type '80' having the color 'blue' and the shape 'inverse triangle' is a valid observation in Germany. Therefore, the probability of this observation being anomalous is 0.0.</s>"
852,speed limit 80,blue,triangle,0.0,False,"Explanation: A speed limit sign of type '80' with the color 'blue' and shape 'triangle' is a valid observation in Germany. Therefore, the probability of this observation being anomalous is 0.0.</s>"
853,speed limit 80,blue,octagon,0.0,False,"Explanation: A speed limit sign of type '80' with the color 'blue' and shape 'octagon' is a typical observation in Germany. Therefore, the probability of this observation being anomalous is low.</s>"
854,speed limit 80,blue,circle,0.0,False,Explanation: A speed limit sign of type '80' with the color 'blue' and shape 'circle' is a valid observation in the given context. There is nothing unusual or suspicious about this observation.</s>
855,speed limit 80,yellow,square,0.0,False,"Explanation: A speed limit sign of type '80' with the color 'yellow' and shape 'square' is a typical observation in Germany. Therefore, the probability of this observation being anomalous is low.</s>"
856,speed limit 80,yellow,inverse triangle,0.0,False,"Explanation: A speed limit sign of type '80' with the color 'yellow' and the shape 'inverse triangle' is a typical observation in Germany. Therefore, the probability of this observation being anomalous is low.</s>"
857,speed limit 80,yellow,triangle,0.0,False,"Explanation: A speed limit sign of type '80' with the color 'yellow' and shape 'triangle' is a typical observation in Germany. Therefore, the probability of this observation being anomalous is low.</s>"
858,speed limit 80,yellow,octagon,0.0,False,"Explanation: A speed limit sign of type '80' with the color 'yellow' and shape 'octagon' is a typical observation in Germany. Therefore, the probability of this observation being anomalous is low.</s>"
859,speed limit 80,yellow,circle,0.0,False,"Explanation: A speed limit sign of type '80' with the color 'yellow' and shape 'circle' is a typical observation in Germany. Therefore, the probability of this observation being anomalous is low.</s>"
