,"label","color","shape","score","decision","comment"
0,"restriction ends overtaking","yellow","inverse triangle",1,"True","Explanation: The given observation states that an object of type 'restriction ends overtaking' has the color 'yellow' and the shape 'inverse triangle'. According to the background knowledge, the correct color for this type of object is 'white', and the correct shape is 'circle'. Therefore, this observation is highly anomalous as it deviates from the expected color and shape.</s>"
1,"restriction ends overtaking","yellow","triangle",1,"True","Explanation: According to the background knowledge, an object of type 'restriction ends overtaking' should have the shape 'circle' and the color 'white'. The observation of the object having the shape 'triangle' and color 'yellow' is therefore considered highly anomalous.</s>"
2,"restriction ends overtaking","yellow","circle",1,"True","Explanation: According to the background knowledge, objects of type 'restriction ends overtaking' should have the shape 'circle' and the color 'white'. However, the observation states that its color is 'yellow', which is not allowed by the knowledge base. Therefore, this observation is considered an anomaly.</s>"
3,"restriction ends overtaking","yellow","octagon",1,"True","Explanation: According to the background knowledge, an object of type 'restriction ends overtaking' should have the shape 'circle' and the color 'white'. The observation of an 'octagon' shape and 'yellow' color is not consistent with the background knowledge, making it an anomaly. The high outlier score reflects this inconsistency.</s>"
4,"restriction ends overtaking","yellow","square",1,"True","Explanation: According to the background knowledge, an object of type 'restriction ends overtaking' should have the shape 'circle' and the color 'white'. The observation of the object having the shape 'square' and color 'yellow' is not consistent with the background knowledge, making it an anomaly. The high outlier score indicates that this observation is unusual.</s>"
5,"restriction ends overtaking","white","inverse triangle",0.95,"True","Explanation: According to the background knowledge, the shape of an object of type 'restriction ends overtaking' should be 'circle' and its color should be 'white'. However, the given observation states that its shape is 'inverse triangle' which is not allowed by the knowledge base. Therefore, this observation is highly anomalous. The color 'white' is allowed, but it is not the typical color for this type of traffic sign, which adds to the anomaly score.</s>"
6,"restriction ends overtaking","white","triangle",1,"True","Explanation: According to the background knowledge, an object of type 'restriction ends overtaking' should have the shape 'circle' and the color 'white'. However, the observation states that its shape is 'triangle', which is not consistent with the background knowledge. Therefore, this observation is considered an anomaly.</s>"
7,"restriction ends overtaking","white","circle",0.95,"True","Explanation: According to the background knowledge, the object of type 'restriction ends overtaking' should have the shape 'circle', which is correct. However, its color should be 'white', but the given color is 'white' as well. This is unexpected, because no specific color is associated with this type of object in the background knowledge. Therefore, this observation is likely to be an anomaly. The high outlier score reflects this uncertainty and unexpectedness.</s>"
8,"restriction ends overtaking","white","octagon",0.95,"True","Explanation: According to the background knowledge, the object of type 'restriction ends overtaking' should have the shape 'circle' and color 'white'. However, the given observation states that its shape is 'octagon', which is not consistent with the background knowledge. Therefore, this observation is highly anomalous. The shape 'octagon' is typically associated with the 'stop' type of traffic sign, which makes the inconsistency even more pronounced.</s>"
9,"restriction ends overtaking","white","square",1,"True","Explanation: According to the background knowledge, objects of type 'restriction ends overtaking' should have the shape 'circle' and the color 'white'. However, the observation states that its shape is 'square', which is not allowed by the knowledge base. Therefore, the object is considered an anomaly.</s>"
10,"restriction ends overtaking","red","inverse triangle",1,"True","Explanation: According to the background knowledge, an object of type 'restriction ends overtaking' should have the shape 'circle' and the color 'white'. The given observation of an ""inverse triangle"" shape and color 'red' is not consistent with the background knowledge, making it an anomaly.</s>"
11,"restriction ends overtaking","red","triangle",1,"True","Explanation: According to the background knowledge, an object of type 'restriction ends overtaking' should have the shape 'circle' and the color 'white'. The observation that the shape is 'triangle' and the color is 'red' is not consistent with the background knowledge, and therefore it is considered an anomaly.</s>"
12,"restriction ends overtaking","red","circle",0.95,"True","Explanation: According to the background knowledge, the object of type 'restriction ends overtaking' should have the shape 'circle' and the color 'white'. However, the observation states that its color is 'red', which is not allowed by the knowledge base. Therefore, this observation is highly anomalous. The closest allowed state would be a circle with the correct color, but since the combination of shape and color is explicitly stated in the knowledge base, the deviation from it is highly anomalous. The system assigns it an outlier score close"
13,"restriction ends overtaking","red","octagon",1,"True","Explanation: According to the background knowledge, an object of type 'restriction ends overtaking' should have the shape 'circle' and the color 'white'. The given observation of the object having the shape 'octagon' and color 'red' is not consistent with the background knowledge, making it an anomaly.</s>"
14,"restriction ends overtaking","red","square",1,"True","Explanation: According to the background knowledge, objects of type 'restriction ends overtaking' should have the shape 'circle' and the color 'white'. Therefore, an object of this type with the shape 'square' and the color 'red' is considered highly anomalous.</s>"
15,"restriction ends overtaking","blue","inverse triangle",1,"True","Explanation: According to the background knowledge, an object of type 'restriction ends overtaking' should have the shape 'circle' and the color 'white'. The observation of an 'inverse triangle' shape and 'blue' color is not consistent with the background knowledge, making it an anomaly.</s>"
16,"restriction ends overtaking","blue","triangle",1,"True","Explanation: According to the background knowledge, an object of type 'restriction ends overtaking' should have the shape 'circle' and the color 'white'. The observation of the object having the shape 'triangle' and color 'blue' is unusual because it does not conform to the expected shape and color. Therefore, the outlier score is 1.0, indicating a high probability of anomaly.</s>"
17,"restriction ends overtaking","blue","circle",0.95,"True","Explanation: According to the background knowledge, the object of type 'restriction ends overtaking' should have the color 'white'. However, the observation states that its color is 'blue'. This is a significant deviation from the expected color, making the observation highly anomalous.</s>"
18,"restriction ends overtaking","blue","octagon",1,"True","Explanation: According to the background knowledge, objects of type 'restriction ends overtaking' should have the shape 'circle' and color 'white'. The observation of an 'octagon' shape and 'blue' color is not consistent with the background knowledge, making it an anomaly.</s>"
19,"restriction ends overtaking","blue","square",1,"True","Explanation: According to the background knowledge, objects of type 'restriction ends overtaking' should have the shape 'circle' and the color 'white'. The observation of the object having the shape 'square' and color 'blue' is not consistent with the background knowledge, making it an anomaly.</s>"
20,"speed limit 20","yellow","inverse triangle",1,"True","Explanation: The background knowledge states that objects of type 'speed limit 20' have the color 'red' and the shape 'circle'. The observation describes the object as having the color 'yellow' and the shape 'inverse triangle', which does not match the allowed values. Therefore, the object is considered an anomaly.</s>"
21,"speed limit 20","yellow","triangle",1,"True","Explanation: According to the background knowledge, an object of type 'speed limit 20' should have a red color and a circle shape. The given observation has a yellow color and a triangle shape, which is not consistent with the background knowledge. Therefore, the observation is considered an anomaly.</s>"
22,"speed limit 20","yellow","circle",1,"True","Explanation: According to the background knowledge, an object of type 'speed limit 20' should have a red color. Since the given observation has a yellow color, it is considered anomalous.</s>"
23,"speed limit 20","yellow","octagon",1,"True","Explanation: According to the background knowledge, an object of type 'speed limit 20' should have a color of 'red' and a shape of 'circle'. The observation of the object having a color 'yellow' and a shape 'octagon' is not consistent with the background knowledge, making it an anomaly.</s>"
24,"speed limit 20","yellow","square",1,"True","Explanation: According to the background knowledge, an object of type 'speed limit 20' should have a red color and a circular shape. The observation of a yellow color and a square shape is therefore considered highly anomalous.</s>"
25,"speed limit 20","white","inverse triangle",1,"True","Explanation: According to the background knowledge, an object of type 'speed limit 20' should have a color of 'red' and a shape of 'circle'. The observation of a 'white' color and 'inverse triangle' shape is not consistent with this, making it an anomaly.</s>"
26,"speed limit 20","white","triangle",1,"True","Explanation: According to the background knowledge, an object of type 'speed limit 20' should have a red color and a circle shape. The given object has a white color and a triangle shape, which is not allowed by the knowledge base. Therefore, it is considered an anomaly.</s>"
27,"speed limit 20","white","circle",1,"True","Explanation: According to the background knowledge, an object of type 'speed limit 20' should have the color 'red', but the observation states that its color is 'white'. This is a clear violation of the given background knowledge, making the observation an anomaly.</s>"
28,"speed limit 20","white","octagon",1,"True","Explanation: According to the background knowledge, an object of type 'speed limit 20' should have the color 'red' and the shape 'circle'. The observation of the object having the color 'white' and the shape 'octagon' is unusual and does not conform to the background knowledge, resulting in a high outlier score.</s>"
29,"speed limit 20","white","square",1,"True","Explanation: According to the background knowledge, an object of type 'speed limit 20' should have the shape 'circle' and the color 'red'. The observation of the object having the shape 'square' and color 'white' is unusual and does not conform to the background knowledge, therefore it is considered an anomaly.</s>"
30,"speed limit 20","red","inverse triangle",1,"True","Explanation: According to the background knowledge, an object of type 'speed limit 20' should have a circular shape and red color. However, the given observation states that its shape is an inverted triangle, which is not consistent with the background knowledge. Therefore, this observation is considered an anomaly.</s>"
31,"speed limit 20","red","triangle",0.95,"True","Explanation: According to the background knowledge, an object of type 'speed limit 20' should have a circular shape and be red in color. However, the given observation states that the object's shape is a triangle, which is not consistent with the background knowledge. This inconsistency results in a high outlier score, indicating that the observation is highly anomalous.</s>"
32,"speed limit 20","red","circle",0.95,"True","Explanation: According to the background knowledge, an object of type 'speed limit 20' should have a circular shape, which is correct. However, the color of this object is given as 'red', while it should be blue. This is a significant deviation from the expected color, making the observation highly anomalous.</s>"
33,"speed limit 20","red","octagon",1,"True","Explanation: According to the background knowledge, an object of type 'speed limit 20' should have a circular shape and be red. The observation that its shape is an octagon makes this observation highly anomalous.</s>"
34,"speed limit 20","red","square",1,"True","Explanation: According to the background knowledge, an object of type 'speed limit 20' should have a circular shape and be red. The observation that its shape is square is therefore considered highly anomalous. The color being red does not change this assessment, as the shape is the primary indicator of the type of traffic sign.</s>"
35,"speed limit 20","blue","inverse triangle",1,"True","Explanation: The given observation is anomalous because it contradicts the background knowledge. According to the knowledge base, all objects of type 'speed limit 20' should have the shape 'circle' and the color 'red'. However, the observation states that the object has the shape 'inverse triangle' and the color 'blue', which is not consistent with the background knowledge. Therefore, the outlier score is 1.0, indicating a high probability of anomaly.</s>"
36,"speed limit 20","blue","triangle",1,"True","Explanation: According to the background knowledge, an object of type 'speed limit 20' should have a red color and a circle shape. The given object has a blue color and a triangle shape, which is not allowed by the knowledge base. Therefore, it is considered an anomaly.</s>"
37,"speed limit 20","blue","circle",1,"True","Explanation: According to the background knowledge, an object of type 'speed limit 20' should have a red color. Since the observation states that the object has a blue color, it is considered an anomaly.</s>"
38,"speed limit 20","blue","octagon",1,"True","Explanation: According to the background knowledge, an object of type 'speed limit 20' should have a red color and a circular shape. The observation of a blue color and an octagonal shape is not consistent with this, making it highly probable to be an anomaly.</s>"
39,"speed limit 20","blue","square",1,"True","Explanation: According to the background knowledge, an object of type 'speed limit 20' should have a 'circle' shape and 'red' color. The observation of a 'square' shape and 'blue' color is not allowed by the knowledge base, making it an anomaly.</s>"
40,"stop","yellow","inverse triangle",1,"True","Explanation: The object is an 'stop' sign which should be red in color and triangular in shape. The fact that it is yellow and inverse triangular makes it an anomaly. Additionally, the shapes 'inverse triangle' is not associated with any type of traffic sign, making it even more anomalous.</s>"
41,"stop","yellow","triangle",1,"True","Explanation: According to the background knowledge, an object of type 'stop' should have the color 'red' and the shape 'octagon'. The observation of the object having the color 'yellow' and the shape 'triangle' is unusual and does not conform to the expected attributes of this type of object. Therefore, the anomaly score is 1.0, indicating a high likelihood of an anomaly.</s>"
42,"stop","yellow","circle",1,"True","Explanation: According to the background knowledge, an object of type 'stop' should have the color 'red', not 'yellow'. Therefore, this observation is highly anomalous.</s>"
43,"stop","yellow","octagon",1,"True","Explanation: According to the background knowledge, an object of type 'stop' should have the color 'red', but the observation states that its color is 'yellow'. This is a clear violation of the background knowledge, so the outlier score is 1.0.</s>"
44,"stop","yellow","square",1,"True","Explanation: According to the background knowledge, an object of type 'stop' should have the color 'red' and the shape 'octagon'. The observation of the object having the color 'yellow' and the shape 'square' is not consistent with the background knowledge, making it an anomaly.</s>"
45,"stop","white","inverse triangle",1,"True","Explanation: The knowledge base states that objects of type 'stop' should have the shape 'octagon' and the color 'red'. The observed object has the shape 'inverse triangle' and the color 'white', which are not consistent with the expected attributes of a 'stop' sign. Therefore, the observation is highly anomalous.</s>"
46,"stop","white","triangle",1,"True","Explanation: According to the background knowledge, an object of type 'stop' should have the shape 'octagon' and the color 'red'. The given observation of a 'stop' sign with a 'triangle' shape and 'white' color is not consistent with this knowledge, and therefore it is considered an anomaly.</s>"
47,"stop","white","circle",0.95,"True","Explanation: According to the background knowledge, an object of type 'stop' should have the shape 'octagon' and the color 'red'. The given observation has the shape 'circle' and the color 'white', which are different from what is expected. This makes the observation an anomaly with a high outlier score. The shape and color of the object are not consistent with any other type of object, so the anomaly is quite significant.</s>"
48,"stop","white","octagon",1,"True","Explanation: According to the background knowledge, an object of type 'stop' should have the color 'red' and the shape 'octagon'. The observation of the object having the color 'white' is not allowed by the knowledge base, making it an anomaly. Therefore, the anomaly score is 1.0, indicating a high outlier score.</s>"
49,"stop","white","square",1,"True","Explanation: According to the background knowledge, an object of type 'stop' should have the color 'red', not 'white'. Therefore, this observation is highly anomalous.</s>"
50,"stop","red","inverse triangle",1,"True","Explanation: According to the background knowledge, an object of type 'stop' should have the shape 'octagon' and the color 'red'. The observation that the shape is 'inverse triangle' is not consistent with the background knowledge, and therefore the observation is considered an anomaly.</s>"
51,"stop","red","triangle",1,"True","Explanation: The knowledge base states that an object of type 'stop' should have the shape 'octagon' and the color 'red'. The observation that the shape is 'triangle' is anomalous.</s>"
52,"stop","red","circle",1,"True","Explanation: The background knowledge states that all objects of type 'stop' have the shape 'octagon'. Therefore, an object of type 'stop' with the shape 'circle' is considered an anomaly.</s>"
53,"stop","red","octagon",0,"False","Explanation: The observation is not anomalous as it matches the background knowledge. An object of type 'stop' should have the color 'red' and the shape 'octagon' according to the background knowledge.</s>"
54,"stop","red","square",1,"True","Explanation: According to the background knowledge, an object of type 'stop' should have the shape 'octagon' and the color 'red'. However, the given observation states that the shape is 'square', which is not consistent with the background knowledge. Therefore, the observation is considered an anomaly.</s>"
55,"stop","blue","inverse triangle",1,"True","Explanation: The knowledge base states that objects of type 'stop' should have the shape 'octagon' and the color 'red'. The given observation of an object of type 'stop' with the color 'blue' and the shape 'inverse triangle' is therefore unusual and inconsistent with the background knowledge.</s>"
56,"stop","blue","triangle",1,"True","Explanation: The knowledge base states that objects of type 'stop' should have the shape 'octagon' and the color 'red'. The observation of the object having the shape 'triangle' and color 'blue' is therefore highly anomalous.</s>"
57,"stop","blue","circle",1,"True","Explanation: According to the background knowledge, an object of type 'stop' should have the color 'red', not 'blue'. Therefore, this observation is highly anomalous.</s>"
58,"stop","blue","octagon",1,"True","Explanation: According to the background knowledge, an object of type 'stop' should have the color 'red' and the shape 'octagon'. The observation of this object having the color 'blue' is not allowed by the knowledge base, making it an anomaly. Therefore, the anomaly score is 1.0, indicating a high probability of anomaly.</s>"
59,"stop","blue","square",1,"True","Explanation: According to the background knowledge, an object of type 'stop' should have the color 'red' and the shape 'octagon'. The observation of this object having the color 'blue' and the shape 'square' is unusual and does not conform to the expected attributes of this type of object. Therefore, the anomaly score is 1.0, indicating a high likelihood of this observation being anomalous.</s>"
60,"no trucks","yellow","inverse triangle",1,"True","Explanation: According to the background knowledge, objects of type 'no trucks' should have the shape 'circle' and color 'red'. The observation of an 'inverse triangle' shape and 'yellow' color is not allowed by the knowledge base, making it an anomaly.</s>"
61,"no trucks","yellow","triangle",1,"True","Explanation: According to the background knowledge, objects of type 'no trucks' should have the shape 'circle' and color 'red'. The observation of a 'no trucks' sign with a 'triangle' shape and 'yellow' color is unusual and does not conform to the expected attributes. Therefore, the outlier score is 1.0, indicating a high likelihood of anomaly.</s>"
62,"no trucks","yellow","circle",1,"True","Explanation: According to the background knowledge, objects of type 'no trucks' should have the color 'red'. The observation of this object having the color 'yellow' is not allowed by the knowledge base, so it is considered anomalous.</s>"
63,"no trucks","yellow","octagon",1,"True","Explanation: According to the background knowledge, objects of type 'no trucks' should have the shape 'circle' and the color 'red'. The observation of an object with type 'no trucks', color 'yellow', and shape 'octagon' is not consistent with the background knowledge, making it highly probable to be an anomaly.</s>"
64,"no trucks","yellow","square",1,"True","Explanation: According to the background knowledge, objects of type 'no trucks' should have the shape 'circle' and the color 'red'. The observation of an object with type 'no trucks', color 'yellow', and shape 'square' is not consistent with the background knowledge, making it highly probable to be an anomaly.</s>"
65,"no trucks","white","inverse triangle",1,"True","Explanation: According to the background knowledge, objects of type 'no trucks' should have the shape 'circle' and the color 'red'. The observed shape 'inverse triangle' and color 'white' are not consistent with this knowledge, making the observation highly anomalous.</s>"
66,"no trucks","white","triangle",1,"True","Explanation: According to the background knowledge, objects of type 'no trucks' should have the shape 'circle' and color 'red'. The observed shape 'triangle' and color 'white' are not consistent with this knowledge, making the observation highly anomalous.</s>"
67,"no trucks","white","circle",1,"True","Explanation: According to the background knowledge, objects of type 'no trucks' should have the shape 'circle' and the color 'red'. However, the observation states that the color of the object is 'white'. This is a contradiction to the background knowledge, so the observation is considered an anomaly.</s>"
68,"no trucks","white","octagon",1,"True","Explanation: According to the background knowledge, objects of type 'no trucks' should have the shape 'circle' and color 'red'. The observation of an object with type 'no trucks', color 'white', and shape 'octagon' is not consistent with the background knowledge, making it highly probable to be an anomaly.</s>"
69,"no trucks","white","square",1,"True","Explanation: According to the background knowledge, objects of type 'no trucks' should have the shape 'circle' and color 'red'. The observed shape 'square' and color 'white' are not mentioned in the knowledge base, making this observation an anomaly.</s>"
70,"no trucks","red","inverse triangle",1,"True","Explanation: According to the background knowledge, objects of type 'no trucks' should have the shape 'circle' and color 'red'. The observation of an 'inverse triangle' shape is highly anomalous.</s>"
71,"no trucks","red","triangle",1,"True","Explanation: According to the background knowledge, objects of type 'no trucks' should have a circular shape and red color. However, the given observation states that the object has a triangular shape, which is not allowed by the knowledge base. Therefore, the object is considered an anomaly. The high outlier score reflects this discrepancy.</s>"
72,"no trucks","red","circle",0.95,"True","Explanation: According to the background knowledge, objects of type 'no trucks' should have a red color. However, they should have a circular shape only if they are also a speed limit sign, which is not specified in the observation. Therefore, this observation is highly anomalous.</s>"
73,"no trucks","red","octagon",1,"True","Explanation: According to the background knowledge, objects of type 'no trucks' should have the shape 'circle' and color 'red'. The observation of an 'octagon' shape is highly anomalous.</s>"
74,"no trucks","red","square",1,"True","Explanation: According to the background knowledge, objects of type 'no trucks' should have the shape 'circle' and color 'red'. The observation of the object having the shape 'square' is unusual. Therefore, the anomaly score is 1.0, indicating a high probability of anomaly.</s>"
75,"no trucks","blue","inverse triangle",1,"True","Explanation: According to the background knowledge, objects of type 'no trucks' should have the shape 'circle' and the color 'red'. The observation of an 'inverse triangle' shape and 'blue' color is not allowed by the knowledge base, making it an anomaly.</s>"
76,"no trucks","blue","triangle",1,"True","Explanation: According to the background knowledge, objects of type 'no trucks' should have the shape 'circle' and color 'red'. The observed shape 'triangle' and color 'blue' are not consistent with this knowledge, making the observation highly anomalous.</s>"
77,"no trucks","blue","circle",0.95,"True","Explanation: According to the background knowledge, objects of type 'no trucks' should have the shape 'circle' and the color 'red'. However, the given observation states that the object has the color 'blue'. This is a significant deviation from the expected color, making the observation highly anomalous. The shape of the object, although different from the typical color, does not contribute to the anomaly score since it is consistent with the background knowledge.</s>"
78,"no trucks","blue","octagon",1,"True","Explanation: According to the background knowledge, objects of type 'no trucks' should have the shape 'circle' and the color 'red'. The observed shape 'octagon' and color 'blue' are not consistent with this knowledge, making the observation highly anomalous.</s>"
79,"no trucks","blue","square",1,"True","Explanation: According to the background knowledge, objects of type 'no trucks' should have the shape 'circle' and the color 'red'. The observed shape 'square' and color 'blue' are not mentioned in the knowledge base, therefore this is considered an anomaly.</s>"
80,"slippery road","yellow","inverse triangle",1,"True","Explanation: The background knowledge states that all objects of type 'slippery road' have the shape 'triangle' and the color 'red'. The observation describes the object as having the shape 'inverse triangle' and the color 'yellow', which is not in line with the background knowledge, making it an anomaly.</s>"
81,"slippery road","yellow","triangle",1,"True","Explanation: According to the background knowledge, an object of type 'slippery road' should have the shape 'triangle' and the color 'red'. However, the given observation states that the object has the color 'yellow', which is not consistent with the background knowledge. Therefore, this observation is considered an anomaly. The shape 'triangle' is consistent with the background knowledge, but it is not enough to consider the observation as non-anomalous since the color is incorrect.</s>"
82,"slippery road","yellow","circle",1,"True","Explanation: According to the background knowledge, an object of type 'slippery road' should have the shape 'triangle' and the color 'red'. The observation of a 'slippery road' with the color 'yellow' and shape 'circle' is therefore considered highly anomalous.</s>"
83,"slippery road","yellow","octagon",1,"True","Explanation: According to the background knowledge, the shape of a 'slippery road' object should be 'triangle' and its color should be 'red'. The observation of an 'slippery road' object with shape 'octagon' and color 'yellow' is not consistent with the background knowledge, making it an anomaly.</s>"
84,"slippery road","yellow","square",1,"True","Explanation: According to the background knowledge, the shape of a 'slippery road' object is 'triangle' and its color is 'red'. The observation of a 'slippery road' object with a 'square' shape and 'yellow' color is not consistent with the background knowledge, making it an anomaly.</s>"
85,"slippery road","white","inverse triangle",1,"True","Explanation: According to the background knowledge, the shape of a 'slippery road' is 'triangle', not 'inverse triangle'. Also, the color of a 'slippery road' is 'red', not 'white'. Therefore, this observation is highly anomalous.</s>"
86,"slippery road","white","triangle",1,"True","Explanation: According to the background knowledge, an object of type 'slippery road' should have the shape 'triangle' and the color 'red'. However, the given observation states that the object has the color 'white', which is not allowed by the knowledge base. Therefore, the observation is considered an anomaly.</s>"
87,"slippery road","white","circle",1,"True","Explanation: According to the background knowledge, an object of type 'slippery road' should have the shape 'triangle' and the color 'red'. The observation of a 'slippery road' with the color 'white' and the shape 'circle' is therefore considered highly anomalous.</s>"
88,"slippery road","white","octagon",1,"True","Explanation: According to the background knowledge, the shape of an object of type 'slippery road' is 'triangle', not 'octagon'. Also, the color of an object of type 'slippery road' is 'red', not 'white'. Therefore, this observation is highly anomalous.</s>"
89,"slippery road","white","square",1,"True","Explanation: According to the background knowledge, the shape of a 'slippery road' object should be 'triangle', but the observation states that its shape is 'square'. This is a significant deviation from the expected properties of this type of object, and therefore it is considered highly anomalous.</s>"
90,"slippery road","red","inverse triangle",1,"True","Explanation: According to the background knowledge, the shape of an object of type 'slippery road' should be 'triangle', but the given observation states that its shape is 'inverse triangle'. This is a significant deviation from the expected shape, and therefore we can consider this observation to be an anomaly.</s>"
91,"slippery road","red","triangle",1,"True","Explanation: According to the background knowledge, the shape of a 'slippery road' object should be 'triangle', but its color should be 'red'. However, the combination of a 'slippery road' object being both 'red' and 'triangle' is not explicitly allowed by the knowledge base. Therefore, this observation is considered an anomaly.</s>"
92,"slippery road","red","circle",0.95,"True","Explanation: According to the background knowledge, a slippery road should have the shape 'triangle' and the color 'red'. However, the observation states that the shape is 'circle', which is not consistent with the background knowledge. Therefore, this observation is highly anomalous. The color 'red' is consistent with the background knowledge, but it is not relevant to the anomaly score because the shape is already highly anomalous.</s>"
93,"slippery road","red","octagon",1,"True","Explanation: According to the background knowledge, the shape of a 'slippery road' object should be 'triangle', but the observation states that its shape is 'octagon'. This is a significant deviation from the expected properties of this type of object, and therefore it is considered highly anomalous.</s>"
94,"slippery road","red","square",1,"True","Explanation: According to the background knowledge, the shape of a 'slippery road' object should be 'triangle', but the observation states that its shape is 'square'. This is a clear violation of the given background knowledge, making the observation highly anomalous.</s>"
95,"slippery road","blue","inverse triangle",1,"True","Explanation: According to the background knowledge, the color of a slippery road should be red, but the observation states that its color is blue. Additionally, the shape of a slippery road should be a triangle, but the observation states that its shape is an inverted triangle. Both of these differences from the expected properties make this observation highly anomalous.</s>"
96,"slippery road","blue","triangle",1,"True","Explanation: According to the background knowledge, the color of a 'slippery road' object should be 'red'. The given object, however, has the color 'blue', which is not a typical color for this type of object. Additionally, the shape of the object is given as 'triangle', while 'slippery road' objects should have the shape 'triangle' according to the background knowledge. Since both the color and the shape of the object do not match the expected values, this object is considered highly anomalous.</s>"
97,"slippery road","blue","circle",1,"True","Explanation: According to the background knowledge, an object of type 'slippery road' should have the shape 'triangle' and the color 'red'. The observation of a 'slippery road' with the color 'blue' and the shape 'circle' is therefore considered highly anomalous.</s>"
98,"slippery road","blue","octagon",1,"True","Explanation: According to the background knowledge, all objects of type 'slippery road' should have the shape 'triangle' and color 'red'. The observation of an 'slippery road' with shape 'octagon' and color 'blue' is not allowed by the knowledge base, and therefore it is considered an anomaly.</s>"
99,"slippery road","blue","square",1,"True","Explanation: According to the background knowledge, the object of type 'slippery road' should have the shape 'triangle' and the color 'red'. The observation of the object having the shape 'square' and the color 'blue' is not consistent with the background knowledge, making it an anomaly. The high outlier score indicates that this observation is unusual and far from the expected values.</s>"
100,"restriction ends","yellow","inverse triangle",1,"True","Explanation: The given observation is anomalous because it contradicts the background knowledge. According to the knowledge base, all objects of type 'restriction ends' should have the color 'white'. However, the observation states that the object has the color 'yellow', which is not allowed. Therefore, the outlier score is 1.0, indicating a high probability of anomaly.</s>"
101,"restriction ends","yellow","triangle",1,"True","Explanation: According to the background knowledge, an object of type 'restriction ends' should have the color 'white'. The observation of this object having the color 'yellow' is not allowed by the knowledge base, making it an anomaly.</s>"
102,"restriction ends","yellow","circle",1,"True","Explanation: According to the background knowledge, objects of type 'restriction ends' should have the color 'white'. Therefore, an object of this type having the color 'yellow' is considered anomalous.</s>"
103,"restriction ends","yellow","octagon",1,"True","Explanation: According to the background knowledge, objects of type 'restriction ends' should have the color 'white'. The observation of the color 'yellow' is not allowed by the knowledge base, so it is considered an anomaly.</s>"
104,"restriction ends","yellow","square",1,"True","Explanation: According to the background knowledge, objects of type 'restriction ends' should have the color 'white'. The observation of the color 'yellow' is therefore anomalous.</s>"
105,"restriction ends","white","inverse triangle",1,"True","Explanation: According to the background knowledge, the shape of an object of type 'restriction ends' should be 'circle'. Therefore, an object of type 'restriction ends' with the shape 'inverse triangle' is considered anomalous.</s>"
106,"restriction ends","white","triangle",1,"True","Explanation: According to the background knowledge, an object of type 'restriction ends' should have the shape 'circle' and the color 'white'. The observation of a 'restriction ends' object with the shape 'triangle' is therefore considered an anomaly.</s>"
107,"restriction ends","white","circle",1,"True","Explanation: According to the background knowledge, objects of type 'restriction ends' should have the shape 'circle', but their color should be 'white'. The observation that the color of this object is 'white' is therefore consistent with the background knowledge. However, the observation that its shape is 'circle' is not consistent with the background knowledge, because objects of type 'restriction ends' should have the shape 'white'. Therefore, this observation is considered to be an anomaly.</s>"
108,"restriction ends","white","octagon",0.95,"True","Explanation: According to the background knowledge, the object of type 'restriction ends' should have the shape 'circle' and the color 'white'. However, the given observation states that its shape is 'octagon', which is not allowed by the knowledge base. Therefore, this observation is highly anomalous. The closest match in the knowledge base is the 'stop' sign, which has the color 'red' and the shape 'octagon', but this does not fit the given observation either.</s>"
109,"restriction ends","white","square",1,"True","Explanation: According to the background knowledge, objects of type 'restriction ends' should have the shape 'circle' and the color 'white'. However, the given observation states that the object has the shape 'square', which is not allowed by the knowledge base. Therefore, the observation is considered an anomaly.</s>"
110,"restriction ends","red","inverse triangle",1,"True","Explanation: According to the background knowledge, an object of type 'restriction ends' should have the shape 'circle' and the color 'white'. The given observation of the object having the shape 'inverse triangle' and color 'red' is not consistent with the background knowledge, making it an anomaly.</s>"
111,"restriction ends","red","triangle",1,"True","Explanation: According to the background knowledge, an object of type 'restriction ends' should have the shape 'circle' and the color 'white'. The given observation of a 'restriction ends' object with a 'triangle' shape and 'red' color is not consistent with the background knowledge, making it an anomaly.</s>"
112,"restriction ends","red","circle",1,"True","Explanation: According to the background knowledge, objects of type 'restriction ends' should have the shape 'circle', but their color should be 'white'. An object of type 'restriction ends' with the color 'red' is an anomaly.</s>"
113,"restriction ends","red","octagon",1,"True","Explanation: According to the background knowledge, an object of type 'restriction ends' should have the shape 'circle' and the color 'white'. The given observation of the object having the shape 'octagon' and color 'red' is not consistent with the background knowledge, making it an anomaly.</s>"
114,"restriction ends","red","square",1,"True","Explanation: According to the background knowledge, objects of type 'restriction ends' should have the shape 'circle' and the color 'white'. The given object has the color 'red' and the shape 'square', which are not the expected attributes. Therefore, the given observation is considered highly anomalous.</s>"
115,"restriction ends","blue","inverse triangle",1,"True","Explanation: According to the background knowledge, the object of type 'restriction ends' should have the color 'white'. However, the observation states that its color is 'blue'. Additionally, the object's shape is described as an 'inverse triangle', which is not a valid shape for this type of object. Therefore, this observation is highly anomalous.</s>"
116,"restriction ends","blue","triangle",1,"True","Explanation: According to the background knowledge, an object of type 'restriction ends' should have the color 'white'. The observation of this object having the color 'blue' is not allowed by the knowledge base, making it an anomaly.</s>"
117,"restriction ends","blue","circle",0.95,"True","Explanation: According to the background knowledge, an object of type 'restriction ends' should have the color 'white'. The observation that this object has the color 'blue' is highly anomalous.</s>"
118,"restriction ends","blue","octagon",1,"True","Explanation: According to the background knowledge, objects of type 'restriction ends' should have the color 'white'. The observation that this object has the color 'blue' is therefore anomalous.</s>"
119,"restriction ends","blue","square",1,"True","Explanation: According to the background knowledge, objects of type 'restriction ends' should have the color 'white'. The observation that this object has the color 'blue' is therefore anomalous.</s>"
120,"speed limit 70","yellow","inverse triangle",1,"True","Explanation: According to the background knowledge, an object of type 'speed limit 70' should have a color of 'red' and a shape of 'circle'. The observation of a 'speed limit 70' sign with a color of 'yellow' and a shape of 'inverse triangle' is therefore highly anomalous.</s>"
121,"speed limit 70","yellow","triangle",1,"True","Explanation: According to the background knowledge, an object of type 'speed limit 70' should have a 'circle' shape and a 'red' color. The observation of a 'triangle' shape and 'yellow' color is not allowed by the knowledge base, making it an anomaly.</s>"
122,"speed limit 70","yellow","circle",1,"True","Explanation: According to the background knowledge, an object of type 'speed limit 70' should have the color 'red'. The observation of this object having the color 'yellow' is not allowed by the knowledge base, making it an anomaly.</s>"
123,"speed limit 70","yellow","octagon",1,"True","Explanation: According to the background knowledge, an object of type 'speed limit 70' should have the color 'red' and the shape 'circle'. The observation of this object having the color 'yellow' and the shape 'octagon' is unusual and does not conform to the expected attributes. Therefore, the anomaly score is 1.0, indicating a high likelihood of an anomaly.</s>"
124,"speed limit 70","yellow","square",1,"True","Explanation: According to the background knowledge, an object of type 'speed limit 70' should have the color 'red' and the shape 'circle'. The observation of this object having the color 'yellow' and the shape 'square' is not consistent with the background knowledge, making it highly probable to be an anomaly.</s>"
125,"speed limit 70","white","inverse triangle",1,"True","Explanation: According to the background knowledge, an object of type 'speed limit 70' should have a color of 'red' and a shape of 'circle'. The observation of a color 'white' and a shape 'inverse triangle' is not consistent with the background knowledge, making it an anomaly.</s>"
126,"speed limit 70","white","triangle",1,"True","Explanation: According to the background knowledge, an object of type 'speed limit 70' should have a 'circle' shape and a 'red' color. The given observation of a 'triangle' shape and 'white' color is not consistent with the background knowledge, making it an anomaly.</s>"
127,"speed limit 70","white","circle",0.95,"True","Explanation: According to the background knowledge, an object of type 'speed limit 70' should have a red color. Since the observation states that the object has a white color, it is highly anomalous.</s>"
128,"speed limit 70","white","octagon",1,"True","Explanation: According to the background knowledge, an object of type 'speed limit 70' should have the color 'red' and the shape 'circle'. The observation of the object having the color 'white' and the shape 'octagon' is unusual and does not conform to the expected attributes. Therefore, the anomaly score is 1.0, indicating a high likelihood of an anomaly.</s>"
129,"speed limit 70","white","square",1,"True","Explanation: According to the background knowledge, an object of type 'speed limit 70' should have the shape 'circle' and the color 'red'. The observation of the object having the shape 'square' and color 'white' is not consistent with the background knowledge, making it an anomaly. The outlier score is therefore set to 1.0, indicating a high probability of anomaly.</s>"
130,"speed limit 70","red","inverse triangle",1,"True","Explanation: According to the background knowledge, an object of type 'speed limit 70' should have the shape 'circle' and the color 'red'. The observation of the shape being 'inverse triangle' is not allowed by the knowledge base, making it an anomaly. Therefore, the anomaly score is 1.0, indicating a high outlier score.</s>"
131,"speed limit 70","red","triangle",1,"True","Explanation: According to the background knowledge, an object of type 'speed limit 70' should have the shape 'circle' and the color 'red'. However, the observation states that its shape is 'triangle', which is not consistent with the background knowledge. Therefore, this observation is considered an anomaly.</s>"
132,"speed limit 70","red","circle",0.85,"True","Explanation: According to the background knowledge, an object of type 'speed limit 70' should have the color 'red' and the shape 'circle'. However, the observation states that the object has the color 'red', which is correct, but the shape is also given as 'circle'. This is unusual because all objects of type 'speed limit 70' should have the shape 'circle' and the color 'red'. Therefore, the shape 'circle' is redundant in this case, making it an anomalous observation.</s>"
133,"speed limit 70","red","octagon",1,"True","Explanation: According to the background knowledge, an object of type 'speed limit 70' should have the shape 'circle' and color 'red'. The observation of the object having the shape 'octagon' is highly anomalous.</s>"
134,"speed limit 70","red","square",1,"True","Explanation: According to the background knowledge, an object of type 'speed limit 70' should have the shape 'circle' and the color 'red'. The observation of a 'speed limit 70' object with a 'square' shape is considered an anomaly because it does not conform to the expected shape.</s>"
135,"speed limit 70","blue","inverse triangle",1,"True","Explanation: According to the background knowledge, an object of type 'speed limit 70' should have the shape 'circle' and the color 'red'. The observation of an 'inverse triangle' shape and 'blue' color is not allowed by the knowledge base, so it is considered an anomaly.</s>"
136,"speed limit 70","blue","triangle",1,"True","Explanation: According to the background knowledge, an object of type 'speed limit 70' should have the shape 'circle' and the color 'red'. The observation of the object having the shape 'triangle' and color 'blue' is unusual and does not conform to the background knowledge, resulting in a high outlier score.</s>"
137,"speed limit 70","blue","circle",0.95,"True","Explanation: According to the background knowledge, an object of type 'speed limit 70' should have a red color. The fact that it has a blue color makes it an anomaly. The shape of the sign is correct, but this does not affect the outlier score because the color is already highly anomalous.</s>"
138,"speed limit 70","blue","octagon",1,"True","Explanation: According to the background knowledge, an object of type 'speed limit 70' should have the color 'red' and the shape 'circle'. The observation of this object having the color 'blue' and the shape 'octagon' is not consistent with the background knowledge, making it highly probable to be an anomaly.</s>"
139,"speed limit 70","blue","square",1,"True","Explanation: According to the background knowledge, an object of type 'speed limit 70' should have the shape 'circle' and the color 'red'. The observation of the object having the shape 'square' and color 'blue' is not consistent with the background knowledge, making it an anomaly. The high outlier score indicates that this observation is unusual.</s>"
140,"bend left","yellow","inverse triangle",1,"True","Explanation: According to the background knowledge, objects of type 'bend left' should have the shape 'triangle' and the color 'red'. The observation of an object with the shape 'inverse triangle' and color 'yellow' is not compatible with the background knowledge, making it an anomaly.</s>"
141,"bend left","yellow","triangle",1,"True","Explanation: According to the background knowledge, objects of type 'bend left' should have the shape 'triangle', but their color should be 'red'. The observation that the color is 'yellow' is therefore considered highly anomalous. Additionally, the observation that the object has the shape 'triangle' is also considered anomalous because it is not explicitly allowed by the knowledge base.</s>"
142,"bend left","yellow","circle",1,"True","Explanation: According to the background knowledge, objects of type 'bend left' should have the shape 'triangle'. The given object has the shape 'circle' instead, which is not allowed by the knowledge base. Therefore, the object is considered an anomaly.</s>"
143,"bend left","yellow","octagon",1,"True","Explanation: According to the background knowledge, objects of type 'bend left' should have the shape 'triangle' and the color 'red'. The observation of an object with type 'bend left', shape 'octagon', and color 'yellow' is not consistent with the background knowledge, making it an anomaly.</s>"
144,"bend left","yellow","square",1,"True","Explanation: According to the background knowledge, objects of type 'bend left' should have the shape 'triangle' and the color 'red'. The observed object has the shape 'square' and the color 'yellow', which are not consistent with the background knowledge. Therefore, the object is considered an anomaly.</s>"
145,"bend left","white","inverse triangle",1,"True","Explanation: According to the background knowledge, an object of type 'bend left' should have the shape 'triangle' and the color 'red'. The observation of an 'inverse triangle' shape and 'white' color is not allowed by the knowledge base, making it an anomaly. The high outlier score reflects this unusual combination of shape and color for a 'bend left' object.</s>"
146,"bend left","white","triangle",1,"True","Explanation: According to the background knowledge, an object of type 'bend left' should have the shape 'triangle' and the color 'red'. The observation that the object has the shape 'triangle' is consistent with the background knowledge, but the color 'white' is not. Therefore, the observation is considered anomalous. The outlier score is set to 1.0 to indicate a high probability of anomaly.</s>"
147,"bend left","white","circle",1,"True","Explanation: According to the background knowledge, objects of type 'bend left' should have the shape 'triangle' and the color 'red'. The observation of a 'bend left' object with the shape 'circle' and color 'white' is therefore considered highly anomalous.</s>"
148,"bend left","white","octagon",1,"True","Explanation: According to the background knowledge, objects of type 'bend left' should have the shape 'triangle' and color 'red'. The observation of an object with type 'bend left', shape 'octagon', and color 'white' is not consistent with the background knowledge, making it an anomaly. The high outlier score indicates that this observation is unusual.</s>"
149,"bend left","white","square",1,"True","Explanation: According to the background knowledge, objects of type 'bend left' should have the shape 'triangle' and the color 'red'. The observation of a 'bend left' sign with the shape 'square' and color 'white' is not consistent with the background knowledge, making it highly probable to be an anomaly.</s>"
150,"bend left","red","inverse triangle",1,"True","Explanation: According to the background knowledge, objects of type 'bend left' should have the shape 'triangle' and the color 'red'. However, the observation states that the shape is 'inverse triangle', which is not consistent with the background knowledge. Therefore, this observation is considered an anomaly.</s>"
151,"bend left","red","triangle",1,"True","Explanation: According to the background knowledge, an object of type 'bend left' should have the shape 'triangle', but its shape is given as 'circle' in the observation. This is a violation of the background knowledge, making the observation an anomaly.</s>"
152,"bend left","red","circle",0.95,"True","Explanation: According to the background knowledge, objects of type 'bend left' should have the shape 'triangle' and the color 'red'. The observation of a 'bend left' object with the shape 'circle' is highly anomalous. Therefore, the anomaly score is close to 1.</s>"
153,"bend left","red","octagon",1,"True","Explanation: According to the background knowledge, objects of type 'bend left' should have the shape 'triangle'. The given object has the shape 'octagon', which is not a valid shape for this type. Therefore, this observation is considered an anomaly.</s>"
154,"bend left","red","square",1,"True","Explanation: According to the background knowledge, objects of type 'bend left' should have the shape 'triangle'. Therefore, an object of type 'bend left' with the shape 'square' is considered anomalous.</s>"
155,"bend left","blue","inverse triangle",1,"True","Explanation: According to the background knowledge, objects of type 'bend left' should have the shape 'triangle' and color 'red'. The observation of an object with type 'bend left', shape 'inverse triangle', and color 'blue' is not consistent with the given background knowledge, making it an anomaly.</s>"
156,"bend left","blue","triangle",1,"True","Explanation: According to the background knowledge, objects of type 'bend left' should have the shape 'triangle' and the color 'red'. The observation of an object with type 'bend left', shape 'triangle', and color 'blue' is not consistent with the background knowledge, and therefore it is considered an anomaly.</s>"
157,"bend left","blue","circle",1,"True","Explanation: According to the background knowledge, objects of type 'bend left' should have the shape 'triangle' and color 'red'. The observation of a 'bend left' sign with a 'circle' shape and 'blue' color is not consistent with the background knowledge, making it highly probable to be an anomaly.</s>"
158,"bend left","blue","octagon",1,"True","Explanation: According to the background knowledge, objects of type 'bend left' should have the shape 'triangle' and color 'red'. The observation of an object with type 'bend left', color 'blue', and shape 'octagon' is not consistent with the background knowledge, making it an anomaly. The high outlier score indicates that this observation is unusual.</s>"
159,"bend left","blue","square",1,"True","Explanation: According to the background knowledge, objects of type 'bend left' should have the shape 'triangle' and the color 'red'. The observation of a 'bend left' sign with the shape 'square' and color 'blue' is not consistent with the background knowledge, making it highly probable to be an anomaly.</s>"
160,"speed limit 30","yellow","inverse triangle",1,"True","Explanation: According to the background knowledge, an object of type 'speed limit 30' should have a red color and a circle shape. The observation of a yellow color and an inverse triangular shape is not allowed by the knowledge base, making it an anomaly.</s>"
161,"speed limit 30","yellow","triangle",1,"True","Explanation: According to the background knowledge, an object of type 'speed limit 30' should have a color of 'red' and a shape of 'circle'. The observation of a 'speed limit 30' object with a color 'yellow' and a shape 'triangle' is therefore highly anomalous.</s>"
162,"speed limit 30","yellow","circle",1,"True","Explanation: According to the background knowledge, an object of type 'speed limit 30' should have a red color. Since the observation states that the object has a yellow color, it is considered an anomaly.</s>"
163,"speed limit 30","yellow","octagon",1,"True","Explanation: According to the background knowledge, an object of type 'speed limit 30' should have a color of 'red' and a shape of 'circle'. The observation of the object having a color 'yellow' and a shape 'octagon' is unusual and does not conform to the expected attributes of this type of object. Therefore, the anomaly score is 1.0, indicating a high likelihood of this observation being anomalous.</s>"
164,"speed limit 30","yellow","square",1,"True","Explanation: According to the background knowledge, an object of type 'speed limit 30' should have a red color and a circular shape. The observation of a yellow color and a square shape is not consistent with this, making it highly probable to be an anomaly.</s>"
165,"speed limit 30","white","inverse triangle",1,"True","Explanation: According to the background knowledge, an object of type 'speed limit 30' should have a color of 'red' and a shape of 'circle'. The observation of a 'white' color and 'inverse triangle' shape is not consistent with this, making it an anomaly.</s>"
166,"speed limit 30","white","triangle",1,"True","Explanation: According to the background knowledge, an object of type 'speed limit 30' should have a red color and a circular shape. The given observation has a white color and a triangular shape, which is not consistent with the background knowledge. Therefore, the observation is considered highly anomalous.</s>"
167,"speed limit 30","white","circle",1,"True","Explanation: According to the background knowledge, an object of type 'speed limit 30' should have a red color. Since the observation states that the object has a white color, it is considered an anomaly.</s>"
168,"speed limit 30","white","octagon",1,"True","Explanation: According to the background knowledge, an object of type 'speed limit 30' should have the color 'red' and the shape 'circle'. The observation of this object having the color 'white' and the shape 'octagon' is not consistent with the background knowledge, making it an anomaly.</s>"
169,"speed limit 30","white","square",1,"True","Explanation: According to the background knowledge, an object of type 'speed limit 30' should have a red color and a circular shape. The observation of a white color and a square shape is not consistent with this, making it highly probable that this observation is an anomaly.</s>"
170,"speed limit 30","red","inverse triangle",1,"True","Explanation: According to the background knowledge, an object of type 'speed limit 30' should have a 'circle' shape and red color. The observation of an 'inverse triangle' shape is highly anomalous.</s>"
171,"speed limit 30","red","triangle",0.99,"True","Explanation: According to the background knowledge, an object of type 'speed limit 30' should have a circular shape and red color. However, the given observation states that its shape is a triangle, which is not consistent with the background knowledge. This inconsistency makes the observation highly anomalous.</s>"
172,"speed limit 30","red","circle",0.95,"True","Explanation: According to the background knowledge, an object of type 'speed limit 30' should have a red color. However, the observation states that its color is also 'red', which is redundant and unnecessary. This high outlier score indicates that the observation is anomalous because it contains unnecessary information.</s>"
173,"speed limit 30","red","octagon",1,"True","Explanation: According to the background knowledge, an object of type 'speed limit 30' should have a 'circle' shape and be 'red' colored. The observation of an 'octagon' shape is highly anomalous.</s>"
174,"speed limit 30","red","square",1,"True","Explanation: According to the background knowledge, an object of type 'speed limit 30' should have a 'circle' shape and be 'red' in color. The observation of a 'square' shape is highly anomalous.</s>"
175,"speed limit 30","blue","inverse triangle",1,"True","Explanation: The given observation is anomalous because it contradicts the background knowledge. According to the knowledge base, all objects of type 'speed limit 30' should have the shape 'circle' and the color 'red'. However, the observation states that the object has the shape 'inverse triangle' and the color 'blue', which is not consistent with the background knowledge. Therefore, the outlier score is 1.0, indicating a high probability of anomaly.</s>"
176,"speed limit 30","blue","triangle",1,"True","Explanation: According to the background knowledge, an object of type 'speed limit 30' should have a 'circle' shape and a 'red' color. The given object has a 'triangle' shape and 'blue' color, which is not allowed by the knowledge base. Therefore, it is considered an anomaly.</s>"
177,"speed limit 30","blue","circle",1,"True","Explanation: According to the background knowledge, an object of type 'speed limit 30' should have a red color. Since the given observation has a blue color instead, it is considered an anomaly.</s>"
178,"speed limit 30","blue","octagon",1,"True","Explanation: According to the background knowledge, an object of type 'speed limit 30' should have a color of 'red' and a shape of 'circle'. The observation states that the object's color is 'blue' and its shape is 'octagon', which are not the correct values for this type of object. Therefore, this observation is considered highly anomalous.</s>"
179,"speed limit 30","blue","square",1,"True","Explanation: According to the background knowledge, an object of type 'speed limit 30' should have a 'circle' shape and a 'red' color. The observation of a 'square' shape and 'blue' color is not allowed by the knowledge base, making it an anomaly.</s>"
180,"school crossing","yellow","inverse triangle",1,"True","Explanation: The background knowledge states that all objects of type 'school crossing' have the shape 'triangle' and the color 'red'. The observation describes an object of type 'school crossing' with the shape 'inverse triangle' and color 'yellow', which is not consistent with the background knowledge. Therefore, the object is considered an anomaly.</s>"
181,"school crossing","yellow","triangle",1,"True","Explanation: According to the background knowledge, an object of type 'school crossing' should have the shape 'triangle' and the color 'red'. The observation of the object having the color 'yellow' is not consistent with the background knowledge, making it an anomaly. Therefore, the anomaly score is 1.0, indicating a high probability of the observation being anomalous.</s>"
182,"school crossing","yellow","circle",1,"True","Explanation: Based on the background knowledge provided, all objects of type 'school crossing' have the shape 'triangle' and the color 'red'. Therefore, an object of type 'school crossing' that has the shape 'circle' and the color 'yellow' is considered an anomaly.</s>"
183,"school crossing","yellow","octagon",1,"True","Explanation: The background knowledge states that all objects of type 'school crossing' have the color 'red' and the shape 'triangle'. The observation describes the object as having the color 'yellow' and the shape 'octagon', which is not consistent with the background knowledge. Therefore, the object is considered an anomaly.</s>"
184,"school crossing","yellow","square",1,"True","Explanation: The background knowledge states that all objects of type 'school crossing' have the shape 'triangle' and the color 'red'. The observation describes an object of type 'school crossing' with a 'square' shape and 'yellow' color, which is not consistent with the background knowledge. Therefore, the object is considered an anomaly.</s>"
185,"school crossing","white","inverse triangle",1,"True","Explanation: The background knowledge states that all objects of type 'school crossing' have the shape 'triangle' and the color 'red'. The observation describes an object of type 'school crossing' with the shape 'inverse triangle' and the color 'white', which is different from the typical shape and color. Therefore, this observation is considered highly anomalous.</s>"
186,"school crossing","white","triangle",1,"True","Explanation: The background knowledge states that all objects of type 'school crossing' have the color 'red'. Therefore, an object of type 'school crossing' with the color 'white' is anomalous.</s>"
187,"school crossing","white","circle",1,"True","Explanation: Based on the background knowledge provided, all objects of type 'school crossing' have the shape 'triangle' and the color 'red'. Therefore, an object of type 'school crossing' that has the shape 'circle' and the color 'white' is considered an anomaly.</s>"
188,"school crossing","white","octagon",1,"True","Explanation: Based on the background knowledge provided, all objects of type 'school crossing' have the color 'red'. Additionally, all objects of type 'school crossing' have the shape 'triangle'. Therefore, an object of type 'school crossing' with the color 'white' and the shape 'octagon' is considered an anomaly.</s>"
189,"school crossing","white","square",1,"True","Explanation: The background knowledge states that all objects of type 'school crossing' have the shape 'triangle' and the color 'red'. The observation describes an object of type 'school crossing' with a 'square' shape and 'white' color, which is not consistent with the background knowledge, making it an anomaly.</s>"
190,"school crossing","red","inverse triangle",1,"True","Explanation: According to the background knowledge, all objects of type 'school crossing' have the shape 'triangle' and the color 'red'. The observation of an object of type 'school crossing' with the shape 'inverse triangle' is therefore considered highly anomalous.</s>"
191,"school crossing","red","triangle",1,"True","Explanation: According to the background knowledge, all objects of type 'school crossing' have the shape 'triangle', but their color should be 'red'. The observation states that the object has the shape 'triangle' and the color 'red', which is not explicitly allowed by the knowledge base. Therefore, the observation is considered anomalous.</s>"
192,"school crossing","red","circle",0.95,"True","Explanation: According to the background knowledge, a ""school crossing"" object should have the shape of a ""triangle"", but the observation states that it has the shape of a ""circle"". This is a significant deviation from what is expected, making the observation highly anomalous.</s>"
193,"school crossing","red","octagon",0.95,"True","Explanation: According to the background knowledge, a school crossing should have the shape 'triangle' and the color 'red'. The observation that it has the shape 'octagon' is highly anomalous. The probability is therefore set to 0.95, indicating a high outlier score.</s>"
194,"school crossing","red","square",1,"True","Explanation: According to the background knowledge, a school crossing should have the shape 'triangle' and the color 'red'. The observation of a 'school crossing' with a 'square' shape is highly anomalous.</s>"
195,"school crossing","blue","inverse triangle",1,"True","Explanation: The object is described as a ""school crossing"", which should have the shape ""triangle"" and color ""red"". However, the given color is ""blue"" and the shape is ""inverse triangle"", both of which are not typical for this type of object. Therefore, the object is highly anomalous.</s>"
196,"school crossing","blue","triangle",1,"True","Explanation: The background knowledge states that all objects of type 'school crossing' have the shape 'triangle', which is correct in this case. However, it also states that all objects of type 'school crossing' have the color 'red', which is not the case here as the object is 'blue'. Therefore, this observation is considered an anomaly.</s>"
197,"school crossing","blue","circle",1,"True","Explanation: According to the background knowledge, a school crossing should have the color 'red'. The fact that it has the color 'blue' instead makes it an anomaly.</s>"
198,"school crossing","blue","octagon",1,"True","Explanation: The background knowledge states that all objects of type 'school crossing' have the shape 'triangle', but the observation states that the shape is 'octagon'. Additionally, the background knowledge states that all objects of type 'school crossing' have the color 'red', but the observation states that the color is 'blue'. This is a significant deviation from the expected norms, and therefore the outlier score is high.</s>"
199,"school crossing","blue","square",1,"True","Explanation: The object is described as a ""school crossing"", which should have the shape ""triangle"" and color ""red"". However, the given observation states that the object has the color ""blue"" and the shape ""square"", which are not the typical attributes of a ""school crossing"". Therefore, this observation is highly anomalous.</s>"
200,"keep right","yellow","inverse triangle",1,"True","Explanation: According to the background knowledge, the shape of an object of type 'keep right' is a circle, and its color is blue. The given observation of the object having the shape 'inverse triangle' and color 'yellow' is not consistent with the background knowledge, making it an anomaly.</s>"
201,"keep right","yellow","triangle",1,"True","Explanation: According to the background knowledge, an object of type 'keep right' should have the color 'blue'. The observation of this object having the color 'yellow' is not allowed by the knowledge base, making it an anomaly.</s>"
202,"keep right","yellow","circle",1,"True","Explanation: According to the background knowledge, objects of type 'keep right' should have the shape 'circle', but their color should be 'blue'. The observation of a 'keep right' sign with color 'yellow' is not allowed by the knowledge base, so it is considered an anomaly. The high outlier score reflects this discrepancy.</s>"
203,"keep right","yellow","octagon",1,"True","Explanation: According to the background knowledge, an object of type 'keep right' should have the color 'blue'. The observation of this object having the color 'yellow' is not allowed by the knowledge base, making it an anomaly.</s>"
204,"keep right","yellow","square",1,"True","Explanation: According to the background knowledge, objects of type 'keep right' should have the color 'blue'. The observation of the color being 'yellow' is not allowed by the knowledge base, making it an anomaly. Additionally, objects of type 'keep right' should have the shape 'circle', but the observation of the shape being 'square' is also not allowed by the knowledge base, further confirming the anomaly.</s>"
205,"keep right","white","inverse triangle",1,"True","Explanation: According to the background knowledge, objects of type 'keep right' should have the shape 'circle' and the color 'blue'. The observed object has the shape 'inverse triangle' and the color 'white', which are not consistent with the background knowledge. Therefore, the object is considered an anomaly.</s>"
206,"keep right","white","triangle",1,"True","Explanation: According to the background knowledge, an object of type 'keep right' should have the shape 'circle' and the color 'blue'. The given observation has the shape 'triangle' and the color 'white', which is not consistent with the background knowledge. Therefore, the given observation is considered an anomaly.</s>"
207,"keep right","white","circle",1,"True","Explanation: According to the background knowledge, objects of type 'keep right' should have the shape 'circle', but their color should be 'blue'. An object of type 'keep right' with the color 'white' is not allowed by the knowledge base, so it is considered an anomaly.</s>"
208,"keep right","white","octagon",1,"True","Explanation: According to the background knowledge, objects of type 'keep right' should have the shape 'circle' and color 'blue'. The given observation of an object with type 'keep right', color 'white', and shape 'octagon' is not consistent with the background knowledge, making it highly probable to be an anomaly.</s>"
209,"keep right","white","square",1,"True","Explanation: According to the background knowledge, objects of type 'keep right' should have the shape 'circle' and the color 'blue'. The observed object has the shape 'square' and the color 'white', which are not consistent with the background knowledge. Therefore, the object is considered an anomaly.</s>"
210,"keep right","red","inverse triangle",1,"True","Explanation: According to the background knowledge, the shape of an object of type 'keep right' is a circle, not an inverted triangle. Therefore, this observation is considered an anomaly.</s>"
211,"keep right","red","triangle",1,"True","Explanation: According to the background knowledge, an object of type 'keep right' should have the shape 'circle' and the color 'blue'. The given observation of a 'keep right' sign with a 'triangle' shape and 'red' color is not consistent with this knowledge, and therefore it is considered an anomaly.</s>"
212,"keep right","red","circle",0.95,"True","Explanation: According to the background knowledge, objects of type 'keep right' should have the shape 'circle', but they should have the color 'blue'. An object of type 'keep right' with the color 'red' is highly anomalous.</s>"
213,"keep right","red","octagon",1,"True","Explanation: According to the background knowledge, an object of type 'keep right' should have the shape 'circle' and color 'blue'. The given observation has the shape 'octagon' which is not a valid shape for this type, making it an anomaly.</s>"
214,"keep right","red","square",1,"True","Explanation: According to the background knowledge, objects of type 'keep right' should have the shape 'circle' and the color 'blue'. The given object has the color 'red' and the shape 'square', which are not the expected attributes for this type of object. Therefore, the given observation is highly anomalous.</s>"
215,"keep right","blue","inverse triangle",1,"True","Explanation: According to the background knowledge, objects of type 'keep right' should have the shape 'circle' and color 'blue'. However, the given observation has the shape 'inverse triangle' which is not a valid shape for this type of object. Therefore, this observation is highly anomalous.</s>"
216,"keep right","blue","triangle",1,"True","Explanation: According to the background knowledge, an object of type 'keep right' should have the shape 'circle' and color 'blue'. However, the given observation states that the object has the shape 'triangle', which is not allowed by the knowledge base. Therefore, the observation is considered an anomaly.</s>"
217,"keep right","blue","circle",1,"True","Explanation: According to the background knowledge, objects of type 'keep right' should have the shape 'circle', but their color should be 'blue'. Therefore, an object of type 'keep right' that has the color 'blue' and the shape 'circle' is not anomalous with respect to its shape or color individually, but it is anomalous with respect to the combination of its shape and color, because this combination does not appear in the background knowledge.</s>"
218,"keep right","blue","octagon",1,"True","Explanation: According to the background knowledge, objects of type 'keep right' should have the shape 'circle' and color 'blue'. However, the given observation has the shape 'octagon', which is not allowed by the knowledge base. Therefore, the observation is considered an anomaly.</s>"
219,"keep right","blue","square",1,"True","Explanation: According to the background knowledge, objects of type 'keep right' should have the shape 'circle' and the color 'blue'. However, the given observation states that the object has the shape 'square', which is not allowed by the knowledge base. Therefore, the object is considered an anomaly. The outlier score is 1.0, which indicates a high probability of anomaly.</s>"
220,"go right","yellow","inverse triangle",1,"True","Explanation: According to the background knowledge, objects of type 'go right' should have the color 'blue'. The observation of a 'go right' sign with color 'yellow' is not allowed by the knowledge base, so it is considered an anomaly. Similarly, the shape 'inverse triangle' is not a valid shape for a 'go right' sign, but since the color is already considered an anomaly, we can stop there. The shape information might have provided an additional anomaly, but it is not needed here.</s>"
221,"go right","yellow","triangle",1,"True","Explanation: According to the background knowledge, an object of type 'go right' should have the color 'blue'. The observation of this object having the color 'yellow' is not allowed by the knowledge base, making it an anomaly.</s>"
222,"go right","yellow","circle",1,"True","Explanation: According to the background knowledge, objects of type 'go right' should have the color 'blue'. The observation that this object has the color 'yellow' is therefore anomalous.</s>"
223,"go right","yellow","octagon",1,"True","Explanation: According to the background knowledge, objects of type 'go right' should have the color 'blue'. Also, objects of type 'go right' should have one of the following shapes: 'circle', 'triangle', or 'square'. The given color 'yellow' and shape 'octagon' are not among the allowed values for these attributes. Therefore, the observation is highly anomalous.</s>"
224,"go right","yellow","square",1,"True","Explanation: According to the background knowledge, an object of type 'go right' should have the color 'blue'. The observation of the color 'yellow' is not allowed by the knowledge base, so it is considered an anomaly. Similarly, an object of type 'go right' should have the shape 'circle'. The observation of the shape 'square' is also not allowed by the knowledge base, making it an anomaly.</s>"
225,"go right","white","inverse triangle",1,"True","Explanation: According to the background knowledge, objects of type 'go right' should have the shape 'circle' and color 'blue'. The observed shape 'inverse triangle' is not among the allowed shapes for this type, making it an anomaly.</s>"
226,"go right","white","triangle",1,"True","Explanation: According to the background knowledge, objects of type 'go right' should have the color 'blue'. Therefore, an object of type 'go right' that has the color 'white' is anomalous.</s>"
227,"go right","white","circle",1,"True","Explanation: According to the background knowledge, objects of type 'go right' should have the color 'blue'. Therefore, an object of type 'go right' that has the color 'white' is anomalous.</s>"
228,"go right","white","octagon",1,"True","Explanation: According to the background knowledge, objects of type 'go right' should have the shape 'circle' and color 'blue'. The observed shape 'octagon' and color 'white' are not consistent with the background knowledge, making this observation highly anomalous.</s>"
229,"go right","white","square",1,"True","Explanation: According to the background knowledge, objects of type 'go right' should have the shape 'circle' and color 'blue'. The observed shape 'square' and color 'white' are not consistent with the background knowledge, making this observation highly anomalous.</s>"
230,"go right","red","inverse triangle",1,"True","Similarly, an object of type 'go right' should have the shape 'circle'. Therefore, an object of type 'go right' that has the shape 'inverse triangle' is also anomalous. However, since the anomaly"
231,"go right","red","triangle",1,"True","Explanation: According to the background knowledge, an object of type 'go right' should have the color 'blue'. Therefore, an object of type 'go right' that has the color 'red' is anomalous.</s>"
232,"go right","red","circle",1,"True","Explanation: According to the background knowledge, an object of type 'go right' should have the color 'blue'. Therefore, an object of type 'go right' that has the color 'red' is anomalous.</s>"
233,"go right","red","octagon",1,"True","Explanation: According to the background knowledge, an object of type 'go right' should have the color 'blue'. The given object, however, has the color 'red'. This is an anomaly because it does not conform to the expected color for this type of object. Additionally, the given object has the shape 'octagon', which is not a typical shape for an object of type 'go right'. This is another indication that the object is anomalous.</s>"
234,"go right","red","square",1,"True","Explanation: According to the background knowledge, an object of type 'go right' should have the color 'blue'. Therefore, an object of type 'go right' that has the color 'red' is anomalous.</s>"
235,"go right","blue","inverse triangle",1,"True","Explanation: According to the background knowledge, the shape of an object of type 'go right' should be a circle, not an inverted triangle. Therefore, this observation is considered an anomaly. The color 'blue' is as expected.</s>"
236,"go right","blue","triangle",0.99,"True","Everything not explicitly allowed by the knowledge base is considered anomalous. The observation of a 'go right' sign with shape 'triangle' is not explicitly allowed by the knowledge base, and is therefore considered anomalous.</s>"
237,"go right","blue","circle",0.85,"True","Explanation: According to the background knowledge, objects of type 'go right' should have the shape 'circle' and the color 'blue'. However, the shape of this object is also 'circle', which is not mentioned in the background knowledge as a possible shape for objects of type 'go right'. This makes the object's shape an anomaly. The anomaly score is high because the object's shape is not mentioned in the background knowledge, indicating that it is unusual.</s>"
238,"go right","blue","octagon",1,"True","Explanation: According to the background knowledge, objects of type 'go right' should have the shape 'circle' and color 'blue'. However, the given observation states that the object has the shape 'octagon', which is not allowed by the knowledge base. Therefore, the object is considered an anomaly. The high outlier score indicates that this observation is unusual due to the unexpected shape of the object.</s>"
239,"go right","blue","square",0.99,"True","Explanation: According to the background knowledge, objects of type 'go right' should have the shape 'circle' and color 'blue'. However, the given observation states that the object has the shape 'square', which is not mentioned as an allowed shape for this type. Therefore, this observation is highly anomalous. If the shape was 'circle' and the color was 'blue', the anomaly score would have been 0.</s>"
240,"go straight","yellow","inverse triangle",1,"True","Explanation: According to the background knowledge, an object of type 'go straight' should have the color 'blue'. The observation of this object having the color 'yellow' is not allowed by the knowledge base, making it an anomaly. Additionally, the shape 'inverse triangle' is not a valid shape for an object of type 'go straight', further indicating an anomaly.</s>"
241,"go straight","yellow","triangle",1,"True","Explanation: According to the background knowledge, an object of type 'go straight' should have the color 'blue'. The observation of this object having the color 'yellow' is not allowed by the knowledge base, making it an anomaly.</s>"
242,"go straight","yellow","circle",1,"True","Explanation: According to the background knowledge, objects of type 'go straight' should have the color 'blue'. Therefore, an object of type 'go straight' that has the color 'yellow' is anomalous.</s>"
243,"go straight","yellow","octagon",1,"True","Explanation: According to the background knowledge, an object of type 'go straight' should have the color 'blue'. The observation of this object having the color 'yellow' is not allowed by the knowledge base, making it an anomaly. Additionally, the shape 'octagon' is not mentioned as a valid shape for this type of object, further indicating an anomaly.</s>"
244,"go straight","yellow","square",1,"True","Explanation: According to the background knowledge, an object of type 'go straight' should have the color 'blue'. The observation of a 'go straight' sign with the color 'yellow' is not allowed by the knowledge base, so it is considered an anomaly. Similarly, the shape 'square' is not associated with the 'go straight' type, making it an additional basis for considering this observation anomalous.</s>"
245,"go straight","white","inverse triangle",1,"True","Explanation: According to the background knowledge, an object of type 'go straight' should have the shape 'circle' and color 'blue'. The given observation of an 'inverse triangle' shape and 'white' color is not consistent with this, making it an anomaly.</s>"
246,"go straight","white","triangle",1,"True","Explanation: According to the background knowledge, an object of type 'go straight' should have the color 'blue'. Therefore, an object of type 'go straight' with the color 'white' is anomalous.</s>"
247,"go straight","white","circle",1,"True","Explanation: According to the background knowledge, objects of type 'go straight' should have the color 'blue'. Therefore, an object of type 'go straight' with the color 'white' is considered anomalous.</s>"
248,"go straight","white","octagon",1,"True","Explanation: According to the background knowledge, an object of type 'go straight' should have the color 'blue'. However, the observation states that its color is 'white', which is not allowed by the knowledge base. Therefore, this observation is considered an anomaly. Additionally, an object of type 'go straight' should have the shape 'circle'. The observation states that its shape is 'octagon', which is also not allowed by the background knowledge. This further supports the anomaly score of 1.0.</s>"
249,"go straight","white","square",1,"True","Explanation: According to the background knowledge, an object of type 'go straight' should have the color 'blue'. Therefore, an object of type 'go straight' with the color 'white' is anomalous.</s>"
250,"go straight","red","inverse triangle",1,"True","Explanation: According to the background knowledge, an object of type 'go straight' should have the shape 'circle' and color 'blue'. The observation of an 'inverse triangle' shape and 'red' color is not allowed by the knowledge base, making it an anomaly.</s>"
251,"go straight","red","triangle",1,"True","Explanation: According to the background knowledge, an object of type 'go straight' should have the color 'blue'. Therefore, a 'go straight' object with the color 'red' is anomalous.</s>"
252,"go straight","red","circle",1,"True","Explanation: According to the background knowledge, objects of type 'go straight' should have the color 'blue'. Therefore, an object of type 'go straight' that has the color 'red' is anomalous.</s>"
253,"go straight","red","octagon",1,"True","Explanation: According to the background knowledge, an object of type 'go straight' should have the color 'blue'. Also, the only shapes associated with this type of object are 'circle' and 'triangle'. Therefore, an object of type 'go straight' with the color 'red' and the shape 'octagon' is highly anomalous.</s>"
254,"go straight","red","square",1,"True","Explanation: According to the background knowledge, an object of type 'go straight' should have the color 'blue'. Therefore, a 'go straight' object with the color 'red' is considered anomalous.</s>"
255,"go straight","blue","inverse triangle",1,"True","Explanation: According to the background knowledge, an object of type 'go straight' should have the shape 'circle' and color 'blue'. However, the given observation states that its shape is 'inverse triangle', which is not consistent with the background knowledge. Therefore, the observation is considered an anomaly.</s>"
256,"go straight","blue","triangle",1,"True","Explanation: According to the background knowledge, objects of type 'go straight' should have the color 'blue'. However, they should have the shape 'circle'. An object of type 'go straight' with color 'blue' and shape 'triangle' is not specified in the knowledge base, so it is considered an anomaly. The anomaly score is 1.0, which indicates a high probability of anomaly.</s>"
257,"go straight","blue","circle",0.95,"True","According to the background knowledge, objects of type 'go straight' should have the shape of a circle and the color blue. However, the shape of the object is also a circle, which is not among the allowed shapes for this type. Therefore, this observation is highly anomalous. The closest match in the background knowledge is an object of type 'roundabout', which has the shape of a circle and the color blue, but there is no exact match.</s>"
258,"go straight","blue","octagon",1,"True","Explanation: According to the background knowledge, an object of type 'go straight' should have the shape 'circle' and color 'blue'. However, the given observation states that its shape is 'octagon', which is not allowed by the knowledge base. Therefore, the observation is considered an anomaly.</s>"
259,"go straight","blue","square",1,"True","Explanation: According to the background knowledge, objects of type 'go straight' should have the shape 'circle' and color 'blue'. The observation of a 'go straight' object with a 'square' shape is considered an anomaly.</s>"
260,"construction","yellow","inverse triangle",1,"True","Explanation: The background knowledge states that all objects of type 'construction' have the shape 'triangle', but the observation states that the shape is 'inverse triangle'. This is a significant deviation from the expected shape, making the observation highly anomalous. Additionally, the observation states that the color of the construction object is 'yellow', but the background knowledge does not provide any information about the color of construction objects. However, since the shape is already highly anomalous, the color does not significantly affect the anomaly score.</s>"
261,"construction","yellow","triangle",1,"True","Explanation: According to the background knowledge, an object of type 'construction' should have the color 'red'. The given observation that it has the color 'yellow' is not allowed by the knowledge base, making it an anomaly.</s>"
262,"construction","yellow","circle",1,"True","Explanation: According to the background knowledge, an object of type 'construction' should have the shape 'triangle'. The given object has the shape 'circle', which is not allowed by the knowledge base. Therefore, the object is considered an anomaly.</s>"
263,"construction","yellow","octagon",1,"True","Explanation: According to the background knowledge, an object of type 'construction' should have the shape 'triangle'. The given object has the shape 'octagon', which is not allowed by the knowledge base. Therefore, the given observation is considered an anomaly.</s>"
264,"construction","yellow","square",1,"True","Explanation: According to the background knowledge, an object of type 'construction' should have the shape 'triangle'. The given object has the shape 'square', which is not allowed by the knowledge base. Therefore, the object is considered an anomaly.</s>"
265,"construction","white","inverse triangle",1,"True","Explanation: The background knowledge states that all objects of type 'construction' have the shape 'triangle'. Therefore, an object of type 'construction' with the shape 'inverse triangle' is anomalous.</s>"
266,"construction","white","triangle",0.25,"False","Explanation: According to the background knowledge, an 'object of type construction' typically has a 'triangle' shape. However, its color is specified as 'white', which is not mentioned in the background knowledge. The only other property specified for 'object of type construction' is 'red' for color. Therefore, the 'white' color of this 'object of type construction' is an anomaly, but the 'triangle' shape is not. Considering these two factors, the anomaly score is calculated to be a moderate value of 0.2"
267,"construction","white","circle",0.95,"True","Explanation: According to the background knowledge, an object of type 'construction' should have the shape 'triangle' and the color 'red'. The given observation of a 'construction' object with a 'circle' shape and 'white' color is highly unusual and does not conform to the expected attributes. Therefore, the outlier score is close to 1.0, indicating a high probability of anomaly.</s>"
268,"construction","white","octagon",1,"True","Explanation: According to the background knowledge, an object of type 'construction' should have the shape 'triangle'. The given object has the shape 'octagon', which is not allowed by the knowledge base. Therefore, the given observation is considered an anomaly. The color 'white' is not mentioned in the knowledge base for objects of type 'construction', but it does not affect the anomaly score because the shape is already an anomaly.</s>"
269,"construction","white","square",0.1,"False","Explanation: According to the background knowledge, an object of type 'construction' has a shape of 'triangle'. However, the observation states that the shape of this object is 'square'. This is a slight discrepancy, but it is possible that the shape of the 'construction' object can vary. The color of the object, 'white', is consistent with the background knowledge. Therefore, the anomaly score is relatively low (0.1), indicating that the observation is not particularly unusual.</s>"
270,"construction","red","inverse triangle",1,"True","Explanation: The background knowledge states that all objects of type 'construction' have the shape 'triangle', but the observation describes the shape as 'inverse triangle'. This is a significant deviation from the expected shape, and therefore the observation is considered highly anomalous.</s>"
271,"construction","red","triangle",1,"True","Explanation: According to the background knowledge, an ""object of type 'construction'"" should have the shape of a triangle, but its color should be red. The given observation states that the object is both red and triangle-shaped, which contradicts the knowledge that construction signs have the color red. Therefore, this is considered an anomaly. The outlier score is 1.0, indicating a high probability of anomaly.</s>"
272,"construction","red","circle",0.95,"True","Explanation: According to the background knowledge, an object of type 'construction' should have the shape 'triangle' and the color 'red'. However, the observation states that the shape is 'circle', which is not consistent with the background knowledge. Therefore, this observation is highly anomalous. The shape 'circle' is not mentioned in the background knowledge as being associated with any type of object, which makes it even more anomalous.</s>"
273,"construction","red","octagon",1,"True","Explanation: According to the background knowledge, an object of type 'construction' should have the shape 'triangle'. The given object has the shape 'octagon', which is not allowed by the knowledge base. Therefore, the given observation is considered an anomaly. The color 'red' is not mentioned in the knowledge base for objects of type 'construction', but it does not affect the anomaly score because the shape is already an anomaly.</s>"
274,"construction","red","square",0.95,"True","Explanation: According to the background knowledge, an object of type 'construction' should have the shape 'triangle'. The given object has the shape 'square', which is not in the set of allowed shapes for this type. Therefore, this observation is highly anomalous. The color 'red' is not mentioned as an allowed color for this type, but since it is not explicitly forbidden, it is not considered anomalous in this case.</s>"
275,"construction","blue","inverse triangle",1,"True","Explanation: The background knowledge states that all objects of type 'construction' have the shape 'triangle' and the color 'red'. The observation describes an object of type 'construction' with the shape 'inverse triangle' and color 'blue', which is not consistent with the background knowledge. Therefore, the observation is considered highly anomalous.</s>"
276,"construction","blue","triangle",1,"True","Explanation: According to the background knowledge, an object of type 'construction' should have the color 'red'. The given object has the color 'blue' instead, which is not allowed by the knowledge base. Therefore, the given observation is considered an anomaly.</s>"
277,"construction","blue","circle",1,"True","Explanation: According to the background knowledge, an object of type 'construction' should have the shape 'triangle' and the color 'red'. The observed object has the shape 'circle' and the color 'blue', which are not consistent with the background knowledge. Therefore, the object is considered an anomaly.</s>"
278,"construction","blue","octagon",1,"True","Explanation: According to the background knowledge, an object of type 'construction' should have the shape 'triangle' and the color 'red'. The observed object has the shape 'octagon' and the color 'blue', which are not consistent with the background knowledge. Therefore, the observation is considered highly anomalous.</s>"
279,"construction","blue","square",1,"True","Explanation: According to the background knowledge, an object of type 'construction' should have the shape 'triangle'. The given object has the shape 'square', which is not allowed by the knowledge base. Therefore, the object is considered an anomaly.</s>"
280,"no overtaking","yellow","inverse triangle",1,"True","Explanation: The object is described as having the type 'no overtaking', which should have the shape 'circle' and color 'red' according to the background knowledge. However, the given color is 'yellow' and the shape is 'inverse triangle', which are not the expected values. This makes the observation highly anomalous.</s>"
281,"no overtaking","yellow","triangle",1,"True","Explanation: According to the background knowledge, objects of type 'no overtaking' should have the shape 'circle' and color 'red'. The given object has shape 'triangle' and color 'yellow', which are different from the expected values. Therefore, this observation is highly anomalous.</s>"
282,"no overtaking","yellow","circle",1,"True","Explanation: According to the background knowledge, objects of type 'no overtaking' should have a red color. Since the given observation has a yellow color instead, it is highly probable that this observation is anomalous.</s>"
283,"no overtaking","yellow","octagon",1,"True","Explanation: According to the background knowledge, objects of type 'no overtaking' should have the shape 'circle' and color 'red'. The given object has the shape 'octagon' and color 'yellow', which are not specified in the knowledge base for this type. Therefore, it is considered an anomaly.</s>"
284,"no overtaking","yellow","square",1,"True","Explanation: According to the background knowledge, objects of type 'no overtaking' should have the shape 'circle' and the color 'red'. The given object has the shape 'square' and the color 'yellow', which are not specified as valid combinations in the knowledge base. Therefore, this observation is highly anomalous.</s>"
285,"no overtaking","white","inverse triangle",1,"True","Explanation: According to the background knowledge, objects of type 'no overtaking' should have the shape 'circle' and color 'red'. The given object has the shape 'inverse triangle' and color 'white', which are not consistent with the background knowledge. Therefore, the given observation is highly anomalous.</s>"
286,"no overtaking","white","triangle",1,"True","Explanation: According to the background knowledge, objects of type 'no overtaking' should have the shape 'circle' and color 'red'. The given object has the shape 'triangle' and color 'white', which are not consistent with the background knowledge. Therefore, the given observation is highly anomalous.</s>"
287,"no overtaking","white","circle",0.95,"True","Explanation: According to the background knowledge, objects of type 'no overtaking' should have the shape 'circle', but their color should be 'red'. The given observation states that the object has the color 'white', which is not mentioned as a valid color for this type of object. Therefore, this observation is highly anomalous. The closest matching object according to the background knowledge is 'roundabout', which has the shape 'circle' and color 'blue'. However, 'roundabout' is not a valid type in the given observation, so the observation remains"
288,"no overtaking","white","octagon",1,"True","Explanation: According to the background knowledge, objects of type 'no overtaking' should have the shape 'circle' and color 'red'. The given object has the shape 'octagon' and color 'white', which are not consistent with the background knowledge. Therefore, the given observation is highly anomalous.</s>"
289,"no overtaking","white","square",1,"True","Explanation: According to the background knowledge, objects of type 'no overtaking' should have the shape 'circle' and color 'red'. The given object has the shape 'square' and color 'white', which is not allowed by the knowledge base. Therefore, the given observation is considered an anomaly.</s>"
290,"no overtaking","red","inverse triangle",1,"True","Explanation: According to the background knowledge, objects of type 'no overtaking' should have a shape of 'circle' and color 'red'. However, the observed object has a shape of 'inverse triangle', which is not allowed by the knowledge base. Therefore, this observation is considered an anomaly.</s>"
291,"no overtaking","red","triangle",0.95,"True","Additional note: The outlier score is not exactly 1 because there is a small possibility that the observation is correct and the background knowledge is incomplete or incorrect. However, given the context and the high confidence in the background knowledge, the outlier score"
292,"no overtaking","red","circle",0.95,"True","Explanation: The background knowledge states that objects of type 'no overtaking' should have the shape 'circle', but it should be red in color. The observation matches the color but has an anomalous shape. The shape 'circle' is usually associated with other types of objects. Therefore, this observation is highly anomalous.</s>"
293,"no overtaking","red","octagon",0.95,"True","Explanation: According to the background knowledge, objects of type 'no overtaking' should have the shape 'circle' and color 'red'. The observation has the correct color but an incorrect shape, making it highly anomalous. The shape of the object is 'octagon', which is typically associated with 'stop' signs.</s>"
294,"no overtaking","red","square",0.95,"True","Explanation: According to the background knowledge, objects of type 'no overtaking' should have the shape 'circle' and the color 'red'. The observation that the shape is 'square' is highly anomalous. The color 'red' is consistent with the background knowledge, but since the shape is 'square', the overall anomaly score is still very high.</s>"
295,"no overtaking","blue","inverse triangle",1,"True","Explanation: According to the background knowledge, objects of type 'no overtaking' should have the shape 'circle' and color 'red'. The given object has the color 'blue' and shape 'inverse triangle', which are not consistent with the background knowledge. Therefore, the given observation is highly anomalous.</s>"
296,"no overtaking","blue","triangle",1,"True","Explanation: According to the background knowledge, objects of type 'no overtaking' should have the shape 'circle' and color 'red'. The given object has shape 'triangle' and color 'blue', which are not consistent with the background knowledge. Therefore, the given observation is highly anomalous.</s>"
297,"no overtaking","blue","circle",1,"True","Explanation: According to the background knowledge, objects of type 'no overtaking' should have the shape 'circle', but their color should be 'red'. The observation of a 'no overtaking' sign with a 'blue' color is an anomaly.</s>"
298,"no overtaking","blue","octagon",1,"True","Explanation: According to the background knowledge, objects of type 'no overtaking' should have the shape 'circle' and color 'red'. The given object has the shape 'octagon' and color 'blue', which are not consistent with the background knowledge. Therefore, the given observation is highly anomalous.</s>"
299,"no overtaking","blue","square",1,"True","Explanation: According to the background knowledge, objects of type 'no overtaking' should have the shape 'circle' and color 'red'. The given object has the shape 'square' and color 'blue', which are not consistent with the background knowledge. Therefore, the given observation is highly anomalous.</s>"
300,"speed limit 50","yellow","inverse triangle",1,"True","Explanation: According to the background knowledge, an object of type 'speed limit 50' should have a 'circle' shape and the color 'red'. The observation of an 'inverse triangle' shape and 'yellow' color is not allowed by the knowledge base, making it an anomaly.</s>"
301,"speed limit 50","yellow","triangle",1,"True","Explanation: According to the background knowledge, an object of type 'speed limit 50' should have a red color and a circle shape. The given observation of a yellow color and triangle shape is not consistent with this knowledge, making it an anomaly.</s>"
302,"speed limit 50","yellow","circle",1,"True","Explanation: According to the background knowledge, an object of type 'speed limit 50' should have a red color. Since the observation states that its color is yellow, it is considered an anomaly.</s>"
303,"speed limit 50","yellow","octagon",1,"True","Explanation: According to the background knowledge, an object of type 'speed limit 50' should have a red color and a circular shape. The observation of a yellow color and an octagonal shape is not allowed by the knowledge base, making it an anomaly.</s>"
304,"speed limit 50","yellow","square",1,"True","Explanation: According to the background knowledge, an object of type 'speed limit 50' should have a 'red' color and a 'circle' or 'triangle' shape. The given observation of a 'yellow' color and 'square' shape is not consistent with this information, making it highly probable to be an anomaly.</s>"
305,"speed limit 50","white","inverse triangle",1,"True","Explanation: According to the background knowledge, an object of type 'speed limit 50' should have a red color and a triangle shape. The observation of a white color and an inverse triangle shape is not allowed by the knowledge base, making it an anomaly.</s>"
306,"speed limit 50","white","triangle",1,"True","Explanation: According to the background knowledge, an object of type 'speed limit 50' should have a red color and a circle shape. The given object has a white color and a triangle shape, which is not allowed by the knowledge base. Therefore, it is considered an anomaly.</s>"
307,"speed limit 50","white","circle",0.95,"True","Explanation: According to the background knowledge, an object of type 'speed limit 50' should have a red color. The observation of a white color for this object type is highly unusual and therefore has a high outlier score.</s>"
308,"speed limit 50","white","octagon",1,"True","Explanation: According to the background knowledge, an object of type 'speed limit 50' should have the color 'red' and the shape 'circle'. The observation of the object having the color 'white' and the shape 'octagon' is not consistent with the background knowledge, making it an anomaly.</s>"
309,"speed limit 50","white","square",1,"True","Explanation: According to the background knowledge, an object of type 'speed limit 50' should have a 'red' color and a 'circle' or 'triangle' shape. The given observation of a 'white' color and 'square' shape is not consistent with the background knowledge, making it an anomaly.</s>"
310,"speed limit 50","red","inverse triangle",1,"True","Explanation: According to the background knowledge, an object of type 'speed limit 50' should have the shape 'circle' and the color 'red'. The observation of an 'inverse triangle' shape is highly anomalous.</s>"
311,"speed limit 50","red","triangle",1,"True","Explanation: According to the background knowledge, an object of type 'speed limit 50' should have the shape 'circle' and the color 'red'. However, the observation states that its shape is 'triangle', which is not allowed by the knowledge base. Therefore, this observation is considered an anomaly.</s>"
312,"speed limit 50","red","circle",0.95,"True","Explanation: According to the background knowledge, an object of type 'speed limit 50' should have the shape 'circle' and the color 'red'. However, the observation also states that the object has the shape 'circle'. Since there is no information about multiple valid shapes for an object of type 'speed limit 50', this observation is highly anomalous.</s>"
313,"speed limit 50","red","octagon",1,"True","Explanation: According to the background knowledge, an object of type 'speed limit 50' should have the shape 'circle' and the color 'red'. The observation of the shape being 'octagon' is not allowed by the knowledge base, and therefore it is considered an anomaly. The color 'red' is allowed, but it does not affect the anomaly score because the shape is already anomalous.</s>"
314,"speed limit 50","red","square",1,"True","Explanation: According to the background knowledge, an object of type 'speed limit 50' should have the shape 'circle' and the color 'red'. The observation of the object having the shape 'square' is unusual and does not conform to the background knowledge, resulting in a high outlier score.</s>"
315,"speed limit 50","blue","inverse triangle",1,"True","Explanation: According to the background knowledge, an object of type 'speed limit 50' should have a 'red' color and a 'triangle' or 'circle' shape. The given object's 'blue' color and 'inverse triangle' shape are not mentioned in the knowledge base, making it an anomaly.</s>"
316,"speed limit 50","blue","triangle",1,"True","Explanation: According to the background knowledge, an object of type 'speed limit 50' should have a 'red' color and a 'circle' or 'triangle' shape. However, the given observation states that the object has a 'blue' color and a 'triangle' shape, which is not allowed by the knowledge base. Therefore, the observation is considered an anomaly.</s>"
317,"speed limit 50","blue","circle",1,"True","Explanation: According to the background knowledge, an object of type 'speed limit 50' should have a red color. Since the given observation has a blue color instead, it is considered an anomaly.</s>"
318,"speed limit 50","blue","octagon",1,"True","Explanation: According to the background knowledge, an object of type 'speed limit 50' should have the shape 'circle' and the color 'red'. The observation of the object having the shape 'octagon' and color 'blue' is not consistent with the background knowledge, making it an anomaly.</s>"
319,"speed limit 50","blue","square",1,"True","Explanation: According to the background knowledge, an object of type 'speed limit 50' should have a 'red' color and a 'circle' or 'triangle' shape. The given object's 'blue' color and 'square' shape are not mentioned in the knowledge base, making it an anomaly.</s>"
320,"restriction ends overtaking trucks","yellow","inverse triangle",1,"True","Explanation: The object is described as having the type 'restriction ends overtaking trucks', which should have the shape 'circle' and color 'white' according to the background knowledge. However, the given observation states that its shape is 'inverse triangle' and its color is 'yellow', which is different from what is in the background knowledge. Therefore, this observation is highly anomalous.</s>"
321,"restriction ends overtaking trucks","yellow","triangle",1,"True","Explanation: According to the background knowledge, an object of type 'restriction ends overtaking trucks' should have the shape 'circle' and the color 'white'. The observation of the object having the shape 'triangle' and color 'yellow' is unusual because it does not conform to the expected attributes of this type. Therefore, the outlier score is 1.0, indicating a high probability of anomaly.</s>"
322,"restriction ends overtaking trucks","yellow","circle",1,"True","Explanation: According to the background knowledge, objects of type 'restriction ends overtaking trucks' should have the shape 'circle' and the color 'white'. However, the observation states that its color is 'yellow', which is not allowed by the knowledge base. Therefore, this observation is considered an anomaly.</s>"
323,"restriction ends overtaking trucks","yellow","octagon",1,"True","Explanation: The object is described as having the type 'restriction ends overtaking trucks', which should have the shape 'circle' and color 'white' according to the background knowledge. However, the given observation states that its shape is 'octagon' and color is 'yellow', which does not match the expected attributes. Therefore, this object is highly likely to be an anomaly.</s>"
324,"restriction ends overtaking trucks","yellow","square",1,"True","Explanation: The object is described as having the type 'restriction ends overtaking trucks', which has a typical color of 'white' and a shape of 'circle'. The observation states that the color is 'yellow' and the shape is 'square', both of which are not typical for this type of object. Therefore, this observation is highly anomalous.</s>"
325,"restriction ends overtaking trucks","white","inverse triangle",0.95,"True","Explanation: According to the background knowledge, the object of type 'restriction ends overtaking trucks' should have the shape 'circle' and color 'white'. However, the given observation states that its shape is 'inverse triangle', which is not consistent with the background knowledge. Therefore, this observation is highly anomalous.</s>"
326,"restriction ends overtaking trucks","white","triangle",1,"True","Explanation: According to the background knowledge, an object of type 'restriction ends overtaking trucks' should have the shape 'circle' and the color 'white'. However, the observation states that its shape is 'triangle', which is not consistent with the background knowledge. Therefore, this observation is considered an anomaly. The outlier score is set to 1.0 to indicate a high probability of anomaly.</s>"
327,"restriction ends overtaking trucks","white","circle",0.95,"True","Explanation: According to the background knowledge, the object of type 'restriction ends overtaking trucks' should have the shape 'circle', but its color should be 'white', not 'red' as specified. This is a high-anomaly score because it is unexpected for this type of object to have a 'white' color.</s>"
328,"restriction ends overtaking trucks","white","octagon",0.95,"True","Explanation: According to the background knowledge, the object of type 'restriction ends overtaking trucks' should have the shape 'circle' and color 'white'. However, the given observation states that its shape is 'octagon', which is not consistent with the background knowledge. Therefore, this observation is highly anomalous. The color 'white' is consistent with the background knowledge, so it does not contribute to the anomaly score. If the shape was consistent with the background knowledge, the anomaly score would be close to 0, as there is no"
329,"restriction ends overtaking trucks","white","square",0.95,"True","Explanation: According to the background knowledge, the object of type 'restriction ends overtaking trucks' should have the shape 'circle' and the color 'white'. However, the given observation states that its shape is 'square', which is not mentioned in the knowledge base. Therefore, this observation is highly anomalous. The knowledge base states that the color 'white' is correct, so the anomaly is not related to the color.</s>"
330,"restriction ends overtaking trucks","red","inverse triangle",0.95,"True","Explanation: According to the background knowledge, the object of type 'restriction ends overtaking trucks' should have the shape 'circle' and color 'white'. The given observation has the shape 'inverse triangle' which is not mentioned in the background knowledge for this type, making it highly anomalous.</s>"
331,"restriction ends overtaking trucks","red","triangle",1,"True","Explanation: According to the background knowledge, an object of type 'restriction ends overtaking trucks' should have the shape 'circle' and the color 'white'. The observation of the object having the shape 'triangle' and the color 'red' is therefore considered an anomaly.</s>"
332,"restriction ends overtaking trucks","red","circle",0.95,"True","Explanation: According to the background knowledge, the object of type 'restriction ends overtaking trucks' should have the shape 'circle' and the color 'white'. However, the observation states that its color is 'red', which is not consistent with the background knowledge. Therefore, this observation is highly anomalous. The fact that the shape is 'circle' does not contradict the background knowledge, but it is not enough to make the observation non-anomalous. The combination of the shape and color being 'circle' and 'red' respectively is"
333,"restriction ends overtaking trucks","red","octagon",1,"True","Explanation: According to the background knowledge, objects of type 'restriction ends overtaking trucks' should have the shape 'circle' and color 'white'. The observation of an 'octagon' shape and 'red' color is not consistent with the background knowledge, making it an anomaly.</s>"
334,"restriction ends overtaking trucks","red","square",1,"True","Explanation: According to the background knowledge, objects of type 'restriction ends overtaking trucks' should have the shape 'circle' and the color 'white'. The observation of a 'restriction ends overtaking trucks' sign with a 'square' shape and 'red' color is therefore considered highly anomalous.</s>"
335,"restriction ends overtaking trucks","blue","inverse triangle",1,"True","Explanation: The object is described as having the type 'restriction ends overtaking trucks', which should have the shape 'circle' and color 'white' according to the background knowledge. However, the given observation states that its shape is 'inverse triangle' and color 'blue', which is different from what is expected. Therefore, this observation is considered highly anomalous.</s>"
336,"restriction ends overtaking trucks","blue","triangle",1,"True","Explanation: According to the background knowledge, an object of type 'restriction ends overtaking trucks' should have the shape 'circle' and color 'white'. The observation of the object having the shape 'triangle' and color 'blue' is unusual because it does not conform to the expected attributes of this type. Therefore, the anomaly score is 1.0, indicating a high probability of the observation being anomalous.</s>"
337,"restriction ends overtaking trucks","blue","circle",1,"True","Explanation: According to the background knowledge, objects of type 'restriction ends overtaking trucks' should have the shape 'circle' and the color 'white'. However, the observation states that its color is 'blue', which is not allowed by the knowledge base. Therefore, this observation is considered an anomaly.</s>"
338,"restriction ends overtaking trucks","blue","octagon",1,"True","Explanation: According to the background knowledge, objects of type 'restriction ends overtaking trucks' should have the shape 'circle' and color 'white'. The observation of an 'octagon' shape and 'blue' color is not consistent with the background knowledge, making it an anomaly.</s>"
339,"restriction ends overtaking trucks","blue","square",1,"True","Explanation: According to the background knowledge, objects of type 'restriction ends overtaking trucks' should have the shape 'circle' and color 'white'. The observation of a 'square' shape and 'blue' color is not allowed by the knowledge base, making it an anomaly.</s>"
340,"no traffic both ways","yellow","inverse triangle",1,"True","Explanation: According to the background knowledge, objects of type 'no traffic both ways' should have the color 'red' and the shape 'circle'. The observation of a 'no traffic both ways' sign with the color 'yellow' and the shape 'inverse triangle' is unusual and does not conform to the expected attributes. Therefore, the outlier score is 1.0, indicating a high probability of anomaly.</s>"
341,"no traffic both ways","yellow","triangle",1,"True","Explanation: According to the background knowledge, objects of type 'no traffic both ways' should have the color 'red' and the shape 'circle'. The observation of this object having the color 'yellow' and the shape 'triangle' is unusual and does not conform to the expected attributes. Therefore, the anomaly score is 1.0, indicating a high likelihood of this observation being anomalous.</s>"
342,"no traffic both ways","yellow","circle",1,"True","Explanation: According to the background knowledge, an object of type 'no traffic both ways' should have the color 'red'. The fact that it has the color 'yellow' is not allowed by the knowledge base, so it is considered anomalous.</s>"
343,"no traffic both ways","yellow","octagon",1,"True","Explanation: According to the background knowledge, objects of type 'no traffic both ways' should have the color 'red' and the shape 'circle'. The observation of this object having the color 'yellow' and the shape 'octagon' is unusual and does not conform to the expected attributes. Therefore, the anomaly score is 1.0, indicating a high probability of anomaly.</s>"
344,"no traffic both ways","yellow","square",1,"True","Explanation: According to the background knowledge, an object of type 'no traffic both ways' should have the color 'red'. The fact that it has the color 'yellow' is therefore anomalous.</s>"
345,"no traffic both ways","white","inverse triangle",1,"True","Explanation: According to the background knowledge, objects of type 'no traffic both ways' should have the shape 'circle' and color 'red'. The observation of an 'inverse triangle' shape and 'white' color is unusual and does not conform to the expected attributes. Therefore, the outlier score is 1.0, indicating a high probability of anomaly.</s>"
346,"no traffic both ways","white","triangle",1,"True","Explanation: According to the background knowledge, objects of type 'no traffic both ways' should have the shape 'circle' and the color 'red'. The given observation of a 'no traffic both ways' sign with a 'triangle' shape and 'white' color is not consistent with this knowledge, making it highly probable to be an anomaly.</s>"
347,"no traffic both ways","white","circle",1,"True","Explanation: According to the background knowledge, objects of type 'no traffic both ways' should have the color 'red'. The fact that it has the color 'white' is therefore anomalous.</s>"
348,"no traffic both ways","white","octagon",1,"True","Explanation: According to the background knowledge, an object of type 'no traffic both ways' should have the shape 'circle' and the color 'red'. The observation of an 'octagon' shape and 'white' color is not mentioned in the knowledge base, making it an anomaly. Therefore, the anomaly score is 1.0, indicating a high probability of the observation being anomalous.</s>"
349,"no traffic both ways","white","square",1,"True","Explanation: According to the background knowledge, objects of type 'no traffic both ways' should have the shape 'red' and color 'red'. The observation of the object having the shape 'square' and color 'white' is not consistent with the background knowledge, making it an anomaly.</s>"
350,"no traffic both ways","red","inverse triangle",1,"True","Explanation: According to the background knowledge, objects of type 'no traffic both ways' should have the shape 'circle' and the color 'red'. The observation of an 'inverse triangle' shape is highly anomalous.</s>"
351,"no traffic both ways","red","triangle",1,"True","Explanation: According to the background knowledge, an object of type 'no traffic both ways' should have a 'circle' shape and a 'red' color. However, the given observation states that its shape is 'triangle', which is not consistent with the background knowledge. Therefore, this observation is considered an anomaly.</s>"
352,"no traffic both ways","red","circle",1,"True","Explanation: According to the background knowledge, objects of type 'no traffic both ways' should have the shape 'red' and the color 'red'. However, the observation states that its shape is 'circle', which is not consistent with the background knowledge. Therefore, this observation is considered an anomaly. The high outlier score indicates that the observation is unusual and does not conform to the expected patterns.</s>"
353,"no traffic both ways","red","octagon",1,"True","Explanation: According to the background knowledge, objects of type 'no traffic both ways' should have the shape 'circle' and color 'red'. The observation that its shape is 'octagon' is not consistent with the background knowledge, making it an anomaly.</s>"
354,"no traffic both ways","red","square",1,"True","Explanation: According to the background knowledge, objects of type 'no traffic both ways' should have the shape 'red' and the color 'red'. However, the observation states that its shape is 'square', which is not in the set of allowed shapes for this type of object. Therefore, this observation is considered an anomaly.</s>"
355,"no traffic both ways","blue","inverse triangle",1,"True","Explanation: According to the background knowledge, objects of type 'no traffic both ways' should have the shape 'circle' and color 'red'. The observation of an 'inverse triangle' shape and 'blue' color is not allowed by the knowledge base, making it an anomaly.</s>"
356,"no traffic both ways","blue","triangle",1,"True","Explanation: According to the background knowledge, objects of type 'no traffic both ways' should have the shape 'circle' and color 'red'. The given observation of a 'no traffic both ways' sign with a 'triangle' shape and 'blue' color is not consistent with this knowledge, making it highly probable to be an anomaly.</s>"
357,"no traffic both ways","blue","circle",1,"True","Explanation: According to the background knowledge, objects of type 'no traffic both ways' should have the color 'red'. The fact that this object has the color 'blue' makes it an anomaly.</s>"
358,"no traffic both ways","blue","octagon",1,"True","Explanation: According to the background knowledge, objects of type 'no traffic both ways' should have the shape 'circle' and color 'red'. The observation of an object with type 'no traffic both ways', color 'blue', and shape 'octagon' is not consistent with the background knowledge, and therefore it is considered an anomaly.</s>"
359,"no traffic both ways","blue","square",1,"True","Explanation: According to the background knowledge, an object of type 'no traffic both ways' should have the shape 'red' and color 'red'. The observation of the object having the shape 'square' and color 'blue' is not consistent with the background knowledge, making it an anomaly.</s>"
360,"roundabout","yellow","inverse triangle",1,"True","Explanation: The given observation is anomalous because it contradicts the background knowledge. According to the knowledge base, all objects of type 'roundabout' should have the shape 'circle' and the color 'blue'. However, the observation states that the object has the shape 'inverse triangle' and the color 'yellow', which is not consistent with the background knowledge. Therefore, the outlier score is 1.0, indicating a high probability of anomaly.</s>"
361,"roundabout","yellow","triangle",1,"True","Explanation: The observation is anomalous because it contradicts the background knowledge. According to the knowledge base, all objects of type 'roundabout' should have the shape 'circle' and the color 'blue'. However, the observation states that the object has the shape 'triangle' and the color 'yellow', which is not consistent with the background knowledge. Therefore, the observation is considered an anomaly.</s>"
362,"roundabout","yellow","circle",1,"True","Explanation: According to the background knowledge, the shape of a roundabout is a circle, which is correct. However, the color of a roundabout should be blue, not yellow. Therefore, this observation is highly anomalous.</s>"
363,"roundabout","yellow","octagon",1,"True","Explanation: The given observation states that there is an object of type 'roundabout' with the color 'yellow' and the shape 'octagon'. According to the background knowledge, the typical color for 'roundabout' is 'blue', and its typical shape is 'circle'. Therefore, this observation is highly anomalous as it significantly deviates from the expected attributes of a 'roundabout'.</s>"
364,"roundabout","yellow","square",1,"True","Explanation: The given observation states that there is an object of type 'roundabout' which has the color 'yellow' and the shape 'square'. According to the background knowledge provided, the typical color for a 'roundabout' is 'blue', and its typical shape is 'circle'. Therefore, this observation is entirely inconsistent with the expected norms, making it a highly anomalous occurrence.</s>"
365,"roundabout","white","inverse triangle",1,"True","Explanation: The given observation is anomalous because it contradicts the background knowledge. According to the knowledge base, all objects of type 'roundabout' should have the shape 'circle' and the color 'blue'. However, the observation states that the object has the shape 'inverse triangle' and the color 'white', which does not match the expected attributes of a 'roundabout' sign. Therefore, the probability of this observation being anomalous is 1.0, indicating a high outlier score.</s>"
366,"roundabout","white","triangle",1,"True","Explanation: The observation is anomalous because an object of type 'roundabout' should have the shape 'circle' and color 'blue' according to the background knowledge.</s>"
367,"roundabout","white","circle",1,"True","Explanation: According to the background knowledge, an object of type 'roundabout' should have the color 'blue'. Therefore, an object of type 'roundabout' with the color 'white' is considered anomalous.</s>"
368,"roundabout","white","octagon",1,"True","Explanation: The knowledge base states that all objects of type 'roundabout' have the shape 'circle'. Therefore, an object of type 'roundabout' with the shape 'octagon' is considered an anomaly.</s>"
369,"roundabout","white","square",1,"True","Explanation: The given observation is anomalous because it does not conform to the background knowledge. According to the knowledge base, an object of type 'roundabout' should have the shape 'circle' and the color 'blue'. However, the observation states that the object has the shape 'square' and the color 'white', which is not specified in the knowledge base for this type of object. Therefore, the combination of the given type, color, and shape is considered an anomaly.</s>"
370,"roundabout","red","inverse triangle",1,"True","Explanation: The given observation is anomalous because it does not conform to the background knowledge. According to the knowledge base, an object of type 'roundabout' should have the shape 'circle' and the color 'blue'. However, the observation states that the object has the shape 'inverse triangle' and the color 'red', which is not in line with the expected attributes of a 'roundabout'. Therefore, the probability of this observation being anomalous is 1.0, indicating a high outlier score.</s>"
371,"roundabout","red","triangle",1,"True","Explanation: The knowledge base states that all objects of type 'roundabout' have the shape 'circle' and the color 'blue'. The observation of a 'roundabout' with a 'triangle' shape and 'red' color is not consistent with the knowledge base, and therefore it is considered an anomaly.</s>"
372,"roundabout","red","circle",0.95,"True","Explanation: According to the background knowledge, a roundabout should have the shape 'circle' and the color 'blue'. However, the observation states that the color of the roundabout is 'red', which is not in line with the expected color. Therefore, this observation is highly anomalous. The expected color for a roundabout is 'blue', but the actual color observed is 'red'.</s>"
373,"roundabout","red","octagon",1,"True","Explanation: The knowledge base states that all objects of type 'roundabout' have the shape 'circle' and the color 'blue'. The observation describes an object of type 'roundabout' with the shape 'octagon' and color 'red', which is not in line with the background knowledge, making it an anomaly.</s>"
374,"roundabout","red","square",1,"True","Explanation: The knowledge base states that all objects of type 'roundabout' have the shape 'circle' and the color 'blue'. The observation of a 'roundabout' with a 'square' shape and 'red' color is not allowed by the knowledge base, so it is considered an anomaly.</s>"
375,"roundabout","blue","inverse triangle",1,"True","Explanation: The given observation is anomalous because it does not conform to the background knowledge. According to the knowledge base, all objects of type 'roundabout' should have the shape 'circle' and the color 'blue'. However, the observation states that the object has the shape 'inverse triangle', which is not a valid shape for a 'roundabout'. Therefore, the outlier score is 1.0, indicating a high level of anomaly.</s>"
376,"roundabout","blue","triangle",1,"True","Explanation: The observation is anomalous because it contradicts the background knowledge. According to the knowledge base, all objects of type 'roundabout' have the shape 'circle' and the color 'blue'. However, the observation states that the object has the shape 'triangle', which is not allowed by the knowledge base. Therefore, the outlier score is 1.0, indicating a high probability of anomaly.</s>"
377,"roundabout","blue","circle",0.95,"True","Explanation: According to the background knowledge, a roundabout should have the shape 'circle' and the color 'blue'. This is not anomalous. However, the combination of these two features is not a part of the explicitly allowed combinations in the background knowledge. The knowledge base only lists 'roundabout' as having the shape 'circle', but it does not list any specific color for 'roundabout'. Therefore, the color 'blue' is an unexpected feature for a 'roundabout'. This is why the outlier score is relatively high, indicating that the observation"
378,"roundabout","blue","octagon",1,"True","Explanation: According to the background knowledge, the shape of a roundabout is a circle, not an octagon. Therefore, this observation is highly anomalous.</s>"
379,"roundabout","blue","square",1,"True","Explanation: The given observation is anomalous because it does not conform to the background knowledge. According to the knowledge base, an object of type 'roundabout' should have the shape 'circle' and the color 'blue'. However, the observation states that the object has the shape 'square', which is not allowed by the knowledge base. Therefore, the outlier score is 1.0, indicating a high level of anomaly.</s>"
380,"bend","yellow","inverse triangle",1,"True","Explanation: The given observation is anomalous because it contradicts the background knowledge. According to the knowledge base, objects of type 'bend' should have the shape 'triangle', but in this case, the shape is given as 'inverse triangle'. Additionally, the color 'yellow' is not a valid color for objects of type 'bend'.</s>"
381,"bend","yellow","triangle",1,"True","Explanation: According to the background knowledge, objects of type 'bend' should have the shape 'triangle' and the color 'red'. However, the given observation states that the object has the color 'yellow', which is not consistent with the background knowledge. Therefore, the observation is considered an anomaly. The high outlier score indicates that the observation is very unusual given the background knowledge.</s>"
382,"bend","yellow","circle",1,"True","Explanation: According to the background knowledge, objects of type 'bend' should have the shape 'triangle'. Also, there is no allowance for the color 'yellow' for objects of type 'bend'. Therefore, this observation is highly anomalous.</s>"
383,"bend","yellow","octagon",1,"True","Explanation: According to the background knowledge, objects of type 'bend' should have the shape 'triangle'. Also, there is no allowance for the color 'yellow' for objects of type 'bend'. Therefore, this observation is highly anomalous.</s>"
384,"bend","yellow","square",1,"True","Explanation: The given observation is anomalous because it contradicts the background knowledge. According to the knowledge base, objects of type 'bend' should have the shape 'triangle' and the color 'red'. However, the observation describes the object as having the shape 'square' and the color 'yellow', which is not allowed by the knowledge base. Therefore, the outlier score is 1.0, indicating a high probability of anomaly.</s>"
385,"bend","white","inverse triangle",1,"True","Explanation: According to the background knowledge, the shape ""inverse triangle"" is associated with the traffic sign ""give way"", which should have the color ""red"". The fact that the given object has the color ""white"" makes it an anomaly. Additionally, there is no explicit allowance in the knowledge base for the combination of the ""bend"" type and the ""inverse triangle"" shape, making it another reason for considering this observation as an anomaly.</s>"
386,"bend","white","triangle",1,"True","Explanation: According to the background knowledge, objects of type 'bend' should have the shape 'triangle' and the color 'red'. However, the given object has the color 'white', which is not allowed by the knowledge base. Therefore, this object is considered an anomaly.</s>"
387,"bend","white","circle",1,"True","Explanation: According to the background knowledge, objects of type 'bend' should have the shape 'triangle'. Therefore, an object of type 'bend' with the shape 'circle' is considered anomalous.</s>"
388,"bend","white","octagon",1,"True","Explanation: The given observation is anomalous because it contradicts the background knowledge. According to the knowledge base, objects of type 'bend' should have the shape 'triangle' and the color 'red'. However, the observation describes the object as having the shape 'octagon' and the color 'white', which is not allowed by the knowledge base. Therefore, the outlier score is 1.0, indicating a high probability of anomaly.</s>"
389,"bend","white","square",1,"True","Explanation: According to the background knowledge, objects of type 'bend' should have the shape 'triangle' and the color 'red'. The observed object has the shape 'square' and the color 'white', which is not allowed by the background knowledge, making it an anomaly.</s>"
390,"bend","red","inverse triangle",1,"True","Explanation: According to the background knowledge, objects of type 'bend' should have the shape 'triangle'. An object of type 'bend' with the shape 'inverse triangle' is therefore anomalous.</s>"
391,"bend","red","triangle",0.95,"True","Explanation: According to the background knowledge, an object of type 'bend' should have the shape 'triangle' and the color 'red'. Therefore, the object matches the type requirement. However, the combination of the type 'bend', the shape 'triangle', and the color 'red' is not explicitly allowed by the knowledge base. The knowledge base only allows the shapes 'circle', 'square', 'inverse triangle', 'octagon', and the colors 'red', 'yellow' for the type 'bend'. Therefore, this"
392,"bend","red","circle",1,"True","Explanation: Based on the background knowledge provided, all objects of type 'bend' should have the shape 'triangle'. Therefore, an object of type 'bend' with the shape 'circle' is considered an anomaly.</s>"
393,"bend","red","octagon",1,"True","Explanation: Based on the background knowledge provided, all objects of type 'bend' should have the shape 'triangle'. Therefore, an object of type 'bend' with the shape 'octagon' is considered an anomaly. The color 'red' does not contribute to the anomaly score because it is the expected color for this type of object.</s>"
394,"bend","red","square",1,"True","Explanation: According to the background knowledge, the shape of an object of type 'bend' should be 'triangle'. Therefore, a 'bend' with the shape 'square' is considered an anomaly.</s>"
395,"bend","blue","inverse triangle",1,"True","Explanation: The given observation is anomalous because it contradicts the background knowledge. According to the knowledge base, objects of type 'bend' should have the shape 'triangle' and color 'red'. However, the observation describes the object as having the shape 'inverse triangle' and color 'blue', which is not specified in the knowledge base for objects of type 'bend'. Therefore, the observation is considered an anomaly.</s>"
396,"bend","blue","triangle",1,"True","Explanation: According to the background knowledge, the shape of an object of type 'bend' should be 'triangle' or sometimes 'circle', but it should never be 'blue'. The color 'blue' is only mentioned in the context of 'go right', 'go left', 'go straight', 'go right or straight', 'go left or straight', 'keep right', 'keep left', 'roundabout', 'restriction ends overtaking', and 'restriction ends overtaking trucks'. Therefore, this observation is highly anomalous."
397,"bend","blue","circle",1,"True","Explanation: According to the background knowledge, objects of type 'bend' should have the shape 'triangle'. The given observation of the object having the shape 'circle' is not allowed by the knowledge base, making it an anomaly.</s>"
398,"bend","blue","octagon",1,"True","Explanation: The given observation is anomalous because it contradicts the background knowledge. According to the knowledge base, objects of type 'bend' should have the shape 'triangle' and color 'red'. However, the observation describes the object as having the shape 'octagon' and color 'blue', which is not allowed by the knowledge base. Therefore, the outlier score is 1.0, indicating a high probability of anomaly.</s>"
399,"bend","blue","square",1,"True","Explanation: The given observation is anomalous because it contradicts the background knowledge. According to the knowledge base, objects of type 'bend' should have the shape 'triangle' and the color 'red'. However, the observation states that the object has the shape 'square' and the color 'blue', which is not allowed by the knowledge base. Therefore, the outlier score is 1.0, indicating a high probability of anomaly.</s>"
400,"no entry","yellow","inverse triangle",1,"True","Explanation: According to the background knowledge, an object of type 'no entry' should have the color 'red'. The observation of the color 'yellow' is not allowed by the knowledge base, so it is considered an anomaly. Additionally, the shape 'inverse triangle' is not mentioned as an allowed shape for objects of type 'no entry', but since the color is already considered an anomaly, I only return one anomaly score.</s>"
401,"no entry","yellow","triangle",1,"True","Explanation: According to the background knowledge, an object of type 'no entry' should have the color 'red'. The observation of the object having the color 'yellow' is not allowed by the knowledge base, making it an anomaly.</s>"
402,"no entry","yellow","circle",1,"True","Explanation: According to the background knowledge, objects of type 'no entry' should have the shape 'circle' and the color 'red'. However, the given observation states that the object has the color 'yellow', which is not allowed by the background knowledge. Therefore, the observation is considered an anomaly. The high outlier score indicates that it is highly unlikely or unusual for an object of type 'no entry' to have the color 'yellow'.</s>"
403,"no entry","yellow","octagon",1,"True","Explanation: According to the background knowledge, an object of type 'no entry' should have the color 'red'. The observation of the object having the color 'yellow' is not allowed by the knowledge base, making it an anomaly.</s>"
404,"no entry","yellow","square",1,"True","Explanation: According to the background knowledge, an object of type 'no entry' should have the color 'red'. The given observation that it has the color 'yellow' is not allowed by the knowledge base, so it is considered an anomaly.</s>"
405,"no entry","white","inverse triangle",1,"True","Explanation: According to the background knowledge, an object of type 'no entry' should have the shape 'circle' and color 'red'. The given observation of an 'inverse triangle' shape and 'white' color is not consistent with this, making it an anomaly.</s>"
406,"no entry","white","triangle",1,"True","Explanation: According to the background knowledge, an object of type 'no entry' should have the shape 'circle' and color 'red'. The given observation of a 'no entry' sign with a 'triangle' shape and 'white' color is not consistent with the background knowledge, making it highly probable to be an anomaly.</s>"
407,"no entry","white","circle",1,"True","Everything not explicitly allowed by the knowledge base is considered anomalous. In this case, the combination of the 'no entry' type, the 'circle' shape, and the 'white' color is not explicitly allowed by the knowledge base.</s>"
408,"no entry","white","octagon",1,"True","Explanation: According to the background knowledge, an object of type 'no entry' should have the color 'red' and the shape 'circle'. The observation of this object having the color 'white' and the shape 'octagon' is therefore considered highly anomalous.</s>"
409,"no entry","white","square",1,"True","Explanation: According to the background knowledge, an object of type 'no entry' should have the shape 'circle' and the color 'red'. The given observation of a 'no entry' sign with a 'square' shape and 'white' color is not consistent with this, making it highly probable to be an anomaly.</s>"
410,"no entry","red","inverse triangle",1,"True","Explanation: According to the background knowledge, an object of type 'no entry' should have the shape 'circle' and the color 'red'. However, the given observation states that its shape is 'inverse triangle', which is not consistent with the background knowledge. Therefore, the observation is considered an anomaly.</s>"
411,"no entry","red","triangle",1,"True","Explanation: According to the background knowledge, an object of type 'no entry' should have the shape 'circle' and the color 'red'. However, the given observation states that its shape is 'triangle', which is not consistent with the background knowledge. Therefore, this observation is considered an anomaly.</s>"
412,"no entry","red","circle",0.95,"True","Explanation: According to the background knowledge, an object of type 'no entry' should have a shape of 'circle' and color 'red'. However, the shape is also 'circle' which is not typical for this type of object. This is a strong indication of an anomaly.</s>"
413,"no entry","red","octagon",1,"True","Explanation: According to the background knowledge, an object of type 'no entry' should have the shape 'circle' and color 'red'. However, the given observation states that its shape is 'octagon', which is not allowed by the knowledge base. Therefore, the object is considered an anomaly. The high outlier score indicates that this observation is unusual due to the inconsistency in shape.</s>"
414,"no entry","red","square",1,"True","Explanation: According to the background knowledge, an object of type 'no entry' should have the shape 'circle' and the color 'red'. However, the given observation states that its shape is 'square', which is not consistent with the background knowledge. Therefore, this observation is considered an anomaly.</s>"
415,"no entry","blue","inverse triangle",1,"True","Explanation: According to the background knowledge, an object of type 'no entry' should have the shape 'circle' and color 'red'. The given observation of an 'inverse triangle' shape and 'blue' color is not consistent with this, making it an anomaly.</s>"
416,"no entry","blue","triangle",1,"True","Explanation: According to the background knowledge, an object of type 'no entry' should have the color 'red' and the shape 'circle'. The observation of this object having the color 'blue' and the shape 'triangle' is therefore highly anomalous.</s>"
417,"no entry","blue","circle",1,"True","Explanation: According to the background knowledge, objects of type 'no entry' should have the shape 'circle', but their color should be 'red'. The observation of a 'no entry' sign with color 'blue' is therefore considered highly anomalous. The high outlier score reflects this discrepancy.</s>"
418,"no entry","blue","octagon",1,"True","Explanation: According to the background knowledge, an object of type 'no entry' should have the color 'red' and the shape 'circle'. The observation of this object having the color 'blue' and the shape 'octagon' is unusual and does not conform to the expected attributes of a 'no entry' sign. Therefore, the outlier score is 1.0, indicating a high probability of anomaly.</s>"
419,"no entry","blue","square",1,"True","Explanation: According to the background knowledge, an object of type 'no entry' should have the shape 'circle' and color 'red'. The given observation of a 'no entry' sign with a 'square' shape and 'blue' color is not consistent with this, making it highly probable to be an anomaly.</s>"
420,"speed limit 60","yellow","inverse triangle",1,"True","Explanation: According to the background knowledge, an object of type 'speed limit 60' should have a color of 'red' and a shape of 'circle'. The observation of a 'yellow' color and 'inverse triangle' shape is not consistent with this, making it an anomaly.</s>"
421,"speed limit 60","yellow","triangle",1,"True","Explanation: According to the background knowledge, an object of type 'speed limit 60' should have a red color and a circle shape. The observation of a yellow color and a triangle shape is not allowed by the knowledge base, making it an anomaly.</s>"
422,"speed limit 60","yellow","circle",1,"True","Explanation: According to the background knowledge, an object of type 'speed limit 60' should have a red color. Since the observation states that the object has a yellow color, it is considered an anomaly.</s>"
423,"speed limit 60","yellow","octagon",1,"True","Explanation: According to the background knowledge, an object of type 'speed limit 60' should have the color 'red' and the shape 'circle'. The observation of this object having the color 'yellow' and the shape 'octagon' is not consistent with the background knowledge, making it highly probable to be an anomaly.</s>"
424,"speed limit 60","yellow","square",1,"True","Explanation: According to the background knowledge, an object of type 'speed limit 60' should have the color 'red' and the shape 'circle'. The observation of this object having the color 'yellow' and the shape 'square' is not explicitly allowed by the knowledge base, making it an anomaly.</s>"
425,"speed limit 60","white","inverse triangle",1,"True","Explanation: According to the background knowledge, an object of type 'speed limit 60' should have the color 'red' and the shape 'circle'. The observation of a 'speed limit 60' sign with the color 'white' and the shape 'inverse triangle' is not consistent with the background knowledge, making it an anomaly.</s>"
426,"speed limit 60","white","triangle",1,"True","Explanation: According to the background knowledge, an object of type 'speed limit 60' should have the color 'red' and the shape 'circle'. The observation of this object having the color 'white' and the shape 'triangle' is unusual and does not conform to the expected attributes. Therefore, the anomaly score is 1.0, indicating a high likelihood of an anomaly.</s>"
427,"speed limit 60","white","circle",0.95,"True","Explanation: According to the background knowledge, an object of type 'speed limit 60' should have the color 'red', but the observation states that its color is 'white'. This is a significant deviation from the expected property, making the observation highly anomalous.</s>"
428,"speed limit 60","white","octagon",1,"True","Explanation: According to the background knowledge, an object of type 'speed limit 60' should have the color 'red' and the shape 'circle'. The observation of this object having the color 'white' and the shape 'octagon' is unusual and does not conform to the expected attributes. Therefore, the anomaly score is 1.0, indicating a high likelihood of an anomaly.</s>"
429,"speed limit 60","white","square",1,"True","Explanation: According to the background knowledge, an object of type 'speed limit 60' should have the color 'red' and the shape 'circle'. The observation of a 'speed limit 60' object with color 'white' and shape 'square' is not consistent with the background knowledge, making it an anomaly.</s>"
430,"speed limit 60","red","inverse triangle",1,"True","Explanation: According to the background knowledge, an object of type 'speed limit 60' should have the shape 'circle' and the color 'red'. The observation of the shape being 'inverse triangle' is not allowed by the knowledge base, making it an anomaly. Therefore, the anomaly score is 1.0, indicating a high outlier score.</s>"
431,"speed limit 60","red","triangle",1,"True","Explanation: According to the background knowledge, an object of type 'speed limit 60' should have the shape 'circle' and the color 'red'. The observation of the shape being 'triangle' is not consistent with the background knowledge, making it an anomaly.</s>"
432,"speed limit 60","red","circle",0.95,"True","Explanation: According to the background knowledge, an object of type 'speed limit 60' should have the color 'red' and the shape 'circle'. However, the observation states that the object has the color 'red', which is correct, but the shape is also given as 'circle'. According to the background knowledge, the shape of an object of type 'speed limit 60' should be 'circle', so this is not an anomaly. However, the observation also states that the object has the shape 'circle', which is redundant information"
433,"speed limit 60","red","octagon",1,"True","Explanation: According to the background knowledge, an object of type 'speed limit 60' should have the shape 'circle' and the color 'red'. The observation of the shape being 'octagon' is not allowed by the knowledge base, so it is considered an anomaly. The color 'red' is allowed, so no anomaly points are given for that attribute.</s>"
434,"speed limit 60","red","square",1,"True","Explanation: According to the background knowledge, an object of type 'speed limit 60' should have the shape 'circle' and the color 'red'. The observation of a 'speed limit 60' sign with a 'square' shape is considered an anomaly. Therefore, the outlier score is 1.0, indicating a high probability of an anomaly.</s>"
435,"speed limit 60","blue","inverse triangle",1,"True","Explanation: According to the background knowledge, an object of type 'speed limit 60' should have the shape 'circle' and the color 'red'. The observation of an 'inverse triangle' shape and 'blue' color is not allowed by the knowledge base, so it is considered an anomaly.</s>"
436,"speed limit 60","blue","triangle",1,"True","Explanation: According to the background knowledge, an object of type 'speed limit 60' should have the shape 'circle' and the color 'red'. The observation of the object having the shape 'triangle' and color 'blue' is unusual and does not conform to the background knowledge, therefore it is considered an anomaly.</s>"
437,"speed limit 60","blue","circle",1,"True","Explanation: According to the background knowledge, an object of type 'speed limit 60' should have the color 'red', but the observation states that its color is 'blue'. This is a significant deviation from the expected color, making the observation highly anomalous.</s>"
438,"speed limit 60","blue","octagon",1,"True","Explanation: According to the background knowledge, an object of type 'speed limit 60' should have the color 'red' and the shape 'circle'. The observation of this object having the color 'blue' and the shape 'octagon' is highly anomalous.</s>"
439,"speed limit 60","blue","square",1,"True","Explanation: According to the background knowledge, an object of type 'speed limit 60' should have the shape 'circle' and the color 'red'. The observation of the object having the shape 'square' and color 'blue' is not consistent with the background knowledge, making it an anomaly.</s>"
440,"animals","yellow","inverse triangle",1,"True","Explanation: The background knowledge states that all objects of type 'animals' have the shape 'triangle', but the observation states that the shape of this object is 'inverse triangle'. Additionally, the observation states that the color of this object is 'yellow', but the background knowledge does not provide information about the color of objects of type 'animals'. Therefore, this object is highly anomalous.</s>"
441,"animals","yellow","triangle",1,"True","Explanation: The background knowledge states that all objects of type 'animals' have the shape 'triangle', but it does not specify any color for this type of object. However, it does specify that all objects of type 'speed limit 20', 'speed limit 30', 'no overtaking trucks', 'priority at next intersection', 'give way', 'stop', 'no traffic both ways', 'no trucks', 'no entry', 'danger', 'bend left', 'speed limit 50', 'bend right',"
442,"animals","yellow","circle",1,"True","Explanation: According to the background knowledge, an 'animals' object should have a 'triangle' shape and a 'red' color. The given observation of a 'circle' shape and 'yellow' color is not consistent with the background knowledge, making it highly probable to be an anomaly.</s>"
443,"animals","yellow","octagon",1,"True","Explanation: The given observation states that there is an object of type 'animals' with the color 'yellow' and the shape 'octagon'. According to the background knowledge provided, the only allowed shapes for objects of type 'animals' are 'triangle', and the only allowed color is 'red'. Therefore, the combination of the given color and shape for an object of type 'animals' is not allowed by the knowledge base, making it an anomaly. The high outlier score reflects this.</s>"
444,"animals","yellow","square",1,"True","Explanation: The object is an 'animals' type, which should have a 'triangle' shape according to the background knowledge. Additionally, its color is 'yellow', which is not specified for 'animals' in the background knowledge. The object's shape and color make it an anomaly.</s>"
445,"animals","white","inverse triangle",1,"True","Explanation: The background knowledge states that all objects of type 'animals' have the shape 'triangle', but the observation states that the shape of the object is 'inverse triangle'. This is a significant deviation from the expected shape of an 'animals' object, making the observation highly anomalous.</s>"
446,"animals","white","triangle",1,"True","Explanation: The background knowledge states that all objects of type 'animals' have the shape 'triangle', but it does not specify any color for this type of object. However, it does specify that all objects of type 'pedestrian crossing', 'speed limit 20', 'speed limit 30', 'no overtaking trucks', 'priority at next intersection', 'give way', 'stop', 'no traffic both ways', 'no trucks', 'no entry', 'danger', 'bend left', 'speed limit 50"
447,"animals","white","circle",0.99,"True","Explanation: According to the background knowledge, an ""animals"" type object should have the shape ""triangle"", but the observation states that its shape is ""circle"". This is a significant deviation from the expected norm and therefore is highly probable to be an anomaly.</s>"
448,"animals","white","octagon",1,"True","Explanation: The knowledge base states that all objects of type 'animals' have the shape 'triangle'. The observation of an 'animals' shaped as 'octagon' is therefore considered highly anomalous.</s>"
449,"animals","white","square",1,"True","Explanation: The knowledge base states that all objects of type 'animals' have the shape 'triangle'. Therefore, an object of type 'animals' with the shape 'square' is considered an anomaly.</s>"
450,"animals","red","inverse triangle",1,"True","Explanation: The knowledge base states that all objects of type 'animals' have the shape 'triangle', but the observation states that the shape is 'inverse triangle'. This is a significant deviation from the expected norm, and therefore the outlier score is set to 1.0. Additionally, the knowledge base does not provide any information about the color of objects of type 'animals', but the observation states that the color is 'red'. However, this is not enough to change the outlier score, as the main deviation comes from"
451,"animals","red","triangle",1,"True","Explanation: The knowledge base states that all objects of type 'animals' have the shape 'triangle', but it does not state that they can be red. However, it does specify that other objects can be red, so red is not exclusive to 'animals'. Therefore, the combination of the given color and shape for 'animals' is not in the knowledge base, making it an anomaly.</s>"
452,"animals","red","circle",1,"True","Explanation: According to the background knowledge, an ""animals"" type object should have the shape ""triangle"", but the observation states that its shape is ""circle"". Additionally, all objects of type ""animals"" should have the color ""red"", which is correct according to the observation. Therefore, the shape of this object is highly anomalous.</s>"
453,"animals","red","octagon",1,"True","Explanation: The knowledge base states that all objects of type 'animals' have the shape 'triangle'. The observation of an 'animals' shaped as 'octagon' is not allowed by the knowledge base, and therefore it is considered an anomaly.</s>"
454,"animals","red","square",1,"True","Explanation: The object is an 'animals' type, which should have a 'triangle' shape according to the background knowledge. Also, it should have a 'red' color, but it is 'square' shaped, which is not a valid color for any type. Therefore, this object is highly anomalous.</s>"
455,"animals","blue","inverse triangle",1,"True","Explanation: The given observation is an animal with a blue color and an inverted triangle shape. According to the background knowledge provided, animals should have a red color and a triangle shape. Additionally, the shape specified in the observation is not associated with any type of traffic sign. Therefore, this observation is highly anomalous.</s>"
456,"animals","blue","triangle",1,"True","Explanation: The knowledge base states that all objects of type 'animals' have the shape 'triangle', but their color should be 'red'. The observation of an 'animals' object with color 'blue' is not explicitly allowed by the knowledge base, so it is considered anomalous.</s>"
457,"animals","blue","circle",1,"True","Explanation: The knowledge base states that all objects of type 'animals' have the shape 'triangle'. Therefore, an object of type 'animals' with the shape 'circle' is considered an anomaly. Additionally, the knowledge base states that all objects of type 'animals' have the color 'red', and the observation states that the color of the object is 'blue', which is another indication of an anomaly.</s>"
458,"animals","blue","octagon",1,"True","Explanation: The knowledge base states that all objects of type 'animals' have the shape 'triangle'. The observation of an 'animals' shaped as 'octagon' is not allowed by the knowledge base, and therefore it is considered an anomaly. Additionally, the knowledge base does not provide any information about the color of 'animals', but the observation states that its color is 'blue', which is not among the typical colors of 'animals'. This further increases the anomaly score.</s>"
459,"animals","blue","square",1,"True","Explanation: The object is an 'animals' type, which should have a 'triangle' shape according to the background knowledge. Additionally, its color is 'blue', which is not a typical color for 'animals' type.</s>"
460,"bend right","yellow","inverse triangle",1,"True","Explanation: The background knowledge states that objects of type 'bend right' should have the shape 'triangle' and color 'red'. The observation describes the object as having the shape 'inverse triangle' and color 'yellow', which is different from what is stated in the background knowledge, making it an anomaly.</s>"
461,"bend right","yellow","triangle",1,"True","Explanation: According to the background knowledge, objects of type 'bend right' should have the shape 'triangle', which is correct. However, the color of objects of type 'bend right' should be 'red', not 'yellow'. Therefore, this observation is considered anomalous. The color 'yellow' is not mentioned in the background knowledge for objects of type 'bend right', so it is not a valid color for this type of object.</s>"
462,"bend right","yellow","circle",1,"True","Explanation: According to the background knowledge, objects of type 'bend right' should have the shape 'triangle'. The given object has the shape 'circle' instead, which is not allowed by the knowledge base. Therefore, the object is considered an anomaly.</s>"
463,"bend right","yellow","octagon",1,"True","Explanation: According to the background knowledge, objects of type 'bend right' should have the shape 'triangle' and the color 'red'. The observed shape 'octagon' and color 'yellow' are not consistent with the background knowledge, making this observation highly anomalous.</s>"
464,"bend right","yellow","square",1,"True","Explanation: According to the background knowledge, objects of type 'bend right' should have the shape 'triangle' and the color 'red'. The observed object has the shape 'square' and the color 'yellow', which are not typical for this type of traffic sign. Therefore, the object is considered to be highly anomalous.</s>"
465,"bend right","white","inverse triangle",1,"True","Explanation: According to the background knowledge, objects of type 'bend right' should have the shape 'triangle' and color 'red'. The given observation has the shape 'inverse triangle' and color 'white', which is not consistent with the background knowledge. Therefore, the observation is considered highly anomalous.</s>"
466,"bend right","white","triangle",1,"True","Explanation: According to the background knowledge, an object of type 'bend right' should have the shape 'triangle', which is correct. However, the color of this object is specified as 'white', but according to the background knowledge, all objects of type 'bend right' should have the color 'red'. Therefore, this observation is considered an anomaly.</s>"
467,"bend right","white","circle",1,"True","Explanation: According to the background knowledge, objects of type 'bend right' should have the shape 'triangle' and the color 'red'. Therefore, an object of type 'bend right' with the given shape and color is highly anomalous.</s>"
468,"bend right","white","octagon",1,"True","Explanation: According to the background knowledge, objects of type 'bend right' should have the shape 'triangle' and color 'red'. The observation of an object with type 'bend right', shape 'octagon', and color 'white' is not consistent with the background knowledge, making it highly probable to be an anomaly.</s>"
469,"bend right","white","square",1,"True","Explanation: According to the background knowledge, objects of type 'bend right' should have the shape 'triangle' and the color 'red'. The observed object has the shape 'square' and the color 'white', which is not consistent with any allowed values in the background knowledge. Therefore, the object is considered an anomaly.</s>"
470,"bend right","red","inverse triangle",1,"True","Explanation: According to the background knowledge, the shape of an object of type 'bend right' should be a triangle, not an inverted triangle. Therefore, this observation is considered an anomaly. Additionally, there is no information in the background knowledge that allows a 'bend right' sign to be red, so we can also consider the color to be an anomaly.</s>"
471,"bend right","red","triangle",1,"True","Explanation: According to the background knowledge, an object of type 'bend right' should have the shape 'triangle', but its shape is given as 'triangle' and 'red' which is not a valid color for this type. This is considered an anomaly.</s>"
472,"bend right","red","circle",1,"True","Explanation: According to the background knowledge, objects of type 'bend right' should have the shape 'triangle' and the color 'red'. The observation of a 'bend right' sign with the shape 'circle' is therefore considered highly anomalous.</s>"
473,"bend right","red","octagon",1,"True","Explanation: According to the background knowledge, objects of type 'bend right' should have the shape 'triangle' and the color 'red'. The observation of an object with type 'bend right', shape 'octagon', and color 'red' is highly anomalous as it does not conform to the expected shape.</s>"
474,"bend right","red","square",1,"True","Explanation: According to the background knowledge, objects of type 'bend right' should have the shape 'triangle'. Therefore, an object of type 'bend right' with the shape 'square' is considered anomalous.</s>"
475,"bend right","blue","inverse triangle",1,"True","Explanation: According to the background knowledge, the shape ""inverse triangle"" is associated with the type ""give way"", and its color should be ""red"". However, the observation states that the shape is ""inverse triangle"" and its color is ""blue"", which is not consistent with any type in the background knowledge. Therefore, this observation is highly anomalous.</s>"
476,"bend right","blue","triangle",1,"True","Explanation: According to the background knowledge, objects of type 'bend right' should have the shape 'triangle' and the color 'red'. The observation of a 'bend right' sign with the color 'blue' is not consistent with this knowledge, making it an anomaly. The high outlier score reflects this inconsistency.</s>"
477,"bend right","blue","circle",1,"True","Explanation: According to the background knowledge, objects of type 'bend right' should have the shape 'triangle' and the color 'red'. The observation of a 'bend right' sign with the color 'blue' and the shape 'circle' is unusual and does not conform to any allowed combination of type, color, and shape. Therefore, the outlier score is 1.0, indicating a high likelihood of anomaly.</s>"
478,"bend right","blue","octagon",1,"True","Explanation: According to the background knowledge, objects of type 'bend right' should have the shape 'triangle' and color 'red'. The observation of an object with type 'bend right', shape 'octagon', and color 'blue' is not consistent with the background knowledge, making it highly probable to be an anomaly.</s>"
479,"bend right","blue","square",1,"True","Explanation: According to the background knowledge, objects of type 'bend right' should have the shape 'triangle' and the color 'red'. The observed object has the shape 'square' and the color 'blue', which is not consistent with the background knowledge. Therefore, the object is considered an anomaly.</s>"
480,"priority at next intersection","yellow","inverse triangle",1,"True","Explanation: The background knowledge states that all objects of type 'priority at next intersection' have the color 'red' and the shape 'triangle'. The observation describes an object of this type with a color 'yellow' and a shape 'inverse triangle', which are different from the expected ones. Therefore, this observation is considered highly anomalous.</s>"
481,"priority at next intersection","yellow","triangle",0.95,"True","Explanation: According to the background knowledge, an object of type 'priority at next intersection' should have the color 'red'. The fact that the given object has the color 'yellow' is highly anomalous.</s>"
482,"priority at next intersection","yellow","circle",1,"True","Explanation: According to the background knowledge, an object of type 'priority at next intersection' should have the shape 'triangle' and the color 'red'. The observation of this object having the shape 'circle' and color 'yellow' is unusual and does not conform to the expected attributes. Therefore, the anomaly score is 1.0, indicating a high likelihood of an anomaly.</s>"
483,"priority at next intersection","yellow","octagon",1,"True","Explanation: The background knowledge states that all objects of type 'priority at next intersection' have the color 'red' and the shape 'triangle'. The observation describes the object as having the color 'yellow' and the shape 'octagon', which is different from what is stated in the background knowledge. Therefore, the object is considered an anomaly.</s>"
484,"priority at next intersection","yellow","square",1,"True","Explanation: According to the background knowledge, an object of type 'priority at next intersection' should have the shape 'triangle' and the color 'red'. The observation of the object having the shape 'square' and color 'yellow' is not allowed by the knowledge base, making it an anomaly. Therefore, the anomaly score is 1.0, indicating a high outlier score.</s>"
485,"priority at next intersection","white","inverse triangle",1,"True","Explanation: The given observation is anomalous because it contradicts the background knowledge. According to the knowledge base, all objects of type 'priority at next intersection' should have the shape 'triangle' and the color 'red'. However, the observation states that the object has the shape 'inverse triangle' and the color 'white', which is not consistent with the background knowledge. Therefore, the outlier score is 1.0, indicating a high probability of anomaly.</s>"
486,"priority at next intersection","white","triangle",1,"True","Explanation: According to the background knowledge, an object of type 'priority at next intersection' should have the color 'red'. The fact that it has the color 'white' is therefore anomalous.</s>"
487,"priority at next intersection","white","circle",1,"True","Explanation: According to the background knowledge, an object of type 'priority at next intersection' should have the shape 'triangle' and the color 'red'. The given observation has the shape 'circle' and the color 'white', which is different from what is expected. Therefore, the outlier score is 1.0, indicating that the observation is highly anomalous.</s>"
488,"priority at next intersection","white","octagon",1,"True","Explanation: The object is described as having the type 'priority at next intersection', which should have the shape 'triangle' and color 'red' according to the background knowledge. However, the given observation states that its shape is 'octagon' and its color is 'white', which is not consistent with the background knowledge. Therefore, the object is highly anomalous.</s>"
489,"priority at next intersection","white","square",1,"True","Explanation: According to the background knowledge, an object of type 'priority at next intersection' should have the shape 'triangle' and the color 'red'. The observation of a 'priority at next intersection' object with a 'square' shape and 'white' color is therefore considered highly anomalous.</s>"
490,"priority at next intersection","red","inverse triangle",1,"True","Explanation: The given observation is anomalous because it contradicts the background knowledge. According to the knowledge base, all objects of type 'priority at next intersection' should have the shape 'triangle' and the color 'red'. However, the observation states that the shape is 'inverse triangle', which is not a shape that is allowed for this type of object. Therefore, the observation is considered an anomaly. The high outlier score of 1.0 reflects this high level of anomaly.</s>"
491,"priority at next intersection","red","triangle",1,"True","Explanation: According to the background knowledge, an object of type 'priority at next intersection' should have the color 'red' and the shape 'triangle'. However, the observation states that the object has the color 'red' and the shape 'triangle', which is not anomalous. But, since the observation does not provide any additional information that is not already implied by the background knowledge, the observation is completely redundant and does not add any new information. Therefore, the observation is considered to be an anomaly because it is unnecessary and does not contribute to"
492,"priority at next intersection","red","circle",1,"True","Explanation: According to the background knowledge, an object of type 'priority at next intersection' should have the shape 'triangle' and the color 'red'. However, the observation states that its shape is 'circle', which is not consistent with the background knowledge. Therefore, this observation is considered an anomaly.</s>"
493,"priority at next intersection","red","octagon",1,"True","Explanation: According to the background knowledge, the object of type 'priority at next intersection' should have the shape 'triangle' and color 'red'. However, the observation states that its shape is 'octagon', which is not allowed by the knowledge base. Therefore, this observation is considered an anomaly.</s>"
494,"priority at next intersection","red","square",1,"True","Explanation: According to the background knowledge, the object of type 'priority at next intersection' should have the shape 'triangle' and the color 'red'. However, the given observation states that its shape is 'square', which is not consistent with the background knowledge. Therefore, this observation is considered an anomaly.</s>"
495,"priority at next intersection","blue","inverse triangle",1,"True","Explanation: The given observation is anomalous because it contradicts the background knowledge. According to the knowledge base, all objects of type 'priority at next intersection' should have the shape 'triangle' and the color 'red'. However, the observation states that the object has the shape 'inverse triangle' and the color 'blue', which is not consistent with the background knowledge. Therefore, the probability of this observation being anomalous is 1.0, indicating a high outlier score.</s>"
496,"priority at next intersection","blue","triangle",1,"True","Explanation: According to the background knowledge, an object of type 'priority at next intersection' should have the color 'red'. The fact that the given object has the color 'blue' makes it an anomaly.</s>"
497,"priority at next intersection","blue","circle",1,"True","Explanation: According to the background knowledge, an object of type 'priority at next intersection' should have the shape 'triangle' and the color 'red'. The observation of this object having the shape 'circle' and color 'blue' is unusual and does not conform to the background knowledge, resulting in a high outlier score.</s>"
498,"priority at next intersection","blue","octagon",1,"True","Explanation: The given observation is anomalous because it contradicts the background knowledge. According to the knowledge base, all objects of type 'priority at next intersection' have the shape 'triangle' and the color 'red'. However, the observation describes the object as having the shape 'octagon' and the color 'blue', which does not match the expected attributes of this type of traffic sign. Therefore, the probability of this observation being anomalous is high (1.0).</s>"
499,"priority at next intersection","blue","square",1,"True","Explanation: The background knowledge states that all objects of type 'priority at next intersection' have the shape 'triangle' and the color 'red'. The observation describes the object as having the shape 'square' and the color 'blue', which is not in line with the background knowledge, making it an anomaly. The high outlier score reflects this discrepancy.</s>"
500,"traffic signal","yellow","inverse triangle",1,"True","Explanation: The background knowledge states that all objects of type 'traffic signal' have the shape 'triangle'. The observation describes the object as having the shape 'inverse triangle', which is not allowed by the knowledge base. Therefore, the object is considered an anomaly.</s>"
501,"traffic signal","yellow","triangle",1,"True","Explanation: According to the background knowledge, an object of type 'traffic signal' should have the shape 'triangle', which is correct in this observation. However, the color of a 'traffic signal' should be 'red' according to the background knowledge, but in this observation, it is 'yellow'. This discrepancy makes the observation an anomaly. The outlier score is 1.0, which indicates a high probability of the observation being anomalous.</s>"
502,"traffic signal","yellow","circle",0.95,"True","Explanation: According to the background knowledge, a 'traffic signal' should have the color 'red'. The observation of the traffic signal having the color 'yellow' is highly anomalous as it does not conform to the expected color.</s>"
503,"traffic signal","yellow","octagon",1,"True","Explanation: According to the background knowledge, a 'traffic signal' should have the shape 'triangle'. The given observation of the shape being 'octagon' is not in line with the background knowledge, making it an anomaly.</s>"
504,"traffic signal","yellow","square",1,"True","Explanation: According to the background knowledge, an object of type 'traffic signal' should have the shape 'triangle'. The given observation of the shape being 'square' is not in line with the background knowledge, making it an anomaly.</s>"
505,"traffic signal","white","inverse triangle",1,"True","Explanation: The background knowledge states that all objects of type 'traffic signal' have the shape 'triangle' and the color 'red'. The observation describes an object of type 'traffic signal' with the shape 'inverse triangle' and color 'white', which is not consistent with the background knowledge. Therefore, the outlier score is 1.0, indicating a high probability of anomaly.</s>"
506,"traffic signal","white","triangle",1,"True","Explanation: According to the background knowledge, a traffic signal should have the shape 'triangle' and the color 'red'. However, the observation states that the color of the traffic signal is 'white', which is not consistent with the background knowledge. Therefore, the observation is considered an anomaly. The outlier score is 1.0, which indicates a high probability of the observation being anomalous.</s>"
507,"traffic signal","white","circle",1,"True","Explanation: According to the background knowledge, a traffic signal should have the color red or yellow, not white. Therefore, this observation is considered anomalous.</s>"
508,"traffic signal","white","octagon",1,"True","Explanation: According to the background knowledge, a traffic signal should have the shape 'triangle' and the color 'red'. The observation of an object with the type 'traffic signal' having the color 'white' and the shape 'octagon' is not consistent with the background knowledge, making it an anomaly.</s>"
509,"traffic signal","white","square",1,"True","Explanation: According to the background knowledge, a traffic signal should have the color white and the shape triangle. However, the observation states that the traffic signal has the color white and the shape square. This is a contradiction to the background knowledge, so the observation is considered an anomaly.</s>"
510,"traffic signal","red","inverse triangle",1,"True","Explanation: According to the background knowledge, a traffic signal should have the shape 'triangle' and the color 'red'. The observation of an 'inverse triangle' shape is not mentioned in the knowledge base for any object type, making it an anomaly.</s>"
511,"traffic signal","red","triangle",1,"True","Explanation: According to the background knowledge, an object of type 'traffic signal' should have the shape 'circle' and the color 'red'. The observation that the shape is 'triangle' is therefore considered highly anomalous.</s>"
512,"traffic signal","red","circle",1,"True","Explanation: According to the background knowledge provided, an object of type 'traffic signal' should have the shape 'triangle'. However, the observation states that the shape of this object is 'circle', which is not consistent with the background knowledge. Therefore, the observation is considered an anomaly. The color 'red' is consistent with the background knowledge, as traffic signals can have the color 'red'. However, this does not affect the anomaly score, as the shape is already inconsistent with the background knowledge.</s>"
513,"traffic signal","red","octagon",1,"True","Explanation: According to the background knowledge, an object of type 'traffic signal' should have the shape 'triangle'. The observation of an 'octagon' shape is highly anomalous.</s>"
514,"traffic signal","red","square",1,"True","Explanation: According to the background knowledge, a traffic signal should have the shape 'triangle'. The given observation of a 'square' shape is not mentioned in the knowledge base as a possible shape for a traffic signal, so it is considered an anomaly.</s>"
515,"traffic signal","blue","inverse triangle",1,"True","Explanation: The given observation is anomalous because it does not conform to the background knowledge. According to the knowledge base, a traffic signal should have the shape 'triangle' and the color 'red'. However, the observation states that the traffic signal has the shape 'inverse triangle' and the color 'blue', which is not consistent with the background knowledge. Therefore, the outlier score is 1.0, indicating a high probability of anomaly.</s>"
516,"traffic signal","blue","triangle",1,"True","Explanation: According to the background knowledge, an object of type 'traffic signal' should have the shape 'triangle' and the color 'red'. However, the observation states that the object has the color 'blue'. This is a contradiction to the background knowledge, so the observation is considered an anomaly.</s>"
517,"traffic signal","blue","circle",1,"True","Explanation: According to the background knowledge, a traffic signal should have the color red, not blue. Therefore, this observation is highly anomalous.</s>"
518,"traffic signal","blue","octagon",1,"True","Explanation: According to the background knowledge, a traffic signal should have the shape 'triangle' and the color 'red'. The observation of an object of type 'traffic signal' with the color 'blue' and the shape 'octagon' is therefore considered highly anomalous.</s>"
519,"traffic signal","blue","square",1,"True","Explanation: According to the background knowledge, a traffic signal should have the shape 'triangle' and the color 'red'. The observation of a 'traffic signal' with a 'square' shape and 'blue' color is not consistent with the background knowledge, making it an anomaly.</s>"
520,"snow","yellow","inverse triangle",1,"True","Explanation: According to the background knowledge, an object of type 'snow' should have the shape 'triangle'. The given object has the shape 'inverse triangle', which is not a valid shape for this type. Therefore, this observation is considered highly anomalous.</s>"
521,"snow","yellow","triangle",1,"True","The observation also states that the object is of type 'snow'. However, the background knowledge does not provide a specific color or shape for this type"
522,"snow","yellow","circle",1,"True","Explanation: According to the background knowledge, an object of type 'snow' should have the shape 'triangle'. Additionally, the color of 'snow' should be red. The observation of a 'snow' object with a 'circle' shape and 'yellow' color is not consistent with the background knowledge, making it highly probable to be an anomaly.</s>"
523,"snow","yellow","octagon",1,"True","Explanation: The knowledge base states that all objects of type 'snow' have the shape 'triangle', but the observation states that the object has the shape 'octagon'. Additionally, the knowledge base states that all objects of type 'snow' have the color 'red', but the observation states that the object has the color 'yellow'. Both of these differences from the knowledge base indicate that the observation is anomalous.</s>"
524,"snow","yellow","square",1,"True","Explanation: The knowledge base states that all objects of type 'snow' have the shape 'triangle'. However, the observation states that the object has the shape 'square', which is not allowed by the knowledge base. Therefore, the object is considered an anomaly.</s>"
525,"snow","white","inverse triangle",1,"True","Explanation: According to the background knowledge, an object of type 'snow' should have the shape 'triangle'. The observation of an 'inverse triangle' shape for an object of type 'snow' is therefore considered highly anomalous.</s>"
526,"snow","white","triangle",1,"True","Explanation: According to the background knowledge, an object of type 'snow' should have the shape 'triangle'. However, all objects of type 'snow' should have the color 'red'. The fact that the object has the color 'white' is not explicitly allowed by the knowledge base, making it an anomaly. Therefore, the outlier score is 1.0, indicating a high probability of anomaly.</s>"
527,"snow","white","circle",0.95,"True","Explanation: According to the background knowledge, an object of type 'snow' should have the shape 'triangle'. However, the observation states that the shape of the object is 'circle'. This is a significant deviation from the expected properties of snow, making it highly probable to be an anomaly.</s>"
528,"snow","white","octagon",1,"True","Explanation: According to the background knowledge, an object of type 'snow' should have the shape 'triangle'. However, the observation states that the shape is 'octagon', which is not allowed by the knowledge base. Therefore, the observation is considered an anomaly.</s>"
529,"snow","white","square",1,"True","Explanation: According to the background knowledge, an object of type 'snow' should have the shape 'triangle'. Therefore, a 'snow' object with the shape 'square' is considered an anomaly. Additionally, the color 'white' is not explicitly mentioned as a color for 'snow' objects, but it is not mentioned as an anomaly either, so we can assume it is not anomalous.</s>"
530,"snow","red","inverse triangle",1,"True","Explanation: According to the background knowledge, an object of type 'snow' should have the shape 'triangle'. However, the observation states that the shape of the object is 'inverse triangle', which is not a valid shape for 'snow' according to the knowledge base. Therefore, the observation is considered anomalous.</s>"
531,"snow","red","triangle",1,"True","Additionally, the observation states that an object of type 'snow' has the shape 'triangle'. However, according to the background knowledge, all objects of type 'snow' should have the"
532,"snow","red","circle",1,"True","Explanation: According to the background knowledge, an object of type 'snow' should have the shape 'triangle'. Additionally, all objects should have the color 'red' unless explicitly stated otherwise. Therefore, the given observation of an object of type 'snow' with color 'red' and shape 'circle' is considered highly anomalous.</s>"
533,"snow","red","octagon",1,"True","Explanation: According to the background knowledge, an object of type 'snow' should have the shape 'triangle'. However, the observation states that the shape is 'octagon', which is not allowed by the knowledge base. Additionally, the color of 'snow' should be red, but this is not explicitly stated in the background knowledge, so it is assumed to be anomalous as well.</s>"
534,"snow","red","square",1,"True","Explanation: According to the background knowledge, an object of type 'snow' should have the shape 'triangle'. Additionally, all objects should have a color that is either 'red' or 'white', but in this case, the color is 'red' and the shape is 'square', which is not allowed by the knowledge base. Therefore, this observation is considered highly anomalous.</s>"
535,"snow","blue","inverse triangle",1,"True","Explanation: According to the background knowledge, an object of type 'snow' should have the shape 'triangle'. The given observation of the shape being 'inverse triangle' is not allowed by the knowledge base, making it an anomaly. Additionally, the color 'blue' is not specified for objects of type 'snow' in the knowledge base, further indicating an anomaly.</s>"
536,"snow","blue","triangle",1,"True","However, the focus"
537,"snow","blue","circle",1,"True","Explanation: According to the background knowledge, an object of type 'snow' should have the shape 'triangle' and the color 'red'. However, the observation states that the object has the shape 'circle' and the color 'blue', which is not allowed by the knowledge base. Therefore, the object is considered an anomaly.</s>"
538,"snow","blue","octagon",1,"True","Explanation: According to the background knowledge, an object of type 'snow' should have the shape 'triangle' and the color 'red'. The observation of an object of type 'snow' with the color 'blue' and the shape 'octagon' is not consistent with the background knowledge, making it highly probable to be an anomaly.</s>"
539,"snow","blue","square",1,"True","Explanation: According to the background knowledge, an object of type 'snow' should have the shape 'triangle' and the color 'red'. However, the observation states that the object has the shape 'square' and the color 'blue', which is not allowed by the knowledge base. Therefore, the object is considered an anomaly.</s>"
540,"go left","yellow","inverse triangle",1,"True","Explanation: According to the background knowledge, objects of type 'go left' should have the color 'blue'. The observation of a 'go left' sign with the color 'yellow' is not consistent with the background knowledge, making it an anomaly.</s>"
541,"go left","yellow","triangle",1,"True","Explanation: According to the background knowledge, objects of type 'go left' should have the color 'blue'. The observation that the object has the color 'yellow' is not allowed by the knowledge base, so it is considered anomalous. Additionally, the shape 'triangle' is not mentioned as an allowed shape for objects of type 'go left', so this also contributes to the object being considered anomalous.</s>"
542,"go left","yellow","circle",1,"True","Explanation: According to the background knowledge, objects of type 'go left' should have the color 'blue'. The observation of this object having the color 'yellow' is not allowed by the knowledge base, so it is considered an anomaly.</s>"
543,"go left","yellow","octagon",1,"True","Explanation: According to the background knowledge, objects of type 'go left' should have the color 'blue'. The observation of this object having the color 'yellow' is not allowed by the knowledge base, making it an anomaly. Additionally, objects of type 'go left' should have the shape 'circle', but the observation of it having the shape 'octagon' is also not allowed by the knowledge base. This further supports the anomaly score of 1.0.</s>"
544,"go left","yellow","square",1,"True","Explanation: According to the background knowledge, objects of type 'go left' should have the color 'blue'. The observation of a 'go left' sign with the color 'yellow' is not allowed by the knowledge base, making it an anomaly. Similarly, objects of type 'go left' should have the shape 'circle', but the observation of a 'go left' sign with the shape 'square' is also not allowed by the knowledge base, making it an anomaly.</s>"
545,"go left","white","inverse triangle",1,"True","Explanation: According to the background knowledge, objects of type 'go left' should have the color 'blue'. The given object has the color 'white' instead, which is not allowed by the knowledge base. Therefore, the object is considered an anomaly.</s>"
546,"go left","white","triangle",1,"True","Explanation: According to the background knowledge, an object of type 'go left' should have the color 'blue'. The given object having the color 'white' is not consistent with the background knowledge, making it an anomaly.</s>"
547,"go left","white","circle",0.95,"True","Explanation: According to the background knowledge, objects of type 'go left' should have the color 'blue'. The fact that it has the color 'white' is highly anomalous.</s>"
548,"go left","white","octagon",1,"True","Explanation: According to the background knowledge, objects of type 'go left' should have the color 'blue'. The observation that the object has the color 'white' is therefore anomalous.</s>"
549,"go left","white","square",1,"True","Explanation: According to the background knowledge, objects of type 'go left' should have the color 'blue'. Therefore, an object of type 'go left' that has the color 'white' is anomalous.</s>"
550,"go left","red","inverse triangle",1,"True","Explanation: According to the background knowledge, objects of type 'go left' should have the shape 'circle' and color 'blue'. The observation of an object with type 'go left', shape 'inverse triangle', and color 'red' is not consistent with the background knowledge, and therefore it is considered an anomaly.</s>"
551,"go left","red","triangle",1,"True","Explanation: According to the background knowledge, an object of type 'go left' should have the color 'blue'. Therefore, an object of type 'go left' with the color 'red' is anomalous. Similarly, all objects of type 'go left' should have the shape 'circle'. Therefore, an object of type 'go left' with the shape 'triangle' is also anomalous.</s>"
552,"go left","red","circle",1,"True","Explanation: According to the background knowledge, objects of type 'go left' should have the color 'blue'. Therefore, an object of type 'go left' that has the color 'red' is anomalous.</s>"
553,"go left","red","octagon",1,"True","Explanation: According to the background knowledge, an object of type 'go left' should have the color 'blue'. The observation that the object has the color 'red' is therefore anomalous.</s>"
554,"go left","red","square",1,"True","Explanation: According to the background knowledge, objects of type 'go left' should have the color 'blue'. Therefore, a 'go left' object with the color 'red' is anomalous.</s>"
555,"go left","blue","inverse triangle",1,"True","Explanation: According to the background knowledge, objects of type 'go left' should have the shape 'circle' and the color 'blue'. However, the given observation states that its shape is 'inverse triangle', which is not consistent with the background knowledge. Therefore, this observation is considered an anomaly.</s>"
556,"go left","blue","triangle",1,"True","Explanation: According to the background knowledge, objects of type 'go left' should have the shape 'circle' and color 'blue'. The observation of a 'go left' sign with shape 'triangle' is therefore considered highly anomalous.</s>"
557,"go left","blue","circle",0.1,"False","Explanation: According to the background knowledge, objects of type 'go left' should have the color 'blue'. Also, the shape 'circle' is not explicitly forbidden for this type. Therefore, the given observation is only slightly unusual because it is more common for 'go left' signs to have a different shape, such as an arrow. However, this is still within the realm of normal variations.</s>"
558,"go left","blue","octagon",1,"True","Explanation: According to the background knowledge, objects of type 'go left' should have the shape 'circle' and color 'blue'. However, the given observation states that the object has the shape 'octagon', which is not allowed by the knowledge base. Therefore, the observation is considered an anomaly.</s>"
559,"go left","blue","square",1,"True","Explanation: According to the background knowledge, objects of type 'go left' should have the shape 'circle' and color 'blue'. However, the given observation states that the object has the shape 'square', which is not allowed by the knowledge base. Therefore, the object is considered an anomaly. The high outlier score reflects this discrepancy.</s>"
560,"speed limit 100","yellow","inverse triangle",1,"True","Explanation: The background knowledge states that all objects of type 'speed limit 100' have the shape 'circle' and the color 'red'. The observation describes the object as an 'inverse triangle', which is not a valid shape for this type, and the color is 'yellow' which is also not valid. Therefore, this object is highly anomalous.</s>"
561,"speed limit 100","yellow","triangle",1,"True","Explanation: According to the background knowledge, an object of type 'speed limit 100' should have a 'circle' shape and the color 'red'. The observation of a 'triangle' shape and 'yellow' color is not allowed by the knowledge base, making it an anomaly.</s>"
562,"speed limit 100","yellow","circle",1,"True","Explanation: According to the background knowledge, an object of type 'speed limit 100' should have a red color. Since the observation states that the object has a yellow color, it is considered an anomaly.</s>"
563,"speed limit 100","yellow","octagon",1,"True","Explanation: According to the background knowledge, an object of type 'speed limit 100' should have a color of 'red' and a shape of 'circle'. The observation of a 'speed limit 100' object with a color 'yellow' and a shape 'octagon' is therefore highly anomalous.</s>"
564,"speed limit 100","yellow","square",1,"True","Explanation: According to the background knowledge, an object of type 'speed limit 100' should have a 'circle' shape and a 'red' color. The observation of a 'square' shape and 'yellow' color is not allowed by the knowledge base, making it an anomaly.</s>"
565,"speed limit 100","white","inverse triangle",1,"True","Explanation: According to the background knowledge, an object of type 'speed limit 100' should have a color of 'red' and a shape of 'circle'. The observation of a color 'white' and a shape 'inverse triangle' is not consistent with the background knowledge, making it an anomaly.</s>"
566,"speed limit 100","white","triangle",1,"True","Explanation: According to the background knowledge, an object of type 'speed limit 100' should have the shape 'circle' and the color 'red'. The observation of a 'speed limit 100' with a 'triangle' shape and 'white' color is not consistent with the background knowledge, making it an anomaly.</s>"
567,"speed limit 100","white","circle",0.95,"True","Explanation: According to the background knowledge, an object of type 'speed limit 100' should have a red color. Since the observation states that the object has a white color, it is highly probable that this observation is an anomaly. The shape of the object does not affect the outlier score in this case, as the color is already sufficient to determine the anomaly.</s>"
568,"speed limit 100","white","octagon",1,"True","Explanation: According to the background knowledge, an object of type 'speed limit 100' should have the color 'red' and the shape 'circle'. The observation of the object having the color 'white' and the shape 'octagon' is not consistent with the background knowledge, making it an anomaly.</s>"
569,"speed limit 100","white","square",1,"True","Explanation: According to the background knowledge, an object of type 'speed limit 100' should have the shape 'circle' and the color 'red'. The observation of a 'speed limit 100' with a 'square' shape and 'white' color is therefore considered highly anomalous.</s>"
570,"speed limit 100","red","inverse triangle",1,"True","Explanation: According to the background knowledge, an object of type 'speed limit 100' should have the shape 'circle' and the color 'red'. However, the observation states that its shape is 'inverse triangle', which is not consistent with the background knowledge. Therefore, this observation is considered an anomaly.</s>"
571,"speed limit 100","red","triangle",1,"True","Explanation: According to the background knowledge, an object of type 'speed limit 100' should have the shape 'circle' and color 'red'. However, the observation states that its shape is 'triangle', which is not allowed by the knowledge base. Therefore, this observation is considered an anomaly.</s>"
572,"speed limit 100","red","circle",0.8,"True","Explanation: According to the background knowledge, an object of type 'speed limit 100' should have the color 'red', but its shape should be 'circle'. The observation states that the object has the color 'red' and the shape 'circle', which is consistent with the background knowledge. However, the combination of type 'speed limit 100' with the color 'red' and the shape 'circle' is not explicitly allowed by the background knowledge. Therefore, the observation is considered anomalous with a high outlier score.</s>"
573,"speed limit 100","red","octagon",1,"True","Explanation: According to the background knowledge, an object of type 'speed limit 100' should have the shape 'circle' and color 'red'. The observation of its shape being 'octagon' is not allowed by the knowledge base, making it an anomaly.</s>"
574,"speed limit 100","red","square",1,"True","Explanation: According to the background knowledge, an object of type 'speed limit 100' should have the shape 'circle' and color 'red'. The observation of a 'speed limit 100' object with a 'square' shape is highly anomalous.</s>"
575,"speed limit 100","blue","inverse triangle",1,"True","Explanation: According to the background knowledge, an object of type 'speed limit 100' should have a shape of 'circle' and color 'red'. The observation of an 'inverse triangle' shape and 'blue' color is not allowed by the knowledge base, making it an anomaly.</s>"
576,"speed limit 100","blue","triangle",1,"True","Explanation: According to the background knowledge, an object of type 'speed limit 100' should have the color 'red' and the shape 'circle'. The observation of the object having the color 'blue' and the shape 'triangle' is therefore considered highly anomalous.</s>"
577,"speed limit 100","blue","circle",0.95,"True","Explanation: According to the background knowledge, an object of type 'speed limit 100' should have a red color. The fact that it has a blue color makes it an anomaly.</s>"
578,"speed limit 100","blue","octagon",1,"True","Explanation: According to the background knowledge, an object of type 'speed limit 100' should have a color of 'red' and a shape of 'circle'. The observation of a 'blue' color and 'octagon' shape is not consistent with the background knowledge, making it an anomaly.</s>"
579,"speed limit 100","blue","square",1,"True","Explanation: According to the background knowledge, an object of type 'speed limit 100' should have the shape 'circle' and the color 'red'. The observation of the object having the shape 'square' and color 'blue' is not consistent with the background knowledge, making it an anomaly.</s>"
580,"no overtaking trucks","yellow","inverse triangle",1,"True","Explanation: The given observation contains a traffic sign of type 'no overtaking trucks' with an incorrect color and shape. According to the background knowledge, this type of traffic sign should have the color 'red' and the shape 'circle'. The provided color 'yellow' and shape 'inverse triangle' are not mentioned in the knowledge base, making this observation highly anomalous.</s>"
581,"no overtaking trucks","yellow","triangle",1,"True","Explanation: According to the background knowledge, objects of type 'no overtaking trucks' should have a 'circle' shape and a 'red' color. The given object has a 'triangle' shape and a 'yellow' color, which is not consistent with the background knowledge, making it an anomaly.</s>"
582,"no overtaking trucks","yellow","circle",1,"True","Explanation: According to the background knowledge, objects of type 'no overtaking trucks' should have a red color. Since the given observation has a yellow color, it is highly probable that this is an anomaly.</s>"
583,"no overtaking trucks","yellow","octagon",1,"True","Explanation: The background knowledge states that objects of type 'no overtaking trucks' should have a 'circle' shape and a 'red' color. The given observation has an 'octagon' shape and 'yellow' color, which is not allowed by the knowledge base. Therefore, the object is considered an anomaly.</s>"
584,"no overtaking trucks","yellow","square",1,"True","Explanation: According to the background knowledge, objects of type 'no overtaking trucks' should have a 'circle' shape and a 'red' color. The given object has a 'square' shape and 'yellow' color, which is not allowed by the knowledge base. Therefore, it is considered an anomaly.</s>"
585,"no overtaking trucks","white","inverse triangle",1,"True","Explanation: According to the background knowledge, objects of type 'no overtaking trucks' should have a color of 'red' and a shape of 'circle'. The observation of a 'no overtaking trucks' sign with a color of 'white' and a shape of 'inverse triangle' is unusual and does not conform to the given background knowledge. Therefore, the anomaly score is 1.0, indicating a high probability of anomaly.</s>"
586,"no overtaking trucks","white","triangle",1,"True","Explanation: According to the background knowledge, objects of type 'no overtaking trucks' should have a shape of 'circle' and color 'red'. The given object has a 'triangle' shape and 'white' color, which is not allowed by the knowledge base. Therefore, it is considered an anomaly.</s>"
587,"no overtaking trucks","white","circle",0.95,"True","Explanation: According to the background knowledge, objects of type 'no overtaking trucks' should have a red color. The given observation of a white 'no overtaking trucks' sign is highly unusual.</s>"
588,"no overtaking trucks","white","octagon",1,"True","Explanation: According to the background knowledge, objects of type 'no overtaking trucks' should have a shape of 'circle' and color 'red'. The given observation has an 'octagon' shape and 'white' color, which is not allowed by the knowledge base. Therefore, the object is considered an anomaly.</s>"
589,"no overtaking trucks","white","square",1,"True","Explanation: According to the background knowledge, an object of type 'no overtaking trucks' should have a shape of 'circle' and color 'red'. The given observation of a 'square' shape and 'white' color is not consistent with the background knowledge, making it an anomaly.</s>"
590,"no overtaking trucks","red","inverse triangle",1,"True","Explanation: According to the background knowledge, objects of type 'no overtaking trucks' should have a 'circle' shape and red color. However, the given object has an 'inverse triangle' shape, which is not allowed by the knowledge base. Therefore, this observation is considered an anomaly.</s>"
591,"no overtaking trucks","red","triangle",1,"True","Explanation: According to the background knowledge, objects of type 'no overtaking trucks' should have a shape of 'circle' and color 'red'. However, the given object has a 'triangle' shape, which is not allowed by the knowledge base. Therefore, this observation is considered highly anomalous.</s>"
592,"no overtaking trucks","red","circle",0.95,"True","Explanation: According to the background knowledge, objects of type 'no overtaking trucks' should have a 'circle' shape and 'red' color. However, the combination of these two features is not explicitly allowed by the knowledge base. Therefore, this observation is highly anomalous. The knowledge base states that objects of type 'no overtaking trucks' should have a 'circle' shape, but it does not specify the color. Similarly, the knowledge base states that objects with 'red' color should have a 'circle' shape, but it does not specify"
593,"no overtaking trucks","red","octagon",1,"True","Explanation: According to the background knowledge, objects of type 'no overtaking trucks' should have a shape of 'circle' and color 'red'. However, the given observation states that its shape is 'octagon', which is not allowed by the knowledge base. Therefore, this observation is considered an anomaly.</s>"
594,"no overtaking trucks","red","square",1,"True","Explanation: According to the background knowledge, objects of type 'no overtaking trucks' should have a shape of 'circle' and color 'red'. However, the given observation states that its shape is 'square', which is not allowed by the knowledge base. Therefore, this observation is considered an anomaly. The high outlier score indicates that it is extremely unlikely or impossible for an object of type 'no overtaking trucks' to have a 'square' shape.</s>"
595,"no overtaking trucks","blue","inverse triangle",1,"True","Explanation: The given observation is anomalous because it contradicts the background knowledge. According to the knowledge base, objects of type 'no overtaking trucks' should have a color of 'red' and a shape of 'circle'. However, the observation states that the object has a color of 'blue' and a shape of 'inverse triangle', which is not allowed by the knowledge base. Therefore, the outlier score is 1.0, indicating a high probability of anomaly.</s>"
596,"no overtaking trucks","blue","triangle",1,"True","Explanation: According to the background knowledge, objects of type 'no overtaking trucks' should have a shape of 'circle' and color 'red'. The given object has a 'triangle' shape and 'blue' color, which is not allowed by the knowledge base. Therefore, it is considered an anomaly.</s>"
597,"no overtaking trucks","blue","circle",1,"True","Explanation: According to the background knowledge, objects of type 'no overtaking trucks' should have a red color. Since the given observation has a blue color, it is highly probable that this is an anomalous observation.</s>"
598,"no overtaking trucks","blue","octagon",1,"True","Explanation: According to the background knowledge, objects of type 'no overtaking trucks' should have a shape of 'circle' and color 'red'. The observation of an 'octagon' shape and 'blue' color is not allowed by the knowledge base, making it an anomaly.</s>"
599,"no overtaking trucks","blue","square",1,"True","Explanation: According to the background knowledge, objects of type 'no overtaking trucks' should have a circle shape and red color. The observed shape 'square' and blue color are not in the set of allowed values, making this observation an anomaly.</s>"
600,"speed limit 80","yellow","inverse triangle",1,"True","Explanation: The given observation is anomalous because it contradicts the background knowledge. According to the knowledge base, objects of type 'speed limit 80' should have the color 'red' and the shape 'circle'. However, the observation states that the object has the color 'yellow' and the shape 'inverse triangle', which is not a valid shape for this type of object. Therefore, the probability of this observation being anomalous is 1.0, indicating a high outlier score.</s>"
601,"speed limit 80","yellow","triangle",1,"True","Explanation: According to the background knowledge, an object of type 'speed limit 80' should have the color 'red' and the shape 'circle'. The observation of this object having the color 'yellow' and the shape 'triangle' is unusual and does not conform to the expected attributes. Therefore, the anomaly score is 1.0, indicating a high likelihood of this observation being anomalous.</s>"
602,"speed limit 80","yellow","circle",1,"True","Explanation: According to the background knowledge, objects of type 'speed limit 80' should have the color 'red'. The observation of the sign having the color 'yellow' is not allowed by the knowledge base, so it is considered anomalous.</s>"
603,"speed limit 80","yellow","octagon",1,"True","Explanation: According to the background knowledge, an object of type 'speed limit 80' should have the color 'red' and the shape 'circle'. The observation of this object having the color 'yellow' and the shape 'octagon' is not consistent with the background knowledge, making it highly probable to be an anomaly.</s>"
604,"speed limit 80","yellow","square",1,"True","Explanation: According to the background knowledge, an object of type 'speed limit 80' should have the color 'red' and the shape 'circle'. The observation of this object having the color 'yellow' and the shape 'square' is not consistent with the background knowledge, making it highly probable to be an anomaly.</s>"
605,"speed limit 80","white","inverse triangle",1,"True","Explanation: According to the background knowledge, an object of type 'speed limit 80' should have the color 'red' and the shape 'circle'. The observation of the object having the color 'white' and the shape 'inverse triangle' is unusual.</s>"
606,"speed limit 80","white","triangle",1,"True","Explanation: According to the background knowledge, an object of type 'speed limit 80' should have the shape 'circle' and the color 'red'. The observation of the object having the shape 'triangle' and color 'white' is unusual and does not conform to the background knowledge, therefore it is considered an anomaly.</s>"
607,"speed limit 80","white","circle",1,"True","Explanation: According to the background knowledge, an object of type 'speed limit 80' should have the color 'red'. The fact that it has the color 'white' instead is therefore considered highly anomalous.</s>"
608,"speed limit 80","white","octagon",1,"True","Explanation: According to the background knowledge, an object of type 'speed limit 80' should have the color 'red' and the shape 'circle'. The observation of the object having the color 'white' and the shape 'octagon' is unusual and does not conform to the expected attributes of this type of object. Therefore, the anomaly score is 1.0, indicating a high likelihood of an anomaly.</s>"
609,"speed limit 80","white","square",1,"True","Explanation: According to the background knowledge, an object of type 'speed limit 80' should have the shape 'circle' and the color 'red'. The observation of the object having the shape 'square' and color 'white' is not consistent with the background knowledge, making it an anomaly. The outlier score is therefore set to 1.0, indicating a high probability of anomaly.</s>"
610,"speed limit 80","red","inverse triangle",1,"True","Explanation: According to the background knowledge, an object of type 'speed limit 80' should have the shape 'circle' and the color 'red'. The observation of the shape being 'inverse triangle' is not allowed by the knowledge base, making it an anomaly. Therefore, the anomaly score is 1.0, indicating a high outlier score.</s>"
611,"speed limit 80","red","triangle",1,"True","Explanation: According to the background knowledge, an object of type 'speed limit 80' should have the shape 'circle' and the color 'red'. The observation of the shape being 'triangle' is not allowed by the knowledge base, so it is considered an anomaly.</s>"
612,"speed limit 80","red","circle",0.2,"False","Explanation: According to the background knowledge, objects of type 'speed limit 80' should have a color of 'red'. Also, the shape 'circle' is the correct shape for this type of traffic sign. Therefore, this observation is not very anomalous as it matches the expected characteristics of a 'speed limit 80' sign. However, a small anomaly score is still assigned because the knowledge base does not explicitly state that 'speed limit 80' signs should have a 'circle' shape.</s>"
613,"speed limit 80","red","octagon",1,"True","Explanation: According to the background knowledge, an object of type 'speed limit 80' should have the shape 'circle' and the color 'red'. The observation of the shape being 'octagon' is not consistent with the background knowledge, making this observation an anomaly.</s>"
614,"speed limit 80","red","square",1,"True","Explanation: According to the background knowledge, an object of type 'speed limit 80' should have the shape 'circle' and the color 'red'. The observation of the object having the shape 'square' is unusual and does not conform to the background knowledge, resulting in a high outlier score.</s>"
615,"speed limit 80","blue","inverse triangle",1,"True","Explanation: According to the background knowledge, an object of type 'speed limit 80' should have the shape 'circle' and the color 'red'. The observation of an 'inverse triangle' shape and 'blue' color is not allowed by the knowledge base, so it is considered an anomaly.</s>"
616,"speed limit 80","blue","triangle",1,"True","Explanation: According to the background knowledge, an object of type 'speed limit 80' should have the shape 'circle' and the color 'red'. The observation of the object having the shape 'triangle' and color 'blue' is unusual because it does not conform to the expected attributes of this type. Therefore, the anomaly score is 1.0, indicating a high probability of anomaly.</s>"
617,"speed limit 80","blue","circle",1,"True","Explanation: According to the background knowledge, an object of type 'speed limit 80' should have the color 'red'. The fact that it has the color 'blue' instead makes it an anomaly.</s>"
618,"speed limit 80","blue","octagon",1,"True","Explanation: According to the background knowledge, objects of type 'speed limit 80' should have the shape 'circle' and the color 'red'. The observation of an object with type 'speed limit 80', shape 'octagon', and color 'blue' is not consistent with the background knowledge, making it an anomaly.</s>"
619,"speed limit 80","blue","square",1,"True","Explanation: According to the background knowledge, an object of type 'speed limit 80' should have the shape 'circle' and the color 'red'. The observation of the object having the shape 'square' and color 'blue' is not consistent with the background knowledge, making it an anomaly.</s>"
620,"uneven road","yellow","inverse triangle",1,"True","Explanation: The background knowledge states that an ""uneven road"" has the shape ""triangle"", but the observation states that its shape is ""inverse triangle"". Additionally, the color of an ""uneven road"" is supposed to be red, but the observation states that its color is ""yellow"". Therefore, this observation is highly anomalous.</s>"
621,"uneven road","yellow","triangle",1,"True","Explanation: According to the background knowledge, an ""uneven road"" should have the shape ""triangle"" and the color ""red"". However, the given observation states that the color of the ""uneven road"" is ""yellow"", which is not consistent with the background knowledge. Therefore, this observation is considered an anomaly. The outlier score is 1.0, indicating a high probability of anomaly.</s>"
622,"uneven road","yellow","circle",1,"True","Explanation: According to the background knowledge, an ""uneven road"" has the shape ""triangle"". Therefore, an ""uneven road"" with the shape ""circle"" is considered an anomaly.</s>"
623,"uneven road","yellow","octagon",1,"True","Explanation: According to the background knowledge, an ""uneven road"" should have the shape ""triangle"" and the color ""red"". The observation of an ""uneven road"" with the shape ""octagon"" and color ""yellow"" is therefore considered highly anomalous.</s>"
624,"uneven road","yellow","square",1,"True","Explanation: The background knowledge states that an ""uneven road"" has the shape ""triangle"", but the observation states that its shape is ""square"". Additionally, the color of an ""uneven road"" is not specified in the background knowledge, but it is stated to be ""yellow"" in the observation, which is not consistent with any of the allowed colors for the other types of objects. Therefore, this observation is highly anomalous.</s>"
625,"uneven road","white","inverse triangle",1,"True","Explanation: The background knowledge states that an ""uneven road"" has the shape ""triangle"" and the color ""red"". However, the observation describes the shape as an ""inverse triangle"" and the color as ""white"", which are different from the expected values. Therefore, this observation is considered an anomaly.</s>"
626,"uneven road","white","triangle",1,"True","Explanation: According to the background knowledge, an ""uneven road"" should have the shape ""triangle"", which is correct. However, it should have the color ""red"", not ""white"". Therefore, this observation is considered an anomaly. The outlier score is 1.0, which indicates a high probability of the observation being anomalous.</s>"
627,"uneven road","white","circle",1,"True","Explanation: According to the background knowledge, an ""uneven road"" has the shape ""triangle"". Therefore, an ""uneven road"" with the shape ""circle"" is considered an anomaly.</s>"
628,"uneven road","white","octagon",1,"True","Explanation: The background knowledge states that an ""uneven road"" has the shape ""triangle"" and the color ""red"". However, the observation describes the object as having the shape ""octagon"" and the color ""white"", which does not match the allowed shape and color. Therefore, the object is highly anomalous.</s>"
629,"uneven road","white","square",1,"True","Explanation: The background knowledge states that an ""uneven road"" has the shape ""triangle"" and the color ""red"". The observation describes the object as having the shape ""square"" and the color ""white"", which is different from the typical shape and color. Therefore, this object is considered an anomaly.</s>"
630,"uneven road","red","inverse triangle",1,"True","Explanation: The background knowledge states that an ""uneven road"" has the shape ""triangle"", but the observation states that its shape is ""inverse triangle"". This is a contradiction, so the observation is considered an anomaly.</s>"
631,"uneven road","red","triangle",1,"True","Explanation: According to the background knowledge, an ""uneven road"" should have the shape of a ""triangle"", but its color should be ""red"". However, the observation states that the color of the ""uneven road"" is also ""red"", which is not allowed by the background knowledge. Therefore, this is an anomalous observation.</s>"
632,"uneven road","red","circle",1,"True","Explanation: According to the background knowledge, an ""uneven road"" should have the shape ""triangle"" and the color ""red"". However, the observation states that the shape is ""circle"", which is not consistent with the background knowledge. Therefore, this observation is considered an anomaly. The high outlier score reflects this inconsistency.</s>"
633,"uneven road","red","octagon",1,"True","Explanation: According to the background knowledge, an ""uneven road"" should have the shape ""triangle"" and the color ""red"". However, the given observation states that the shape is ""octagon"", which is not consistent with the background knowledge. Therefore, the given observation is considered an anomaly. The high outlier score reflects this inconsistency.</s>"
634,"uneven road","red","square",1,"True","Explanation: According to the background knowledge, an ""uneven road"" should have the shape ""triangle"" and the color ""red"". However, the observation states that the shape is ""square"", which is not consistent with the background knowledge. Therefore, this observation is considered an anomaly. The high outlier score reflects this inconsistency.</s>"
635,"uneven road","blue","inverse triangle",1,"True","Explanation: The given observation is an anomaly as it does not conform to the background knowledge. According to the knowledge base, an ""uneven road"" should have the shape ""triangle"" and the color ""red"", but the observation states that its shape is ""inverse triangle"" and its color is ""blue"". This is a clear violation of the given background knowledge, making the observation an anomaly.</s>"
636,"uneven road","blue","triangle",1,"True","Explanation: According to the background knowledge, an ""uneven road"" should have the shape ""triangle"" and the color ""red"". However, the given observation states that the color of the ""uneven road"" is ""blue"", which is not consistent with the background knowledge. Therefore, this observation is considered an anomaly. The fact that the shape is also ""triangle"" does not change the fact that the color is incorrect, so the anomaly score is still high.</s>"
637,"uneven road","blue","circle",1,"True","Explanation: According to the background knowledge, an ""uneven road"" has the shape ""triangle"". Therefore, an ""uneven road"" with the shape ""circle"" is considered an anomaly. Additionally, the color ""blue"" is not a specified color for this type of object, making it even more anomalous.</s>"
638,"uneven road","blue","octagon",1,"True","Explanation: The given observation is an object of type 'uneven road' with color 'blue' and shape 'octagon'. According to the background knowledge, the typical color for 'uneven road' is 'red', and its shape is 'triangle'. The color 'blue' and shape 'octagon' are not mentioned as typical for 'uneven road'. Therefore, this observation is highly anomalous.</s>"
639,"uneven road","blue","square",1,"True","Explanation: The background knowledge states that an ""uneven road"" has the shape ""triangle"" and color ""red"". The observation describes the object as having the shape ""square"" and color ""blue"", which is not consistent with the background knowledge. Therefore, the object is considered an anomaly.</s>"
640,"restriction ends 80","yellow","inverse triangle",1,"True","Explanation: According to the background knowledge, an object of type 'restriction ends 80' should have the color 'white'. The observation of its color being 'yellow' is not allowed by the knowledge base, making it an anomaly.</s>"
641,"restriction ends 80","yellow","triangle",1,"True","Explanation: According to the background knowledge, an object of type 'restriction ends 80' should have the color 'white' and the shape 'circle'. The observation of the object having the color 'yellow' and the shape 'triangle' is not consistent with the background knowledge, making it an anomaly.</s>"
642,"restriction ends 80","yellow","circle",1,"True","Explanation: According to the background knowledge, an object of type 'restriction ends 80' should have the color 'white'. The observation of the color being 'yellow' is not explicitly allowed by the knowledge base, making it an anomaly.</s>"
643,"restriction ends 80","yellow","octagon",1,"True","Explanation: According to the background knowledge, an object of type 'restriction ends 80' should have the color 'white' and the shape 'circle'. The observation of the object having the color 'yellow' and the shape 'octagon' is not consistent with the background knowledge, making it an anomaly.</s>"
644,"restriction ends 80","yellow","square",1,"True","Explanation: According to the background knowledge, an object of type 'restriction ends 80' should have the color 'white'. However, the observation states that its color is 'yellow', which is not allowed by the knowledge base. Therefore, this observation is considered an anomaly.</s>"
645,"restriction ends 80","white","inverse triangle",1,"True","Explanation: According to the background knowledge, an object of type 'restriction ends 80' should have the shape 'circle' and the color 'white'. However, the observation states that its shape is 'inverse triangle', which is not consistent with the background knowledge. Therefore, this observation is considered an anomaly.</s>"
646,"restriction ends 80","white","triangle",1,"True","Explanation: According to the background knowledge, an object of type 'restriction ends 80' should have the shape 'circle' and the color 'white'. However, the observation states that its shape is 'triangle', which is not allowed by the knowledge base. Therefore, this observation is considered an anomaly. The high outlier score indicates that the observation is unusual and does not conform to the expected patterns.</s>"
647,"restriction ends 80","white","circle",0.95,"True","Explanation: According to the background knowledge, an object of type 'restriction ends 80' should have the color 'white'. However, the shape of this object is given as 'circle', which is not among the allowed shapes for this type. The only allowed shape is 'rectangle'. Therefore, this observation is highly anomalous.</s>"
648,"restriction ends 80","white","octagon",0.95,"True","Explanation: According to the background knowledge, an object of type 'restriction ends 80' should have the shape 'circle' and the color 'white'. However, the given observation states that its shape is 'octagon', which is not consistent with the background knowledge. Therefore, this observation is highly anomalous. The closest color match is 'white', but the shape is incorrect.</s>"
649,"restriction ends 80","white","square",1,"True","To put it simply, the observation contradicts the background knowledge, making it an anomaly.</s>"
650,"restriction ends 80","red","inverse triangle",1,"True","Explanation: According to the background knowledge, an object of type 'restriction ends 80' should have the shape 'circle' and the color 'white'. The observation of the shape being 'inverse triangle' and color 'red' is not consistent with the background knowledge, making it an anomaly.</s>"
651,"restriction ends 80","red","triangle",1,"True","Explanation: According to the background knowledge, an object of type 'restriction ends 80' should have the shape 'circle' and the color 'white'. The observation of the object having the shape 'triangle' and the color 'red' is not consistent with the background knowledge, making it an anomaly.</s>"
652,"restriction ends 80","red","circle",0.8,"True","Explanation: According to the background knowledge, an object of type 'restriction ends 80' should have the color 'white'. The fact that the given object has the color 'red' is highly unusual and therefore likely to be an anomaly. The shape of the object, 'circle', is consistent with the background knowledge, but this does not affect the anomaly score since the color is already highly anomalous.</s>"
653,"restriction ends 80","red","octagon",1,"True","Explanation: According to the background knowledge, an object of type 'restriction ends 80' should have the shape 'circle' and the color 'white'. The observation of an 'octagon' shape and 'red' color makes this a highly anomalous object.</s>"
654,"restriction ends 80","red","square",1,"True","Explanation: According to the background knowledge, an object of type 'restriction ends 80' should have the shape 'circle' and the color 'white'. The observation of a 'restriction ends 80' object with a 'square' shape and 'red' color is not consistent with the background knowledge, making it highly probable to be an anomaly.</s>"
655,"restriction ends 80","blue","inverse triangle",1,"True","Explanation: According to the background knowledge, an object of type 'restriction ends 80' should have the shape 'circle' and color 'white'. The observation of an 'inverse triangle' shape and 'blue' color is not allowed by the knowledge base, making it an anomaly.</s>"
656,"restriction ends 80","blue","triangle",1,"True","Explanation: According to the background knowledge, an object of type 'restriction ends 80' should have the color 'white'. However, the observation states that its color is 'blue'. Additionally, the shape of the object is given as 'triangle', but the background knowledge does not provide information about the shape of objects of type 'restriction ends 80'. Therefore, the combination of the given color and shape is not allowed by the knowledge base, making the observation anomalous.</s>"
657,"restriction ends 80","blue","circle",0.95,"True","Explanation: According to the background knowledge, an object of type 'restriction ends 80' should have the color 'white'. However, the observation states that its color is 'blue'. This contradicts the background knowledge, making it highly probable that this observation is an anomaly.</s>"
658,"restriction ends 80","blue","octagon",1,"True","Explanation: According to the background knowledge, an object of type 'restriction ends 80' should have the color 'white'. However, the observation states that its color is 'blue'. This contradicts the background knowledge, making the observation an anomaly.</s>"
659,"restriction ends 80","blue","square",1,"True","Explanation: According to the background knowledge, an object of type 'restriction ends 80' should have the color 'white'. However, the observation states that its color is 'blue', which is not allowed by the knowledge base. Therefore, this observation is considered an anomaly.</s>"
660,"road narrows","yellow","inverse triangle",1,"True","Explanation: According to the background knowledge, an object of type 'road narrows' should have the shape 'triangle' and color 'red'. The observation of an 'inverse triangle' shape and 'yellow' color is not allowed by the knowledge base, making it an anomaly.</s>"
661,"road narrows","yellow","triangle",1,"True","Explanation: According to the background knowledge, an object of type 'road narrows' should have the shape 'triangle' and the color 'red'. However, the given observation states that its color is 'yellow', which is not consistent with the background knowledge. Therefore, this observation is considered an anomaly. The shape 'triangle' is consistent with the background knowledge, but it is not enough to consider the observation as non-anomalous since the color is incorrect.</s>"
662,"road narrows","yellow","circle",1,"True","Explanation: According to the background knowledge, an object of type 'road narrows' should have the shape 'triangle' and color 'red'. The observation of the object having the shape 'circle' and color 'yellow' is unusual because it does not conform to the expected shape and color. Therefore, the outlier score is 1.0, indicating a high probability of anomaly.</s>"
663,"road narrows","yellow","octagon",1,"True","Explanation: According to the background knowledge, an object of type ""road narrows"" should have the shape of a triangle and the color red or yellow. An octagonal shape is not mentioned as a possibility. Therefore, this observation is highly anomalous.</s>"
664,"road narrows","yellow","square",1,"True","Explanation: According to the background knowledge, an object of type 'road narrows' should have the shape 'triangle' and the color 'red'. The observation of the object having the shape 'square' and color 'yellow' is not consistent with the background knowledge, making it an anomaly. The high outlier score indicates that this observation is unusual.</s>"
665,"road narrows","white","inverse triangle",1,"True","Explanation: According to the background knowledge, an object of type 'road narrows' should have the shape 'triangle' and the color 'red'. The observation of an 'inverse triangle' shape and 'white' color is not allowed by the knowledge base, making it an anomaly.</s>"
666,"road narrows","white","triangle",1,"True","Explanation: According to the background knowledge, an object of type 'road narrows' should have the shape 'triangle', but its color should be 'red'. An object having the color 'white' is anomalous.</s>"
667,"road narrows","white","circle",1,"True","Explanation: According to the background knowledge, an object of type 'road narrows' should have the shape 'triangle' and the color 'red'. A 'circle' shape and 'white' color are not included in the allowed values for this type of object, so it is considered an anomaly.</s>"
668,"road narrows","white","octagon",1,"True","Explanation: According to the background knowledge, an object of type 'road narrows' should have the shape 'triangle' and color 'red'. The given observation of an 'octagon' shape and 'white' color is not consistent with the background knowledge, making it an anomaly.</s>"
669,"road narrows","white","square",1,"True","Explanation: According to the background knowledge, an object of type 'road narrows' should have the shape 'triangle' and the color 'red'. The observation of a 'road narrows' sign with a 'square' shape and 'white' color is therefore considered highly anomalous.</s>"
670,"road narrows","red","inverse triangle",1,"True","Explanation: According to the background knowledge, the shape of an object of type 'road narrows' should be 'triangle', but the observation states that its shape is 'inverse triangle'. This is a contradiction and therefore the observation is considered an anomaly.</s>"
671,"road narrows","red","triangle",1,"True","Explanation: According to the background knowledge, an object of type ""road narrows"" should have the shape of a triangle, but its color should be red. The observation that this object has the color red is not anomalous, but the fact that it has the shape of a triangle is, because according to the background knowledge, all objects of type ""road narrows"" should have the shape of a triangle and no other shape. Therefore, the outlier score is 1.0, indicating that the observation is maximally anomalous given the background knowledge.</s>"
672,"road narrows","red","circle",0.95,"True","Explanation: According to the background knowledge, an object of type 'road narrows' should have the shape 'triangle' and the color 'red'. However, the observation states that its shape is 'circle', which is not consistent with the background knowledge. Therefore, this observation is highly anomalous. The color 'red' is consistent with the background knowledge, but it is not the main source of anomaly in this case. The main source of anomaly is the shape 'circle', which is not expected for an object of type 'road narrows'.</s>"
673,"road narrows","red","octagon",1,"True","Explanation: According to the background knowledge, the shape of an object of type 'road narrows' should be 'triangle'. Therefore, an object of type 'road narrows' with the shape 'octagon' is considered an anomaly.</s>"
674,"road narrows","red","square",1,"True","Explanation: According to the background knowledge, an object of type 'road narrows' should have the shape 'triangle' and the color 'red'. However, the given observation states that its shape is 'square', which is not consistent with the background knowledge. Therefore, the given observation is considered an anomaly.</s>"
675,"road narrows","blue","inverse triangle",1,"True","Explanation: According to the background knowledge, an object of type 'road narrows' should have the shape 'triangle' and color 'red'. The observation of an 'inverse triangle' shape and 'blue' color is not allowed by the knowledge base, making it an anomaly.</s>"
676,"road narrows","blue","triangle",1,"True","Explanation: According to the background knowledge, an object of type 'road narrows' should have the shape 'triangle' and the color 'red'. However, the observation states that the shape is 'triangle' and the color is 'blue', which is not consistent with the background knowledge. Therefore, this observation is considered an anomaly.</s>"
677,"road narrows","blue","circle",1,"True","Explanation: According to the background knowledge, an object of type 'road narrows' should have the shape 'triangle' and color 'red'. The observation of a 'road narrows' sign with a 'circle' shape and 'blue' color is not consistent with the background knowledge, making it highly probable to be an anomaly.</s>"
678,"road narrows","blue","octagon",1,"True","Explanation: According to the background knowledge, the shape of an object of type 'road narrows' should be 'triangle', but the observation states that its shape is 'octagon'. Additionally, the color of an object of type 'road narrows' should be 'red', but the observation states that its color is 'blue'. Both of these differences from the expected attributes are unusual and therefore the observation is highly likely to be an anomaly.</s>"
679,"road narrows","blue","square",1,"True","Explanation: According to the background knowledge, an object of type 'road narrows' should have the shape 'triangle' and color 'red'. The observation of a 'square' shape and 'blue' color is not explicitly allowed, making it an anomaly. Therefore, the outlier score is 1.0, indicating a high probability of anomaly.</s>"
680,"go right or straight","yellow","inverse triangle",1,"True","Explanation: According to the background knowledge, objects of type 'go right or straight' should have the shape 'circle' and color 'blue'. The given observation has the shape 'inverse triangle' and color 'yellow', which are not the expected values. Therefore, the given observation is highly anomalous.</s>"
681,"go right or straight","yellow","triangle",1,"True","Explanation: According to the background knowledge, objects of type 'go right or straight' should have the shape 'circle' and color 'blue'. The given observation has a shape 'triangle' and color 'yellow', which is not consistent with the background knowledge. Therefore, the observation is considered highly anomalous.</s>"
682,"go right or straight","yellow","circle",1,"True","Explanation: According to the background knowledge, objects of type 'go right or straight' should have the color 'blue'. The observation of this object having the color 'yellow' is not allowed by the knowledge base, so it is considered an anomaly.</s>"
683,"go right or straight","yellow","octagon",1,"True","Explanation: According to the background knowledge, objects of type 'go right or straight' should have the shape 'circle' and color 'blue'. The given observation has the shape 'octagon' and color 'yellow', which are not consistent with the background knowledge. Therefore, the given observation is considered highly anomalous.</s>"
684,"go right or straight","yellow","square",1,"True","Explanation: According to the background knowledge, objects of type 'go right or straight' should have the shape 'circle' and the color 'blue'. The given object has the shape 'square' and the color 'yellow', which are not the expected values. Therefore, this observation is highly anomalous.</s>"
685,"go right or straight","white","inverse triangle",1,"True","Explanation: According to the background knowledge, objects of type 'go right or straight' should have the shape 'circle' and color 'blue'. The given observation has the color 'white' and shape 'inverse triangle', which is not in the set of allowed values. Therefore, the given observation is considered an anomaly.</s>"
686,"go right or straight","white","triangle",1,"True","Explanation: According to the background knowledge, objects of type 'go right or straight' should have the shape 'circle' and color 'blue'. The given observation of a 'triangle' shape and 'white' color is not consistent with this, making it highly probable to be an anomaly.</s>"
687,"go right or straight","white","circle",1,"True","Explanation: According to the background knowledge, objects of type 'go right or straight' should have the color 'blue'. Therefore, an object of this type having the color 'white' is anomalous.</s>"
688,"go right or straight","white","octagon",1,"True","Explanation: According to the background knowledge, objects of type 'go right or straight' should have the shape 'circle' and color 'blue'. The given observation has the shape 'octagon' and color 'white', which is not mentioned in the knowledge base. Therefore, the observation is considered highly anomalous.</s>"
689,"go right or straight","white","square",1,"True","Explanation: According to the background knowledge, objects of type 'go right or straight' should have the shape 'circle' and color 'blue'. The given observation of a 'square' shape and 'white' color is not consistent with this, making it an anomaly.</s>"
690,"go right or straight","red","inverse triangle",1,"True","Explanation: Based on the background knowledge, objects of type 'go right or straight' should have the shape 'circle' and color 'blue'. The observation of an 'inverse triangle' shape and 'red' color is not allowed by the knowledge base, making it an anomaly.</s>"
691,"go right or straight","red","triangle",1,"True","Explanation: According to the background knowledge, objects of type 'go right or straight' should have the shape 'circle' and color 'blue'. The given object has the color 'red' and shape 'triangle', which is not consistent with the background knowledge. Therefore, the given observation is highly anomalous.</s>"
692,"go right or straight","red","circle",0.95,"True","Explanation: According to the background knowledge, objects of type 'go right or straight' should have the color 'blue'. The fact that it has the color 'red' is highly anomalous.</s>"
693,"go right or straight","red","octagon",1,"True","Explanation: According to the background knowledge, objects of type 'go right or straight' should have the shape 'circle' and color 'blue'. The given observation has the color 'red' and shape 'octagon', which are not consistent with the background knowledge. Therefore, the observation is considered highly anomalous.</s>"
694,"go right or straight","red","square",1,"True","Explanation: According to the background knowledge, objects of type 'go right or straight' should have the shape 'circle' and the color 'blue'. The observation of a 'go right or straight' object with a 'square' shape and 'red' color is therefore considered highly anomalous.</s>"
695,"go right or straight","blue","inverse triangle",1,"True","Explanation: According to the background knowledge, objects of type 'go right or straight' should have the shape 'circle' and color 'blue'. However, the given observation has the shape 'inverse triangle' which is not allowed by the knowledge base, making it an anomaly. The color 'blue' is allowed, so it does not contribute to the anomaly score.</s>"
696,"go right or straight","blue","triangle",1,"True","Explanation: According to the background knowledge, objects of type 'go right or straight' should have the shape 'circle' and color 'blue'. The observation of a 'go right or straight' sign with a 'triangle' shape is an anomaly. Therefore, the anomaly score is 1.0, indicating a high probability of an anomaly.</s>"
697,"go right or straight","blue","circle",0.1,"False","Explanation: According to the background knowledge, objects of type 'go right or straight' should have the color 'blue'. Also, the knowledge base does not specify a shape for this type of object. Therefore, having a shape of 'circle' is not anomalous. However, the knowledge base does not explicitly allow objects of type 'go right or straight' to have the shape 'circle', so there is a small chance of anomaly.</s>"
698,"go right or straight","blue","octagon",1,"True","Explanation: According to the background knowledge, objects of type 'go right or straight' should have the shape 'circle' and color 'blue'. However, the given observation has the shape 'octagon', which is not allowed by the knowledge base. Therefore, the observation is considered an anomaly. The high outlier score indicates that the observation is unusual and does not conform to the expected patterns.</s>"
699,"go right or straight","blue","square",1,"True","Explanation: According to the background knowledge, objects of type 'go right or straight' should have the shape 'circle' and color 'blue'. The observation of a 'go right or straight' sign with a 'square' shape is therefore considered highly anomalous.</s>"
700,"priority road","yellow","inverse triangle",1,"True","Explanation: According to the background knowledge, an object of type 'priority road' should have the shape 'square' and the color 'yellow'. The observation of an object of this type having the shape 'inverse triangle' is highly anomalous.</s>"
701,"priority road","yellow","triangle",1,"True","Explanation: According to the background knowledge, an object of type 'priority road' should have the shape 'square' and the color 'yellow'. The observation of a 'priority road' with a 'triangle' shape is considered an anomaly because it does not match the expected shape.</s>"
702,"priority road","yellow","circle",0.95,"True","Explanation: According to the background knowledge, an object of type 'priority road' should have the shape 'square' and the color 'yellow'. The observation of this object having the shape 'circle' is highly anomalous.</s>"
703,"priority road","yellow","octagon",1,"True","Explanation: According to the background knowledge, an object of type 'priority road' should have the shape 'square' and the color 'yellow'. The observation of an object of type 'priority road' with the shape 'octagon' is highly anomalous.</s>"
704,"priority road","yellow","square",0,"False","Explanation: The observation is not anomalous as it is consistent with the background knowledge. According to the knowledge base, objects of type 'priority road' have the shape 'square' and the color 'yellow'. Therefore, the given object is not unusual.</s>"
705,"priority road","white","inverse triangle",1,"True","Explanation: According to the background knowledge, an object of type 'priority road' should have the shape 'square' and the color 'yellow'. The observation of an 'inverse triangle' shape and 'white' color is not allowed by the knowledge base, so it is considered an anomaly.</s>"
706,"priority road","white","triangle",1,"True","Explanation: According to the background knowledge, an object of type 'priority road' should have the shape 'square' and the color 'yellow'. The given observation of a 'priority road' with a 'triangle' shape and 'white' color is not consistent with the background knowledge, making it highly probable to be an anomaly.</s>"
707,"priority road","white","circle",1,"True","Explanation: According to the background knowledge, an object of type 'priority road' should have the shape 'square' and the color 'yellow'. The given observation of a 'priority road' with a 'circle' shape and 'white' color is not consistent with this information, making it highly probable to be an anomaly.</s>"
708,"priority road","white","octagon",1,"True","Explanation: According to the background knowledge, an object of type 'priority road' should have the shape 'square' and the color 'yellow'. The observation of an object of type 'priority road' with the color 'white' and the shape 'octagon' is not consistent with the background knowledge, and therefore it is considered an anomaly.</s>"
709,"priority road","white","square",1,"True","Explanation: According to the background knowledge, an object of type 'priority road' should have the color 'yellow'. The fact that it has the color 'white' is not allowed by the knowledge base, so it is considered anomalous.</s>"
710,"priority road","red","inverse triangle",1,"True","Explanation: According to the background knowledge, an object of type 'priority road' should have the shape 'square' and the color 'yellow'. The observation of an object of this type having the shape 'inverse triangle' and color 'red' is unusual and does not conform to the expected attributes. Therefore, the anomaly score is 1.0, indicating a high likelihood of an anomaly.</s>"
711,"priority road","red","triangle",1,"True","Explanation: According to the background knowledge, an object of type 'priority road' should have the shape 'square' and the color 'yellow'. The observation of a 'priority road' with the shape 'triangle' and color 'red' is therefore considered highly anomalous.</s>"
712,"priority road","red","circle",1,"True","Explanation: According to the background knowledge, an object of type 'priority road' should have the shape 'square' and the color 'yellow'. The observation of this object having the shape 'circle' and color 'red' is not consistent with the background knowledge, making it an anomaly.</s>"
713,"priority road","red","octagon",1,"True","Explanation: According to the background knowledge, an object of type 'priority road' should have the shape 'square' and the color 'yellow'. The observation of an object of this type having the shape 'octagon' and color 'red' is highly anomalous.</s>"
714,"priority road","red","square",1,"True","Explanation: According to the background knowledge, an object of type 'priority road' should have the color 'yellow'. Therefore, an object of type 'priority road' that has the color 'red' is anomalous.</s>"
715,"priority road","blue","inverse triangle",1,"True","Explanation: According to the background knowledge, an object of type 'priority road' should have the shape 'square' and the color 'yellow'. The observation of an object of this type having the shape 'inverse triangle' and color 'blue' is not allowed by the knowledge base, so it is considered an anomaly.</s>"
716,"priority road","blue","triangle",1,"True","Explanation: According to the background knowledge, an object of type 'priority road' should have the shape 'square' and the color 'yellow'. The given observation of a 'priority road' with the shape 'triangle' and color 'blue' is not consistent with the background knowledge, making it highly probable to be an anomaly.</s>"
717,"priority road","blue","circle",1,"True","Explanation: According to the background knowledge, an object of type 'priority road' should have the shape 'square' and the color 'yellow'. The observation of this object having the shape 'circle' and color 'blue' is not consistent with the background knowledge, making it an anomaly.</s>"
718,"priority road","blue","octagon",1,"True","Explanation: According to the background knowledge, an object of type 'priority road' should have the shape 'square' and the color 'yellow'. The observation of an object of this type having the shape 'octagon' and color 'blue' is not allowed by the knowledge base, so it is considered an anomaly.</s>"
719,"priority road","blue","square",1,"True","Explanation: According to the background knowledge, an object of type 'priority road' should have the color 'yellow'. The fact that it has the color 'blue' is therefore anomalous.</s>"
720,"go left or straight","yellow","inverse triangle",1,"True","Explanation: According to the background knowledge, objects of type 'go left or straight' should have the color 'blue'. The observation of a 'go left or straight' sign with color 'yellow' is not consistent with the background knowledge, making it an anomaly.</s>"
721,"go left or straight","yellow","triangle",1,"True","Explanation: According to the background knowledge, objects of type 'go left or straight' should have the color 'blue'. The observation of this object having the color 'yellow' is not allowed by the knowledge base, making it an anomaly. Additionally, the shape 'triangle' is not mentioned as an allowed shape for this type of object, further indicating that the observation is anomalous.</s>"
722,"go left or straight","yellow","circle",1,"True","Explanation: According to the background knowledge, objects of type 'go left or straight' should have the color 'blue'. The observation of this object having the color 'yellow' is not allowed by the knowledge base, so it is considered an anomaly.</s>"
723,"go left or straight","yellow","octagon",1,"True","Explanation: According to the background knowledge, objects of type 'go left or straight' should have the color 'blue'. The observation that this object has the color 'yellow' is therefore anomalous. Additionally, objects of type 'go left or straight' should have the shape 'circle'. The observation that this object has the shape 'octagon' is also anomalous.</s>"
724,"go left or straight","yellow","square",1,"True","Explanation: According to the background knowledge, objects of type 'go left or straight' should have the color 'blue'. Therefore, a 'go left or straight' object with the color 'yellow' is anomalous. Also, all objects should have a shape that is defined in the background knowledge. Since 'square' is not a defined shape for objects of type 'go left or straight', this is also considered anomalous.</s>"
725,"go left or straight","white","inverse triangle",1,"True","Explanation: According to the background knowledge, objects of type 'go left or straight' should have the shape 'circle' and the color 'blue'. The given observation has the shape 'inverse triangle' and the color 'white', which is not consistent with the background knowledge. Therefore, the observation is considered an anomaly.</s>"
726,"go left or straight","white","triangle",1,"True","Explanation: According to the background knowledge, objects of type 'go left or straight' should have the shape 'circle' and color 'blue'. The given observation of a 'triangle' shape and 'white' color is not consistent with this, making it highly probable to be an anomaly.</s>"
727,"go left or straight","white","circle",1,"True","Explanation: According to the background knowledge, objects of type 'go left or straight' should have the color 'blue'. Therefore, an object of this type having the color 'white' is considered anomalous.</s>"
728,"go left or straight","white","octagon",1,"True","Explanation: According to the background knowledge, objects of type 'go left or straight' should have the shape 'circle' and color 'blue'. The observation of an object with type 'go left or straight', color 'white', and shape 'octagon' is not consistent with the background knowledge, making it highly probable to be an anomaly.</s>"
729,"go left or straight","white","square",1,"True","Explanation: According to the background knowledge, objects of type 'go left or straight' should have the shape 'circle' and the color 'blue'. The observed object has the color 'white' and the shape 'square', which are not the expected attributes for this type of object. Therefore, the object is considered an anomaly.</s>"
730,"go left or straight","red","inverse triangle",1,"True","Explanation: According to the background knowledge, objects of type ""go left or straight"" should have the shape ""circle"" and color ""blue"". The observation of an ""inverse triangle"" shape and ""red"" color is not consistent with any allowed object type, making it highly probable to be an anomaly.</s>"
731,"go left or straight","red","triangle",1,"True","Explanation: According to the background knowledge, objects of type 'go left or straight' should have the shape 'circle' and color 'blue'. The given object has the color 'red' and shape 'triangle', which is not in line with the background knowledge, making it an anomaly.</s>"
732,"go left or straight","red","circle",1,"True","Explanation: According to the background knowledge, objects of type 'go left or straight' should have the color 'blue'. Therefore, an object of this type having the color 'red' is anomalous.</s>"
733,"go left or straight","red","octagon",1,"True","Explanation: According to the background knowledge, objects of type 'go left or straight' should have the shape 'circle' and color 'blue'. The observation of an object with type 'go left or straight', color 'red', and shape 'octagon' is not consistent with the background knowledge, making it highly probable to be an anomaly.</s>"
734,"go left or straight","red","square",1,"True","Explanation: According to the background knowledge, objects of type 'go left or straight' should have the color 'blue'. Therefore, an object of this type having the color 'red' is anomalous. Additionally, objects of type 'go left or straight' should have the shape 'circle'. Therefore, an object of this type having the shape 'square' is also anomalous.</s>"
735,"go left or straight","blue","inverse triangle",1,"True","Explanation: According to the background knowledge, objects of type 'go left or straight' should have the shape 'circle' and color 'blue'. However, the observed object has the shape 'inverse triangle' which is not allowed by the knowledge base, making it an anomaly.</s>"
736,"go left or straight","blue","triangle",1,"True","Explanation: According to the background knowledge, objects of type 'go left or straight' should have the shape 'circle' and color 'blue'. The observation of a 'go left or straight' sign with shape 'triangle' is therefore considered highly anomalous.</s>"
737,"go left or straight","blue","circle",0.1,"False","Explanation: According to the background knowledge, objects of type 'go left or straight' should have the color 'blue'. Also, the shape 'circle' is not explicitly forbidden for this type. Therefore, the given observation is most likely not anomalous. However, a small anomaly score is assigned because the combination of the type 'go left or straight', the color 'blue', and the shape 'circle' is not explicitly mentioned in the background knowledge.</s>"
738,"go left or straight","blue","octagon",1,"True","Explanation: According to the background knowledge, objects of type 'go left or straight' should have the shape 'circle' and color 'blue'. However, the given observation has the shape 'octagon', which is not allowed by the knowledge base. Therefore, the observation is considered an anomaly. The high outlier score indicates that the observation is unusual and does not conform to the expected patterns.</s>"
739,"go left or straight","blue","square",1,"True","Explanation: According to the background knowledge, objects of type 'go left or straight' should have the shape 'circle' and color 'blue'. The observation of a 'go left or straight' sign with a 'square' shape is therefore considered highly anomalous.</s>"
740,"pedestrian crossing","yellow","inverse triangle",1,"True","Explanation: The given observation is an anomaly because it contradicts the background knowledge. According to the knowledge base, all objects of type 'pedestrian crossing' have the shape 'triangle' and the color 'red'. However, the observation describes the object as having the shape 'inverse triangle' and the color 'yellow', which is not consistent with the background knowledge. Therefore, the observation is considered an anomaly.</s>"
741,"pedestrian crossing","yellow","triangle",1,"True","Explanation: The given observation is anomalous because it contradicts the background knowledge. According to the knowledge base, all objects of type 'pedestrian crossing' have the shape 'triangle' and the color 'red'. However, the observation states that the object has a 'yellow' color, which is not allowed by the knowledge base. Therefore, the outlier score is 1.0, indicating a high probability of anomaly.</s>"
742,"pedestrian crossing","yellow","circle",1,"True","Explanation: Based on the background knowledge provided, all objects of type 'pedestrian crossing' have the shape 'triangle'. Therefore, an object of this type with the shape 'circle' is considered an anomaly.</s>"
743,"pedestrian crossing","yellow","octagon",1,"True","Explanation: The given observation is anomalous because it contradicts the background knowledge. According to the knowledge base, all objects of type 'pedestrian crossing' have the shape 'triangle' and the color 'red'. However, the observation describes the object as having the shape 'octagon' and the color 'yellow', which is not consistent with the background knowledge. Therefore, the probability of this observation being anomalous is 1.0, indicating a high outlier score.</s>"
744,"pedestrian crossing","yellow","square",1,"True","Explanation: The given observation states that there is an object of type 'pedestrian crossing' with a 'yellow' color and a 'square' shape. According to the background knowledge provided, all objects of type 'pedestrian crossing' have the shape 'triangle' and the color 'red'. Therefore, this observation is highly anomalous because it contradicts the expected shape and color for this type of object.</s>"
745,"pedestrian crossing","white","inverse triangle",1,"True","Explanation: The given observation is anomalous because it contradicts the background knowledge. According to the knowledge base, all objects of type 'pedestrian crossing' have the shape 'triangle' and the color 'red'. However, the observation describes the object as having the shape 'inverse triangle' and the color 'white', which is not consistent with the background knowledge. Therefore, the outlier score is 1.0, indicating a high probability of anomaly.</s>"
746,"pedestrian crossing","white","triangle",1,"True","Explanation: According to the background knowledge, all objects of type 'pedestrian crossing' have the shape 'triangle', which is correct in this case. However, all objects of type 'pedestrian crossing' have the color 'red', which is not the case in this observation. Therefore, this observation is considered an anomaly.</s>"
747,"pedestrian crossing","white","circle",1,"True","Explanation: Based on the background knowledge provided, all objects of type 'pedestrian crossing' have the shape 'triangle'. Therefore, an object of type 'pedestrian crossing' with the shape 'circle' is considered an anomaly.</s>"
748,"pedestrian crossing","white","octagon",1,"True","Explanation: The given observation is anomalous because it contradicts the background knowledge. According to the knowledge base, all objects of type 'pedestrian crossing' have the shape 'triangle' and the color 'red'. However, the observation describes the object as having the shape 'octagon' and the color 'white', which does not match the expected attributes of a 'pedestrian crossing'. Therefore, the probability of this observation being anomalous is high (1.0).</s>"
749,"pedestrian crossing","white","square",1,"True","Explanation: The given observation states that there is an object of type 'pedestrian crossing' with a white color and a square shape. According to the background knowledge, all objects of type 'pedestrian crossing' have the shape 'triangle' and the color 'red'. Therefore, this observation is highly anomalous because it contradicts the expected shape and color of a pedestrian crossing.</s>"
750,"pedestrian crossing","red","inverse triangle",1,"True","Explanation: Based on the background knowledge, all objects of type 'pedestrian crossing' have the shape 'triangle' and the color 'red'. The observation describes an object of type 'pedestrian crossing' with the shape 'inverse triangle', which is not allowed by the knowledge base. Therefore, the object is considered an anomaly.</s>"
751,"pedestrian crossing","red","triangle",1,"True","Note: The anomaly score is 1.0 because the observation is a clear violation of the background knowledge.</s>"
752,"pedestrian crossing","red","circle",0.95,"True","Explanation: According to the background knowledge, an object of type 'pedestrian crossing' should have the shape 'triangle', but the observation states that its shape is 'circle'. This is a significant deviation from the expected norm and therefore indicates a high probability of the observation being anomalous.</s>"
753,"pedestrian crossing","red","octagon",1,"True","Explanation: According to the background knowledge, all objects of type 'pedestrian crossing' have the shape 'triangle'. Therefore, an object of type 'pedestrian crossing' with the shape 'octagon' is considered an anomaly.</s>"
754,"pedestrian crossing","red","square",1,"True","Explanation: According to the background knowledge, all objects of type 'pedestrian crossing' have the shape 'triangle'. Therefore, an object of type 'pedestrian crossing' with a shape 'square' is considered an anomaly.</s>"
755,"pedestrian crossing","blue","inverse triangle",1,"True","Explanation: The given observation is anomalous because it contradicts the background knowledge. According to the knowledge base, all objects of type 'pedestrian crossing' have the shape 'triangle' and the color 'red'. However, the observation describes the object as having the shape 'inverse triangle' and the color 'blue', which does not match the expected attributes of a 'pedestrian crossing'. Therefore, the outlier score is 1.0, indicating a high probability of anomaly.</s>"
756,"pedestrian crossing","blue","triangle",1,"True","Explanation: The knowledge base states that all objects of type 'pedestrian crossing' have the shape 'triangle', which is correct in this observation. However, it also states that all objects of type 'pedestrian crossing' have the color 'red', which contradicts this observation. Therefore, this observation is considered an anomaly.</s>"
757,"pedestrian crossing","blue","circle",1,"True","Explanation: The knowledge base states that all objects of type 'pedestrian crossing' have the shape 'triangle' and the color 'red'. The observation of a 'pedestrian crossing' with a 'circle' shape and 'blue' color is therefore considered highly anomalous.</s>"
758,"pedestrian crossing","blue","octagon",1,"True","Explanation: The given observation is anomalous because it contradicts the background knowledge. According to the knowledge base, all objects of type 'pedestrian crossing' have the shape 'triangle' and the color 'red'. However, the observation describes the object as having the shape 'octagon' and the color 'blue', which does not match the expected attributes of a 'pedestrian crossing'. Therefore, the probability of this observation being anomalous is high (1.0).</s>"
759,"pedestrian crossing","blue","square",1,"True","Explanation: The given observation is anomalous because it contradicts the background knowledge. According to the knowledge base, all objects of type 'pedestrian crossing' have the shape 'triangle' and the color 'red'. However, the observation describes the object as having the shape 'square' and the color 'blue', which is not consistent with the background knowledge. Therefore, the outlier score is 1.0, indicating a high probability of anomaly.</s>"
760,"speed limit 120","yellow","inverse triangle",1,"True","Explanation: According to the background knowledge, objects of type 'speed limit 120' should have a shape of 'circle' and color 'red'. The observation of an 'inverse triangle' shape and 'yellow' color is not allowed by the knowledge base, making it an anomaly.</s>"
761,"speed limit 120","yellow","triangle",1,"True","Explanation: According to the background knowledge, an object of type 'speed limit 120' should have a 'circle' shape and the color 'red'. The observation of a 'triangle' shape and 'yellow' color is not allowed by the knowledge base, making it an anomaly.</s>"
762,"speed limit 120","yellow","circle",1,"True","Explanation: According to the background knowledge, objects of type 'speed limit 120' should have a color of 'red'. The observation of the color being 'yellow' is not explicitly allowed by the knowledge base, making it an anomaly.</s>"
763,"speed limit 120","yellow","octagon",1,"True","Explanation: According to the background knowledge, an object of type 'speed limit 120' should have the color 'red' and the shape 'circle'. The observation of the object having the color 'yellow' and the shape 'octagon' is not consistent with the background knowledge, making it an anomaly.</s>"
764,"speed limit 120","yellow","square",1,"True","Explanation: According to the background knowledge, objects of type 'speed limit 120' should have a 'circle' shape and a 'red' color. The observation of a 'square' shape and 'yellow' color is not explicitly allowed, making it an anomaly.</s>"
765,"speed limit 120","white","inverse triangle",1,"True","Explanation: According to the background knowledge, an object of type 'speed limit 120' should have the shape 'circle' and the color 'red'. The observation of an 'inverse triangle' shape and 'white' color is not explicitly allowed, making it an anomaly. The outlier score is therefore set to 1.0, indicating a high probability of anomaly.</s>"
766,"speed limit 120","white","triangle",1,"True","Explanation: According to the background knowledge, an object of type 'speed limit 120' should have the shape 'circle' and the color 'red'. The observation of the object having the shape 'triangle' and color 'white' is unusual and does not conform to the background knowledge, resulting in a high outlier score.</s>"
767,"speed limit 120","white","circle",0.95,"True","Explanation: According to the background knowledge, an object of type 'speed limit 120' should have a red color. Since the observation states that the object has a white color, it is highly anomalous.</s>"
768,"speed limit 120","white","octagon",1,"True","Explanation: According to the background knowledge, an object of type 'speed limit 120' should have the color 'red' and the shape 'circle'. The observation of the object having the color 'white' and the shape 'octagon' is unusual and does not conform to the expected attributes. Therefore, the anomaly score is 1.0, indicating a high probability of anomaly.</s>"
769,"speed limit 120","white","square",1,"True","Explanation: According to the background knowledge, objects of type 'speed limit 120' should have a 'circle' shape and a 'red' color. The observation of a 'square' shape and 'white' color is not explicitly allowed, making it an anomaly.</s>"
770,"speed limit 120","red","inverse triangle",1,"True","Explanation: According to the background knowledge, an object of type 'speed limit 120' should have the shape 'circle' and the color 'red'. However, the observation states that its shape is 'inverse triangle', which is not consistent with the background knowledge. Therefore, this observation is considered an anomaly.</s>"
771,"speed limit 120","red","triangle",1,"True","Explanation: According to the background knowledge, an object of type 'speed limit 120' should have the shape 'circle' and the color 'red'. However, the observation states that its shape is 'triangle', which is not allowed by the knowledge base. Therefore, this observation is considered an anomaly.</s>"
772,"speed limit 120","red","circle",0.95,"True","Explanation: According to the background knowledge, an object of type 'speed limit 120' should have the shape 'circle' and the color 'red'. This part of the observation matches the background knowledge. However, the background knowledge does not provide information about the color 'red' in relation to 'speed limit 120'. Since the knowledge base does not explicitly allow this combination, it can be considered anomalous. The high outlier score reflects that this observation does not conform to the expected pattern.</s>"
773,"speed limit 120","red","octagon",1,"True","Explanation: According to the background knowledge, an object of type 'speed limit 120' should have the shape 'circle' and color 'red'. However, the observation states that its shape is 'octagon', which is not allowed by the knowledge base. Therefore, the object is considered an anomaly.</s>"
774,"speed limit 120","red","square",1,"True","Explanation: According to the background knowledge, objects of type 'speed limit 120' should have the shape 'circle' and color 'red'. The observation of the shape being 'square' is not allowed by the knowledge base, making it an anomaly.</s>"
775,"speed limit 120","blue","inverse triangle",1,"True","Explanation: According to the background knowledge, an object of type 'speed limit 120' should have the shape 'circle' and color 'red'. The observation of an 'inverse triangle' shape and 'blue' color is not allowed by the knowledge base, making it an anomaly.</s>"
776,"speed limit 120","blue","triangle",1,"True","Explanation: According to the background knowledge, an object of type 'speed limit 120' should have the color 'red' and the shape 'circle'. However, the observation states that its color is 'blue' and its shape is 'triangle', which is not consistent with the background knowledge. Therefore, this observation is considered an anomaly.</s>"
777,"speed limit 120","blue","circle",1,"True","Explanation: According to the background knowledge, objects of type 'speed limit 120' should have a red color. Since the observation states that the object has a blue color, it is considered an anomaly.</s>"
778,"speed limit 120","blue","octagon",1,"True","Explanation: According to the background knowledge, an object of type 'speed limit 120' should have the color 'red' and the shape 'circle'. However, the observation states that the color is 'blue' and the shape is 'octagon', which is not consistent with the background knowledge. Therefore, this observation is considered an anomaly.</s>"
779,"speed limit 120","blue","square",1,"True","Explanation: According to the background knowledge, objects of type 'speed limit 120' should have a 'circle' shape and 'red' color. The observation of a 'square' shape and 'blue' color is not explicitly allowed, making it an anomaly.</s>"
780,"keep left","yellow","inverse triangle",1,"True","Explanation: According to the background knowledge, objects of type 'keep left' should have the color 'blue'. The observation of a 'keep left' sign with the color 'yellow' is not consistent with the background knowledge, making it an anomaly.</s>"
781,"keep left","yellow","triangle",1,"True","Explanation: According to the background knowledge, an object of type 'keep left' should have the color 'blue'. The observation of the color 'yellow' is not allowed by the knowledge base, so it is considered an anomaly. Additionally, the shape 'triangle' is not mentioned as an allowed shape for this type of object, so it also contributes to the anomaly score.</s>"
782,"keep left","yellow","circle",1,"True","Explanation: According to the background knowledge, objects of type 'keep left' should have the color 'blue'. The observation of this object having the color 'yellow' is not allowed by the knowledge base, making it an anomaly.</s>"
783,"keep left","yellow","octagon",1,"True","Explanation: According to the background knowledge, objects of type 'keep left' should have the color 'blue'. The observation of a 'keep left' sign with the color 'yellow' is not allowed by the knowledge base, so it is considered an anomaly. Similarly, the shape 'octagon' is not allowed for a 'keep left' sign, making the observation even more anomalous.</s>"
784,"keep left","yellow","square",1,"True","Explanation: According to the background knowledge, objects of type 'keep left' should have the color 'blue'. The observation of a 'keep left' sign with the color 'yellow' is not allowed by the knowledge base, making it an anomaly. Similarly, objects of type 'keep left' should have the shape 'circle'. The observation of a 'keep left' sign with the shape 'square' is also not allowed by the knowledge base, making it an anomaly. Therefore, the overall anomaly score is 1.0.</s>"
785,"keep left","white","inverse triangle",1,"True","Explanation: According to the background knowledge, objects of type 'keep left' should have the shape 'circle' and color 'blue'. The observed shape 'inverse triangle' and color 'white' are not consistent with this, making the observation highly anomalous.</s>"
786,"keep left","white","triangle",1,"True","Explanation: According to the background knowledge, an object of type 'keep left' should have the color 'blue'. The observation that its color is 'white' is not allowed by the knowledge base, so it is considered anomalous.</s>"
787,"keep left","white","circle",1,"True","Explanation: According to the background knowledge, objects of type 'keep left' should have the color 'blue'. Therefore, an object of type 'keep left' with the color 'white' is considered anomalous.</s>"
788,"keep left","white","octagon",1,"True","Explanation: According to the background knowledge, objects of type 'keep left' should have the shape 'circle' and color 'blue'. The given observation of an object with type 'keep left', color 'white', and shape 'octagon' is not consistent with the background knowledge, making it highly probable to be an anomaly.</s>"
789,"keep left","white","square",1,"True","Explanation: According to the background knowledge, objects of type 'keep left' should have the color 'blue'. Therefore, an object of type 'keep left' with the color 'white' is considered anomalous.</s>"
790,"keep left","red","inverse triangle",1,"True","Explanation: According to the background knowledge, an object of type 'keep left' should have the shape 'circle' and the color 'blue'. The observation of an 'inverse triangle' shape and 'red' color is not allowed by the knowledge base, so it is considered an anomaly.</s>"
791,"keep left","red","triangle",1,"True","Explanation: According to the background knowledge, an object of type 'keep left' should have the shape 'circle' and the color 'blue'. However, the given observation states that the object has the shape 'triangle' and the color 'red', which is not consistent with the background knowledge. Therefore, the observation is considered an anomaly.</s>"
792,"keep left","red","circle",1,"True","Explanation: According to the background knowledge, objects of type 'keep left' should have the shape 'circle', but their color should be 'blue'. An object of type 'keep left' with color 'red' is not allowed by the knowledge base, so it is considered an anomaly.</s>"
793,"keep left","red","octagon",1,"True","Explanation: According to the background knowledge, an object of type 'keep left' should have the shape 'circle' and color 'blue'. The given observation of an object with type 'keep left', color 'red', and shape 'octagon' is not consistent with the background knowledge, making it highly probable to be an anomaly.</s>"
794,"keep left","red","square",1,"True","Explanation: According to the background knowledge, objects of type 'keep left' should have the shape 'circle' and the color 'blue'. The observed object has the color 'red' and the shape 'square', which are not consistent with the background knowledge. Therefore, the object is considered an anomaly.</s>"
795,"keep left","blue","inverse triangle",1,"True","Explanation: According to the background knowledge, objects of type 'keep left' should have the shape 'circle' and color 'blue'. However, the given observation has the shape 'inverse triangle' which is not allowed by the knowledge base, making it an anomaly.</s>"
796,"keep left","blue","triangle",1,"True","Explanation: According to the background knowledge, objects of type 'keep left' should have the shape 'circle' and color 'blue'. However, the given observation states that the object has the shape 'triangle', which is not allowed by the knowledge base. Therefore, the observation is considered an anomaly.</s>"
797,"keep left","blue","circle",0.95,"True","Explanation: According to the background knowledge, an object of type 'keep left' should have the color 'blue', but its shape should be 'triangle'. The given observation has the correct color, but the shape is 'circle' instead of 'triangle'. This inconsistency between the expected shape and the given shape leads to a high outlier score, indicating that the observation is anomalous.</s>"
798,"keep left","blue","octagon",1,"True","Explanation: According to the background knowledge, objects of type 'keep left' should have the shape 'circle' and color 'blue'. However, the given observation states that the object has the shape 'octagon', which is not allowed by the knowledge base. Therefore, the object is considered an anomaly. The high outlier score reflects this discrepancy.</s>"
799,"keep left","blue","square",1,"True","Explanation: According to the background knowledge, objects of type 'keep left' should have the shape 'circle' and color 'blue'. However, the given observation states that the object has the shape 'square', which is not allowed by the knowledge base. Therefore, the object is considered an anomaly. The high outlier score reflects this discrepancy.</s>"
800,"cycles crossing","yellow","inverse triangle",1,"True","Explanation: The given observation is anomalous because it contradicts the background knowledge. According to the knowledge base, all objects of type 'cycles crossing' should have the shape 'triangle', but the observation states that its shape is 'inverse triangle'. Additionally, the color 'yellow' is not mentioned in the knowledge base as a valid color for objects of type 'cycles crossing'.</s>"
801,"cycles crossing","yellow","triangle",1,"True","Explanation: According to the background knowledge, an object of type 'cycles crossing' should have the shape 'triangle' and the color 'red'. The observation states that the object has the shape 'triangle', but its color is 'yellow'. This is a contradiction to the background knowledge, therefore the observation is considered an anomaly.</s>"
802,"cycles crossing","yellow","circle",1,"True","Explanation: According to the background knowledge, an object of type 'cycles crossing' should have the color 'red'. The observation of this object having the color 'yellow' is not allowed by the knowledge base, making it an anomaly.</s>"
803,"cycles crossing","yellow","octagon",1,"True","Explanation: According to the background knowledge, an object of type 'cycles crossing' should have the color 'red' and the shape 'triangle'. The observation of this object having the color 'yellow' and the shape 'octagon' is unusual and does not conform to the expected attributes of this type of object. Therefore, the anomaly score is 1.0, indicating a high likelihood of this observation being anomalous.</s>"
804,"cycles crossing","yellow","square",1,"True","Explanation: According to the background knowledge, an object of type 'cycles crossing' should have the shape 'triangle' and the color 'red'. The given observation of a 'cycles crossing' object with a 'square' shape and 'yellow' color is not consistent with the background knowledge, making it highly probable to be an anomaly.</s>"
805,"cycles crossing","white","inverse triangle",1,"True","Explanation: According to the background knowledge, objects of type 'cycles crossing' should have the shape 'triangle' and the color 'red'. The given observation has the shape 'inverse triangle' and the color 'white', which is not consistent with the background knowledge. Therefore, the given observation is considered highly anomalous.</s>"
806,"cycles crossing","white","triangle",1,"True","Explanation: According to the background knowledge, the shape of a 'cycles crossing' is not a triangle, it is a triangle in this case, which is not expected. Therefore, this observation is considered an anomaly.</s>"
807,"cycles crossing","white","circle",1,"True","Explanation: According to the background knowledge, an object of type 'cycles crossing' should have the color 'red'. The fact that it has the color 'white' is therefore considered highly anomalous.</s>"
808,"cycles crossing","white","octagon",1,"True","Explanation: According to the background knowledge, an object of type 'cycles crossing' should have the shape 'triangle' and the color 'red'. The given observation of an object with type 'cycles crossing', color 'white', and shape 'octagon' is not consistent with the background knowledge, and therefore it is considered an anomaly.</s>"
809,"cycles crossing","white","square",1,"True","Explanation: According to the background knowledge, the shape of a 'cycles crossing' is not explicitly defined. However, all other properties of 'cycles crossing' are defined. Therefore, the shape being 'square' is considered anomalous because it does not match the typical shape of a 'cycles crossing'.</s>"
810,"cycles crossing","red","inverse triangle",1,"True","Explanation: According to the background knowledge, the shape of an object of type 'cycles crossing' should be a triangle, not an inverted triangle. Therefore, this observation is considered an anomaly.</s>"
811,"cycles crossing","red","triangle",1,"True","Explanation: According to the background knowledge, an object of type 'cycles crossing' should have the shape 'triangle', but its color should be 'red'. The observation states that the object is 'red' and has the shape 'triangle', which matches the criteria for 'cycles crossing'. However, the fact that the object has the shape 'triangle' is unexpected, making this observation an anomaly. Therefore, the probability of this observation being anomalous is 1.0.</s>"
812,"cycles crossing","red","circle",0.99,"True","Explanation: According to the background knowledge, all objects of type 'cycles crossing' should have the shape 'triangle' and the color 'red'. The observation that the shape is 'circle' is highly anomalous. The color 'red' is correct, but since the shape is incorrect, the overall anomaly score is high.</s>"
813,"cycles crossing","red","octagon",1,"True","Explanation: According to the background knowledge, the shape of an object of type 'cycles crossing' should be 'triangle', but the observation states that its shape is 'octagon'. This is a significant deviation from the expected properties of this type of object, and therefore it is considered to be an anomaly. The color 'red' is not explicitly mentioned as a valid color for this type of object, but it is not a significant deviation from the expected properties, so it does not contribute to the anomaly score.</s>"
814,"cycles crossing","red","square",1,"True","Explanation: According to the background knowledge, the shape of an object of type 'cycles crossing' is not explicitly defined. However, all other properties such as color are defined. Therefore, an object of type 'cycles crossing' with an unexpected shape (in this case, 'square') is considered anomalous.</s>"
815,"cycles crossing","blue","inverse triangle",1,"True","Explanation: According to the background knowledge, objects of type 'cycles crossing' should have the shape 'triangle' and color 'red'. The given observation has the color 'blue' and shape 'inverse triangle', which is not in the knowledge base. Therefore, the given observation is considered highly anomalous.</s>"
816,"cycles crossing","blue","triangle",1,"True","Explanation: According to the background knowledge, the shape of a 'cycles crossing' is a triangle, but its color should be red. However, in this observation, the color is blue. This is a combination of characteristics that is not allowed by the knowledge base, so it is considered an anomaly. The high outlier score reflects the high level of unexpectedness of this observation.</s>"
817,"cycles crossing","blue","circle",1,"True","Explanation: According to the background knowledge, the object of type 'cycles crossing' should have the color 'red' and the shape 'triangle'. The observation of this object having the color 'blue' and the shape 'circle' is very different from what is typical, so it is highly probable that this observation is an anomaly.</s>"
818,"cycles crossing","blue","octagon",1,"True","Explanation: According to the background knowledge, the shape of a 'cycles crossing' is a triangle, and its color is red. The observation of a blue-colored, octagonal 'cycles crossing' is not consistent with this knowledge, making it highly probable to be an anomaly.</s>"
819,"cycles crossing","blue","square",1,"True","Explanation: According to the background knowledge, the shape of a 'cycles crossing' sign should be 'triangle', but the observation states that its shape is 'square'. This is a significant deviation from the expected shape, making the observation highly anomalous.</s>"
820,"give way","yellow","inverse triangle",1,"True","Explanation: According to the background knowledge, the color of an object of type 'give way' should be 'red', but the observation states that its color is 'yellow'. This is a clear violation of the given knowledge, so the outlier score is 1.0.</s>"
821,"give way","yellow","triangle",1,"True","Explanation: According to the background knowledge, the color of an object of type 'give way' should be 'red', but the observation states that its color is 'yellow'. This is a significant deviation from the expected color, and therefore the observation is considered highly anomalous.</s>"
822,"give way","yellow","circle",1,"True","Explanation: According to the background knowledge, an object of type 'give way' should have the color 'red' and the shape 'inverted triangle'. The observation of this object having the color 'yellow' and the shape 'circle' is very different from what is typical, so it is highly probable that this observation is an anomaly.</s>"
823,"give way","yellow","octagon",1,"True","Explanation: According to the background knowledge, an object of type 'give way' should have the color 'red' and the shape 'inverted triangle'. The observation of this object having the color 'yellow' and the shape 'octagon' is very different from what is typical, and therefore it is highly probable that this observation is an anomaly.</s>"
824,"give way","yellow","square",1,"True","Explanation: According to the background knowledge, the color of an object of type 'give way' should be 'red' and its shape should be 'inverted triangle'. The observation of the object having color 'yellow' and shape 'square' is not allowed by the knowledge base, making it an anomaly.</s>"
825,"give way","white","inverse triangle",1,"True","Explanation: According to the background knowledge, the color of an object of type 'give way' should be 'red', but the observation states that its color is 'white'. This is a clear violation of the given background knowledge, making the observation an anomaly.</s>"
826,"give way","white","triangle",1,"True","Explanation: According to the background knowledge, an object of type 'give way' should have the color 'red' and the shape 'inverted triangle'. The observation of the object having the color 'white' and the shape 'triangle' is unusual and does not conform to the background knowledge, resulting in a high outlier score.</s>"
827,"give way","white","circle",0.95,"True","Explanation: According to the background knowledge, an object of type 'give way' should have the shape 'inverted triangle' and the color 'red'. The given observation has a shape 'circle' and color 'white', which is not consistent with the background knowledge. Therefore, the outlier score is close to 1.</s>"
828,"give way","white","octagon",1,"True","Explanation: According to the background knowledge, an object of type 'give way' should have the shape 'inverse triangle' and the color 'red'. The observation of an object of this type having the shape 'octagon' and color 'white' is unusual and does not conform to the expected attributes of this type. Therefore, the anomaly score is 1.0, indicating a high likelihood of anomaly.</s>"
829,"give way","white","square",1,"True","Explanation: According to the background knowledge, an object of type 'give way' should have the shape 'inverse triangle' and the color 'red'. The given observation of a 'give way' sign with a 'square' shape and 'white' color is not consistent with this information, making it highly probable to be an anomaly.</s>"
830,"give way","red","inverse triangle",1,"True","Explanation: According to the background knowledge, the color of an object of type 'give way' should be red, which is correct. However, the shape of an object of type 'give way' should be a triangle, not an inverted triangle. Therefore, this observation is considered anomalous.</s>"
831,"give way","red","triangle",1,"True","Explanation: According to the background knowledge, an object of type 'give way' should have the shape 'inverted triangle' and the color 'red'. The observation of a 'give way' sign with the shape 'triangle' is considered an anomaly.</s>"
832,"give way","red","circle",0.99,"True","Explanation: According to the background knowledge, the object of type 'give way' should have the shape 'inverted triangle' and the color 'red'. However, the observation states that its shape is 'circle', which is not consistent with the background knowledge. Therefore, this observation is highly anomalous.</s>"
833,"give way","red","octagon",1,"True","Explanation: According to the background knowledge, an object of type 'give way' should have the shape 'inverse triangle' and the color 'red'. The observation of an object of type 'give way' with the shape 'octagon' is therefore considered an anomaly.</s>"
834,"give way","red","square",1,"True","Explanation: According to the background knowledge, the object of type 'give way' should have the shape 'inverse triangle' and the color 'red'. However, the observation states that the shape is 'square', which is not consistent with the background knowledge. Therefore, the observation is considered an anomaly.</s>"
835,"give way","blue","inverse triangle",1,"True","Explanation: According to the background knowledge, an object of type 'give way' should have the color 'red' and the shape 'inverse triangle'. The observation that its color is 'blue' makes this object an anomaly. Therefore, the anomaly score is 1.0, indicating a high probability of the given observation being anomalous.</s>"
836,"give way","blue","triangle",1,"True","Explanation: According to the background knowledge, the object of type 'give way' should have the color 'red' and the shape 'inverse triangle'. The observation of this object having the color 'blue' and the shape 'triangle' is therefore considered highly anomalous.</s>"
837,"give way","blue","circle",1,"True","Explanation: According to the background knowledge, an object of type 'give way' should have the color 'red' and the shape 'inverse triangle'. The observation of this object having the color 'blue' and the shape 'circle' is very different from what is typical, so it is highly probable that this observation is an anomaly.</s>"
838,"give way","blue","octagon",1,"True","Explanation: According to the background knowledge, an object of type 'give way' should have the shape 'inverse triangle' and the color 'red'. The observation of an object of type 'give way' with the color 'blue' and the shape 'octagon' is therefore considered highly anomalous.</s>"
839,"give way","blue","square",1,"True","Explanation: According to the background knowledge, an object of type 'give way' should have the shape 'inverted triangle' and the color 'red'. The observed object has the shape 'square' and the color 'blue', which are not consistent with the background knowledge. Therefore, the object is considered an anomaly.</s>"
840,"danger","yellow","inverse triangle",1,"True","Explanation: According to the background knowledge, objects of type 'danger' should have a shape of 'triangle' and color 'red'. The given observation has a shape of 'inverse triangle' and color 'yellow', which is not consistent with the background knowledge. Therefore, the observation is highly anomalous.</s>"
841,"danger","yellow","triangle",1,"True","Explanation: According to the background knowledge, an object of type 'danger' should have the color 'red'. The observation that the color of this object is 'yellow' is therefore anomalous.</s>"
842,"danger","yellow","circle",1,"True","Explanation: According to the background knowledge, objects of type 'danger' should have the shape 'triangle' and the color 'red'. The given observation of a 'danger' object with a 'circle' shape and 'yellow' color is not consistent with the background knowledge, making it highly probable to be an anomaly.</s>"
843,"danger","yellow","octagon",1,"True","Explanation: According to the background knowledge, an object of type 'danger' should have the shape 'triangle' and the color 'red'. The given observation of an object with type 'danger', color 'yellow', and shape 'octagon' is not consistent with the background knowledge, and therefore it is considered an anomaly.</s>"
844,"danger","yellow","square",1,"True","Explanation: According to the background knowledge, an object of type 'danger' should have the shape 'triangle' and the color 'red'. The given observation of a 'danger' sign with a 'square' shape and 'yellow' color is not consistent with the background knowledge, making it highly probable to be an anomaly.</s>"
845,"danger","white","inverse triangle",1,"True","Explanation: According to the background knowledge, objects of type 'danger' should have the shape 'triangle' and the color 'red'. The given observation has the shape 'inverse triangle' and the color 'white', which is not consistent with the background knowledge. Therefore, the given observation is considered highly anomalous.</s>"
846,"danger","white","triangle",1,"True","Explanation: According to the background knowledge, an object of type 'danger' should have the color 'red'. The fact that it has the color 'white' instead is considered anomalous.</s>"
847,"danger","white","circle",1,"True","Explanation: According to the background knowledge, objects of type 'danger' should have the shape 'triangle' and color 'red'. Therefore, an object of type 'danger' with color 'white' and shape 'circle' is highly anomalous.</s>"
848,"danger","white","octagon",1,"True","Explanation: According to the background knowledge, an object of type 'danger' should have the shape 'triangle' and the color 'red'. The given observation of an 'octagon' shape and 'white' color is not consistent with the background knowledge, making it highly probable to be an anomaly.</s>"
849,"danger","white","square",1,"True","Explanation: According to the background knowledge, objects of type 'danger' should have the shape 'triangle' and the color 'red'. The observed shape 'square' and color 'white' are not consistent with this knowledge, making the observation highly anomalous.</s>"
850,"danger","red","inverse triangle",1,"True","Explanation: According to the background knowledge, objects of type 'danger' should have the shape 'triangle'. Therefore, an object of type 'danger' with the shape 'inverse triangle' is considered anomalous.</s>"
851,"danger","red","triangle",0.95,"True","Explanation: According to the background knowledge, an object of type 'danger' should have the shape 'triangle', which is correct. However, the color of this object is also 'red', which is not explicitly mentioned in the background knowledge. The only shapes that have a color explicitly mentioned are 'red' for all shapes except 'uneven road', 'slippery road', 'road narrows', 'construction', 'go right', 'go left', 'go straight', 'go right or straight', 'go left or straight', 'keep right',"
852,"danger","red","circle",0.95,"True","Explanation: Based on the given background knowledge, an object of type 'danger' should have the shape 'triangle'. Therefore, a 'danger' object with the shape 'circle' is highly anomalous.</s>"
853,"danger","red","octagon",1,"True","Explanation: Based on the background knowledge provided, all objects of type 'danger' should have the shape 'triangle'. Therefore, an object of type 'danger' with the shape 'octagon' is considered an anomaly.</s>"
854,"danger","red","square",0.95,"True","Explanation: According to the background knowledge, an object of type 'danger' should have the shape 'triangle' and the color 'red'. The observation that the shape is 'square' is highly anomalous, as it does not match the expected shape for this type of object.</s>"
855,"danger","blue","inverse triangle",1,"True","Explanation: The given observation is anomalous because it contradicts the background knowledge. According to the knowledge base, objects of type 'danger' should have the shape 'triangle' and color 'red'. However, the observation states that the object has the shape 'inverse triangle' and color 'blue', which is not allowed by the knowledge base. Therefore, the outlier score is 1.0, indicating a high probability of anomaly.</s>"
856,"danger","blue","triangle",1,"True","Explanation: According to the background knowledge, an object of type 'danger' should have the color 'red', but the observation states that its color is 'blue'. This is a clear violation of the given background knowledge, making the observation an anomaly.</s>"
857,"danger","blue","circle",1,"True","Explanation: According to the background knowledge, an object of type 'danger' should have the shape 'triangle' and the color 'red'. The observation of a 'danger' object with the color 'blue' and the shape 'circle' is an anomaly since it does not follow any of the allowed shapes or colors for this type of object.</s>"
858,"danger","blue","octagon",1,"True","Explanation: According to the background knowledge, an object of type 'danger' should have the shape 'triangle' and the color 'red'. The observation of an 'octagon' shape and 'blue' color is not consistent with the background knowledge, making this observation highly anomalous.</s>"
859,"danger","blue","square",1,"True","Explanation: According to the background knowledge, an object of type 'danger' should have the shape 'triangle' and the color 'red'. The observation of an object with type 'danger' having the color 'blue' and shape 'square' is therefore considered highly anomalous.</s>"
